feature1,feature2,feature3,feature4,feature5,feature6,feature7,feature8,feature9,feature10,feature11,feature12,feature13,feature14,feature15,feature16,feature17,feature18,feature19,feature20,feature21,feature22,feature23,feature24,feature25,feature26,feature27,feature28,feature29,feature30,feature31,feature32,feature33,feature34,feature35,feature36,feature37,feature38,feature39,feature40,feature41,feature42,feature43,feature44,feature45,feature46,feature47,feature48,feature49,feature50,feature51,feature52,feature53,feature54,feature55,feature56,feature57,feature58,feature59,feature60,feature61,feature62,feature63,feature64,feature65,feature66,feature67,feature68,feature69,feature70,feature71,feature72,feature73,feature74,feature75,feature76,feature77,feature78,feature79,feature80,feature81,feature82,feature83,feature84,feature85,feature86,feature87,feature88,feature89,feature90,feature91,feature92,feature93,feature94,feature95,feature96,feature97,feature98,feature99,feature100,feature101,feature102,feature103,feature104,feature105,feature106,feature107,feature108,feature109,feature110,feature111,feature112,feature113,feature114,feature115,feature116,feature117,feature118,feature119,feature120,feature121,feature122,feature123,feature124,feature125,feature126,feature127,feature128,feature129,feature130,feature131,feature132,feature133,feature134,feature135,feature136,feature137,feature138,feature139,feature140,feature141,feature142,feature143,feature144,feature145,feature146,feature147,feature148,feature149,feature150,feature151,feature152,feature153,feature154,feature155,feature156,feature157,feature158,feature159,feature160,feature161,feature162,feature163,feature164,feature165,feature166,feature167,feature168,feature169,feature170,feature171,feature172,feature173,feature174,feature175,feature176,feature177,feature178,feature179,feature180,feature181,feature182,feature183,feature184,feature185,feature186,feature187,feature188,feature189,feature190,feature191,feature192,feature193,feature194,feature195,feature196,feature197,feature198,feature199,feature200,feature201,feature202,feature203,feature204,feature205,feature206,feature207,feature208,feature209,feature210,feature211,feature212,feature213,feature214,feature215,feature216,feature217,feature218,feature219,feature220,feature221,feature222,feature223,feature224,feature225,feature226,feature227,feature228,feature229,feature230,feature231,feature232,feature233,feature234,feature235,feature236,feature237,feature238,feature239,feature240,feature241,feature242,feature243,feature244,feature245,feature246,feature247,feature248,feature249,feature250,feature251,feature252,feature253,feature254,feature255,feature256,feature257,feature258,feature259,feature260,feature261,feature262,feature263,feature264,feature265,feature266,feature267,feature268,feature269,feature270,feature271,feature272,feature273,feature274,feature275,feature276,feature277,feature278,feature279,feature280,feature281,feature282,feature283,feature284,feature285,feature286,feature287,feature288,feature289,feature290,feature291,feature292,feature293,feature294,feature295,feature296,feature297,feature298,feature299,feature300,feature301,feature302,feature303,feature304,feature305,feature306,feature307,feature308,feature309,feature310,feature311,feature312,feature313,feature314,feature315,feature316,feature317,feature318,feature319,feature320,feature321,feature322,feature323,feature324,feature325,feature326,feature327,feature328,feature329,feature330,feature331,feature332,feature333,feature334,feature335,feature336,feature337,feature338,feature339,feature340,feature341,feature342,feature343,feature344,feature345,feature346,feature347,feature348,feature349,feature350,feature351,feature352,feature353,feature354,feature355,feature356,feature357,feature358,feature359,feature360,feature361,feature362,feature363,feature364,feature365,feature366,feature367,feature368,feature369,feature370,feature371,feature372,feature373,feature374,feature375,feature376,feature377,feature378,feature379,feature380,feature381,feature382,feature383,feature384,feature385,feature386,feature387,feature388,feature389,feature390,feature391,feature392,feature393,feature394,feature395,feature396,feature397,feature398,feature399,feature400,feature401,feature402,feature403,feature404,feature405,feature406,feature407,feature408,feature409,feature410,feature411,feature412,feature413,feature414,feature415,feature416,feature417,feature418,feature419,feature420,feature421,feature422,feature423,feature424,feature425,feature426,feature427,feature428,feature429,feature430,feature431,feature432,feature433,feature434,feature435,feature436,feature437,feature438,feature439,feature440,feature441,feature442,feature443,feature444,feature445,feature446,feature447,feature448,feature449,feature450,feature451,feature452,feature453,feature454,feature455,feature456,feature457,feature458,feature459,feature460,feature461,feature462,feature463,feature464,feature465,feature466,feature467,feature468,feature469,feature470,feature471,feature472,feature473,feature474,feature475,feature476,feature477,feature478,feature479,feature480,feature481,feature482,feature483,feature484,feature485,feature486,feature487,feature488,feature489,feature490,feature491,feature492,feature493,feature494,feature495,feature496,feature497,feature498,feature499,feature500,feature501,feature502,feature503,feature504,feature505,feature506,feature507,feature508,feature509,feature510,feature511,feature512,feature513,feature514,feature515,feature516,feature517,feature518,feature519,feature520,feature521,feature522,feature523,feature524,feature525,feature526,feature527,feature528,feature529,feature530,feature531,feature532,feature533,feature534,feature535,feature536,feature537,feature538,feature539,feature540,feature541,feature542,feature543,feature544,feature545,feature546,feature547,feature548,feature549,feature550,feature551,feature552,feature553,feature554,feature555,feature556,feature557,feature558,feature559,feature560,feature561,feature562,feature563,feature564,feature565,feature566,feature567,feature568,feature569,feature570,feature571,feature572,feature573,feature574,feature575,feature576,class
0,0,0,0,0,0,0,0,0,0,0,0,0,0,0,0,0,0,0,0,0,0,0,0,0,0,0,0,0,0,0,0,0,0,0,0,1,5,0,0,0,0,0,0,0,0,0,0,0,0,0,0,0,0,0,0,0,0,1,0,2,3,1,6,11,19,20,24,26,17,8,0,0,0,1,0,0,0,0,0,0,0,1,1,2,3,6,32,96,116,155,202,202,167,10,0,0,0,0,1,1,1,1,3,0,0,3,1,2,5,28,103,192,227,236,224,159,57,10,0,0,0,1,2,2,1,0,2,6,2,1,3,8,28,87,190,239,247,231,169,71,11,3,0,0,0,1,2,2,1,3,4,5,4,5,16,46,135,183,239,244,230,182,84,14,3,1,0,0,0,0,1,3,3,3,3,2,5,22,111,201,234,239,235,205,155,94,15,4,1,1,0,0,1,0,1,3,1,1,4,3,16,91,200,243,246,221,146,59,21,13,7,2,3,4,0,0,1,1,1,4,2,8,13,32,76,186,239,242,223,155,59,13,5,3,3,3,1,1,0,1,2,2,3,4,8,31,73,147,190,233,214,172,132,66,13,6,4,2,3,2,0,1,0,0,1,2,2,11,34,102,194,234,240,210,122,38,15,10,7,5,4,3,2,1,0,0,0,0,0,5,14,46,129,188,236,239,218,135,37,7,2,3,4,3,3,2,0,0,0,0,0,0,5,17,111,190,226,235,230,187,140,38,7,2,1,4,4,1,0,1,2,2,1,0,0,0,19,88,201,241,244,210,108,37,18,8,1,3,0,0,2,2,0,1,3,3,2,0,0,0,91,176,232,234,209,125,38,8,4,1,3,1,0,0,0,0,0,0,0,1,0,0,0,0,188,223,201,125,96,42,11,4,2,5,1,1,1,0,0,0,0,0,0,1,1,0,0,0,154,196,101,23,14,8,4,3,3,2,0,1,0,0,0,0,0,0,0,0,0,0,0,0,61,112,33,8,2,4,3,5,2,1,0,0,0,0,0,0,0,0,0,0,0,0,0,0,20,32,9,5,3,5,2,1,0,1,4,0,0,0,0,0,0,0,0,0,0,0,0,0,2,2,1,2,3,5,1,1,1,2,3,1,0,0,0,0,0,0,0,0,0,0,0,0,0,0,0,0,0,1,0,1,1,0,1,0,0,0,0,0,0,0,0,0,0,0,0,0,0,0,0,0,0,0,0,0,0,0,0,0,0,0,0,0,0,0,0,0,0,0,0,0,0,0,0,0,0,0,0,0,0,0,0,0,0,0,0,0,0,0,0,0,0,0,0,2
0,0,0,0,0,0,0,0,2,7,3,6,5,5,0,0,0,0,0,0,0,0,0,0,0,0,0,0,0,0,0,0,1,1,1,0,1,1,1,1,6,6,2,5,1,4,8,0,0,0,0,0,0,0,0,0,0,0,0,1,3,7,1,6,5,2,2,3,10,23,94,95,0,0,0,0,0,0,0,0,1,1,0,3,5,2,1,2,4,7,12,23,25,115,194,245,0,0,0,0,0,0,0,0,2,1,0,4,6,1,3,8,9,13,49,135,144,207,240,251,0,1,0,1,2,3,0,1,3,2,2,3,5,6,8,21,64,78,156,222,228,238,236,227,0,3,1,0,2,4,1,1,2,2,2,2,6,18,89,92,166,221,242,244,243,201,124,25,0,2,1,0,3,4,6,3,1,2,3,7,26,107,184,188,230,247,245,238,197,106,36,8,4,1,4,3,2,5,4,6,9,12,16,40,119,202,235,240,244,228,187,178,92,31,7,3,8,5,2,3,5,3,5,12,61,127,70,134,209,241,244,239,213,154,72,66,25,6,2,1,5,3,1,4,6,7,13,74,155,211,215,235,239,216,209,149,72,20,14,9,7,2,2,4,5,3,4,8,24,27,81,171,226,246,249,240,199,125,121,54,14,7,2,3,4,3,2,1,1,9,18,47,102,106,185,231,245,234,230,190,101,38,36,10,5,4,1,1,4,3,0,0,2,44,117,195,204,205,236,237,217,168,166,89,24,8,3,4,4,4,1,4,4,2,1,0,42,133,207,243,245,242,221,156,80,79,21,13,5,2,3,4,6,5,1,4,3,1,2,0,153,216,245,240,217,211,144,60,15,7,4,2,2,1,4,6,3,1,0,1,3,3,4,4,238,245,237,203,131,129,45,11,5,3,1,2,3,2,1,1,4,1,1,2,3,2,1,0,254,225,181,107,105,29,11,4,2,4,2,4,2,2,1,0,0,0,1,1,1,0,0,0,186,96,25,17,10,11,4,4,2,2,6,1,1,1,1,0,0,0,0,0,0,0,0,0,64,14,6,1,4,3,2,3,6,4,1,0,0,0,0,0,0,0,0,0,0,0,0,0,0,3,1,4,2,6,3,0,1,1,2,2,2,0,0,0,0,0,0,0,0,0,0,0,0,3,5,1,9,4,1,0,1,1,1,5,4,1,0,0,0,0,0,0,0,0,0,0,0,0,0,0,1,5,4,1,0,4,5,3,1,1,0,0,0,0,0,0,0,0,0,0,0,0,0,0,0,0,0,0,1,0,0,0,3,0,0,0,0,0,0,0,0,0,0,0,2
0,0,0,0,0,0,0,0,0,0,0,0,0,0,0,0,0,0,0,0,0,0,0,0,0,0,0,0,0,0,0,0,0,0,4,8,11,6,1,0,0,0,0,0,0,0,0,0,0,0,0,0,0,0,0,0,0,3,18,70,99,34,4,5,2,0,0,0,0,0,0,0,0,0,0,0,0,0,0,0,5,19,52,149,196,70,12,4,1,0,0,0,0,0,0,0,0,0,0,0,0,0,0,1,22,100,182,225,224,127,30,3,0,0,0,0,0,0,0,0,0,0,1,0,0,1,1,6,40,144,230,239,230,94,17,2,0,0,0,0,0,0,0,0,0,0,0,1,1,5,12,33,110,206,245,251,236,109,26,3,0,0,0,0,0,0,0,0,0,0,0,1,0,9,95,163,230,244,252,253,238,174,55,5,0,0,0,0,0,0,0,0,0,0,1,1,6,26,120,222,244,251,250,252,239,125,38,8,1,0,0,0,0,0,0,0,0,2,1,6,32,118,152,232,248,251,250,251,245,185,83,21,3,2,2,0,0,1,0,0,2,1,4,24,116,216,222,244,253,253,253,253,250,238,158,42,6,3,2,0,2,3,0,0,2,5,14,74,179,240,249,249,253,254,253,253,252,243,170,41,5,2,1,1,3,2,0,0,2,33,88,139,222,249,252,251,253,254,254,252,252,245,162,37,4,1,2,0,1,1,0,0,8,104,188,215,243,252,251,253,254,254,253,253,252,249,215,77,13,4,4,1,1,0,0,0,20,178,232,248,252,253,252,253,253,253,251,251,252,250,229,140,43,5,4,1,1,1,0,0,205,205,237,249,252,253,253,254,253,253,252,252,253,248,233,143,36,6,3,0,1,0,0,0,192,189,212,235,243,250,253,253,253,253,252,253,253,251,239,149,31,6,3,0,1,0,0,0,41,65,120,175,191,230,242,247,251,252,252,252,252,252,242,195,96,10,3,0,2,0,0,0,2,17,41,50,63,161,181,203,237,245,247,250,252,251,237,193,103,17,3,2,1,0,0,0,6,3,5,7,13,41,54,87,171,187,213,236,243,246,240,221,151,22,2,1,0,0,0,0,2,1,0,1,2,3,7,19,46,58,120,177,186,202,233,230,163,28,3,1,0,0,0,0,0,0,0,0,0,0,0,2,4,9,30,52,58,71,166,184,170,40,2,1,0,0,0,0,0,0,0,0,0,0,0,0,0,1,3,6,6,13,46,59,48,13,1,0,0,0,0,0,0,0,0,0,0,0,0,0,0,0,0,0,1,1,2,3,3,3,0,0,0,0,0,0,0
0,0,0,0,0,0,0,0,0,0,0,0,0,0,0,0,0,0,0,0,0,0,0,0,0,0,0,0,0,0,0,0,0,0,0,0,0,0,2,6,4,4,0,0,0,0,0,0,0,0,0,0,1,0,0,0,0,0,0,0,0,0,1,1,1,0,0,0,0,0,0,0,0,0,0,1,1,1,0,1,0,0,0,0,0,1,0,1,1,0,1,1,1,1,0,0,0,0,0,1,4,2,3,0,0,1,0,0,2,1,1,1,5,8,1,7,8,10,0,0,0,0,0,0,1,1,2,1,1,5,1,1,1,0,4,7,1,1,1,2,2,2,1,0,0,1,0,0,1,1,5,1,5,3,7,0,1,2,1,2,0,2,7,1,6,12,21,0,0,2,1,1,6,5,5,1,4,5,4,1,2,2,5,6,11,11,17,27,32,136,146,159,0,2,3,3,4,2,2,5,4,4,7,8,13,14,18,97,33,121,133,137,215,226,232,246,0,4,1,1,4,4,8,11,17,15,24,88,102,104,117,125,211,216,238,226,243,246,247,254,0,3,3,5,16,21,27,84,91,179,110,194,206,209,235,238,241,240,238,239,191,184,223,187,9,23,27,69,79,178,187,192,202,207,241,242,246,239,237,231,195,186,93,177,162,67,54,3,41,166,185,224,235,206,242,245,244,240,211,231,200,190,100,87,84,76,64,22,18,11,4,1,255,240,248,242,246,241,220,213,208,192,111,99,90,27,71,12,13,14,9,5,4,1,0,0,255,241,229,216,139,198,131,114,32,23,18,12,11,8,4,7,5,5,3,3,4,3,2,5,146,140,139,122,30,25,19,12,7,3,1,2,1,3,5,5,5,1,6,6,1,2,1,2,8,18,17,16,7,8,3,3,5,2,2,4,2,3,7,5,1,5,5,3,1,0,1,0,7,5,1,1,6,2,1,3,7,2,3,4,1,1,4,3,1,1,3,1,0,0,1,0,1,0,1,10,8,0,0,3,5,1,1,2,2,0,0,1,0,3,2,2,3,1,0,0,0,0,1,10,2,0,0,0,2,0,0,1,0,0,0,0,0,1,3,1,1,0,0,0,0,0,1,6,2,0,4,2,1,1,0,0,0,0,0,0,0,0,0,1,1,0,0,0,0,0,0,0,0,0,4,5,5,2,1,0,0,0,0,0,0,0,0,2,0,0,0,0,0,0,0,0,0,0,0,1,2,0,0,0,0,0,0,0,0,0,0,0,0,0,0,0,0,0,0,0,0,0,0,0,5,0,0,0,0,0,0,0,0,0,0,0,0,0,0,0,2
0,0,0,0,0,0,0,0,0,0,0,1,1,0,3,5,4,1,0,2,0,0,0,0,0,0,0,0,0,0,0,0,0,0,0,0,0,1,3,4,3,2,1,2,0,0,0,0,0,1,0,1,1,1,1,0,0,0,0,0,1,2,1,2,2,2,2,2,1,0,0,0,0,2,0,1,2,2,0,0,0,0,1,1,7,12,17,21,26,28,15,3,2,0,0,0,0,3,2,1,1,1,2,7,12,16,16,17,26,128,139,142,141,119,48,6,2,0,0,0,0,4,7,10,14,17,18,49,121,133,138,140,150,217,227,224,208,142,44,6,2,0,0,0,0,11,22,88,119,125,132,145,187,230,232,230,234,245,249,243,214,116,18,2,2,0,0,0,0,96,127,199,221,225,230,235,243,250,253,251,251,251,252,246,211,122,25,2,2,1,0,0,0,149,215,242,249,251,252,252,253,253,254,254,253,253,253,242,200,120,27,2,2,2,0,0,0,107,211,238,249,252,252,252,252,253,253,253,253,253,252,237,168,59,8,2,1,2,0,0,0,22,137,195,236,250,252,253,252,253,253,253,253,252,250,227,133,19,3,1,1,2,0,0,0,8,55,114,214,245,252,253,251,253,254,253,252,251,245,202,99,12,2,2,2,2,0,0,2,4,6,29,188,239,251,252,252,253,254,252,251,250,236,162,47,7,1,2,2,1,1,0,0,2,2,19,155,229,249,251,252,254,254,253,251,248,226,141,55,6,0,1,0,0,0,0,0,3,3,11,80,187,224,244,251,254,254,254,253,248,222,140,69,5,0,0,0,2,3,0,0,2,1,4,27,94,146,225,250,253,253,254,253,249,226,140,26,4,0,1,0,3,7,0,0,1,0,4,5,14,84,203,246,252,252,252,252,246,214,118,14,1,1,2,1,3,3,0,0,2,0,4,0,6,64,176,236,251,251,250,251,244,193,70,8,1,1,1,1,1,0,0,0,0,0,1,3,6,32,117,210,246,251,250,250,238,171,22,3,1,0,0,0,0,0,0,0,0,3,1,3,3,9,57,157,227,249,253,249,214,112,13,0,0,0,0,0,0,0,0,0,2,3,1,1,0,3,12,86,177,225,246,247,182,67,13,1,0,0,0,0,0,0,0,0,4,0,0,0,0,0,3,12,53,153,226,239,220,123,15,1,0,0,0,0,0,0,0,0,0,0,0,0,0,0,0,1,15,112,212,237,193,90,15,1,0,0,0,0,0,0,0,0,0,0,0,0,0,0,0,0,0,100,216,252,150,19,0,0,0,0,0,0,0,0,0,0
0,0,0,0,0,2,7,2,0,2,4,2,0,0,0,0,0,0,0,0,0,0,0,0,0,0,0,0,3,5,3,6,4,1,0,1,2,1,0,0,0,0,0,0,0,0,0,0,0,0,0,0,0,2,3,9,18,20,13,7,4,2,1,0,0,0,0,0,0,0,0,0,0,0,0,0,1,4,12,49,130,170,105,24,3,0,0,0,0,0,0,0,0,0,0,0,0,0,0,2,9,21,62,151,216,231,148,42,10,3,0,0,0,0,0,0,0,0,0,0,0,0,0,7,52,136,183,228,241,240,198,109,29,3,0,0,0,0,0,0,0,0,0,0,1,1,7,28,100,205,232,247,250,244,171,66,15,3,0,0,0,0,0,0,0,0,0,0,5,9,35,103,194,238,249,252,253,249,218,144,50,9,3,1,0,0,0,0,0,0,0,0,2,21,101,194,243,250,252,250,250,250,244,211,138,41,5,1,2,4,1,1,1,0,1,0,3,61,161,238,251,253,252,252,251,251,247,235,191,67,14,3,1,2,1,1,4,5,1,0,61,152,218,249,252,251,253,253,253,253,250,244,220,149,52,7,1,2,1,0,2,3,1,0,186,221,245,251,251,251,253,254,254,253,251,248,243,218,92,21,3,0,1,1,1,1,1,0,246,243,249,253,251,251,253,254,254,253,251,251,251,238,166,66,8,1,2,2,2,1,1,0,248,250,252,252,251,251,253,253,253,253,252,252,252,248,224,118,29,5,1,2,2,2,2,0,249,252,251,252,252,252,253,252,253,254,253,253,253,252,240,182,89,12,1,2,2,2,3,0,251,238,239,242,246,251,252,252,253,253,253,252,252,251,249,230,153,35,6,1,2,2,1,0,155,147,152,163,201,235,241,241,242,241,241,240,240,240,239,231,188,88,15,2,1,2,0,0,1,19,20,24,86,147,157,162,167,167,168,169,171,174,176,180,181,123,35,6,3,2,0,0,1,2,2,4,9,15,19,20,20,22,22,22,28,34,40,50,104,98,30,5,3,2,0,0,1,2,2,1,0,0,0,0,1,1,1,2,3,3,4,8,20,23,10,3,2,0,0,0,0,1,1,0,1,0,0,0,0,0,0,0,0,2,4,4,3,2,2,1,2,0,0,0,0,0,0,0,0,0,0,0,0,0,0,0,1,2,1,1,3,1,1,1,1,0,0,0,0,0,0,0,0,0,0,0,0,0,0,0,0,1,3,2,0,0,0,0,1,0,0,0,0,0,0,0,0,0,0,0,0,0,0,0,0,0,0,0,0,0,0,0,0,0,0,0,0
0,0,0,0,0,0,0,0,0,0,0,0,0,0,0,0,0,0,0,0,0,0,0,0,0,0,0,0,0,0,0,0,0,0,0,0,0,2,3,6,1,8,0,0,0,0,0,0,0,0,0,0,0,0,0,0,0,0,0,2,3,7,7,7,2,2,0,0,0,0,0,0,0,0,0,0,0,0,0,0,0,0,1,11,16,27,93,11,3,0,0,0,0,0,0,0,0,0,0,0,0,0,0,0,0,5,14,29,149,181,144,25,6,1,0,0,0,0,0,0,0,0,0,0,0,0,0,3,12,25,124,190,229,241,219,128,17,5,0,0,0,0,0,0,0,1,1,1,0,1,2,14,80,198,228,247,251,252,244,164,125,11,0,0,0,0,0,0,0,5,0,1,3,11,21,64,224,246,253,253,253,254,250,238,148,25,6,0,0,0,0,0,0,1,3,12,30,53,203,235,245,254,254,254,255,255,255,246,171,133,13,0,0,0,0,0,0,3,10,59,142,231,244,253,254,254,255,255,255,255,255,251,242,162,40,6,0,0,0,0,0,1,12,146,227,246,253,254,255,255,255,255,255,255,255,255,250,232,139,14,1,0,0,0,0,0,10,76,200,248,254,254,255,255,255,255,255,255,255,255,254,246,173,51,7,0,0,0,0,0,4,19,166,239,253,255,255,255,255,255,255,255,255,255,255,251,233,141,17,3,0,0,0,0,0,9,55,195,249,254,255,255,255,255,255,255,255,255,254,253,244,179,62,8,1,0,0,0,0,2,31,161,236,251,254,255,255,255,255,255,255,254,253,253,243,224,133,12,1,0,0,0,0,0,10,68,189,243,253,255,255,255,255,254,254,254,247,241,225,129,81,12,2,0,0,0,0,0,3,32,124,219,250,254,254,254,254,254,246,237,222,99,90,24,11,4,2,0,0,0,0,0,1,8,78,177,241,253,253,252,250,242,221,78,43,19,7,6,2,1,3,0,0,0,0,0,0,3,19,112,221,245,245,238,198,172,69,15,4,2,0,0,1,1,3,0,0,0,0,0,0,0,6,24,134,223,198,109,75,20,10,3,0,0,0,0,0,1,0,0,0,0,0,0,0,0,1,11,90,36,40,20,7,2,0,0,0,0,0,0,0,0,0,0,0,0,0,0,0,0,3,6,7,8,5,5,0,0,0,0,0,0,0,0,0,0,0,0,0,0,0,0,0,0,0,0,0,2,0,0,1,0,0,0,0,0,0,0,0,0,0,0,0,0,0,0,0,0,0,0,0,0,0,0,0,0,0,0,0,0,0,0,0,0,0,0,3
0,0,0,0,0,0,0,0,0,0,0,0,0,0,0,0,0,0,0,0,0,0,0,0,0,0,0,0,0,0,1,5,3,5,6,0,0,0,0,0,0,0,0,0,0,0,0,0,0,0,0,0,0,0,0,1,2,3,7,2,0,1,0,0,0,0,0,0,0,0,0,0,0,0,0,0,0,1,2,6,16,23,26,19,8,1,1,0,1,0,0,0,0,0,0,0,0,0,0,0,0,7,29,32,81,162,187,162,23,5,2,1,0,0,0,0,0,0,0,0,0,0,4,9,13,27,91,135,162,218,241,223,85,8,1,2,0,0,0,0,0,0,0,0,0,3,19,83,115,98,172,223,238,242,248,233,111,14,2,0,0,0,0,0,0,0,0,0,0,48,58,161,225,234,239,247,249,251,251,237,138,19,2,0,0,0,0,0,0,0,0,0,0,198,171,217,248,252,252,252,251,250,251,229,157,40,7,0,0,0,0,0,0,0,0,0,0,214,247,249,251,252,253,253,253,252,251,245,217,133,17,2,0,0,0,0,0,0,0,0,0,221,252,253,252,251,253,254,254,253,252,248,233,199,58,3,1,0,0,0,0,0,0,0,0,223,253,253,251,253,254,254,254,253,252,249,237,133,37,7,1,0,0,0,0,0,0,0,0,222,251,252,252,253,254,254,253,253,251,250,241,188,97,13,0,1,2,0,1,1,0,0,0,210,241,247,252,253,253,253,254,253,251,251,247,216,132,23,1,0,1,0,1,4,3,2,0,128,164,225,238,245,251,253,253,253,252,252,250,226,159,34,3,1,1,1,0,2,2,1,0,12,34,132,160,199,234,243,250,252,253,253,252,237,160,54,8,2,2,2,1,1,1,0,0,1,7,13,42,126,143,179,226,239,247,251,252,247,215,80,16,3,2,2,2,1,0,0,0,1,1,1,6,12,20,58,134,179,220,231,242,249,234,145,51,6,2,2,2,2,0,0,0,0,1,1,0,0,2,8,17,65,127,143,189,220,221,159,46,7,1,2,2,2,0,0,0,0,0,0,0,0,0,1,3,9,14,22,79,137,186,170,76,14,2,2,1,0,0,0,0,0,0,0,0,0,0,0,0,1,2,4,9,19,84,121,66,16,5,2,1,0,0,0,0,0,0,0,0,0,0,0,0,1,1,2,3,5,10,14,18,7,3,2,1,0,0,0,0,0,0,0,0,0,0,0,0,0,0,0,0,0,1,1,1,2,2,4,0,0,0,0,0,0,0,0,0,0,0,0,0,0,0,0,0,0,0,0,0,0,0,0,0,0,0,0,0
0,0,0,0,0,0,0,0,0,2,0,1,0,0,0,0,0,0,0,0,0,0,0,0,0,17,10,2,3,0,2,8,1,4,1,0,0,1,0,0,0,0,0,0,0,0,0,0,196,171,70,11,4,4,5,2,4,6,1,1,1,1,0,0,0,0,0,0,0,0,0,0,253,227,162,68,14,9,5,2,2,4,3,1,1,1,0,0,0,0,0,0,0,0,0,0,244,245,223,150,69,49,10,4,3,1,4,2,2,0,0,0,0,0,1,0,1,1,1,0,192,238,245,218,153,134,53,19,10,2,1,5,4,0,0,4,4,1,2,4,3,2,1,0,192,186,228,241,242,234,204,126,32,12,5,2,1,1,6,4,1,0,1,3,3,4,2,0,2,33,113,201,243,248,244,208,127,102,17,6,1,3,4,5,3,1,2,1,2,3,1,0,0,5,25,119,202,219,245,238,207,184,95,21,5,3,3,4,3,2,5,2,2,0,0,0,2,4,8,39,117,139,205,236,237,204,188,91,29,13,8,6,4,2,1,3,4,0,0,2,1,4,4,9,43,55,66,146,218,243,242,231,172,75,52,15,8,4,2,3,5,0,1,3,3,5,2,4,8,9,12,58,154,223,243,249,242,187,158,62,14,4,4,4,3,3,0,1,0,4,4,2,5,4,5,10,56,155,183,238,248,244,224,157,59,13,8,6,3,2,2,0,1,1,7,4,2,4,2,4,15,53,76,175,231,241,245,218,147,66,55,40,9,2,1,0,2,0,1,1,5,4,6,3,4,6,13,30,92,188,207,237,236,207,138,116,40,7,3,1,0,0,4,1,0,2,5,3,1,1,1,4,19,95,188,208,240,246,216,203,119,27,11,0,0,4,2,0,1,2,2,0,1,2,1,2,6,18,105,132,210,243,248,241,202,113,30,1,0,2,1,0,1,2,0,0,2,3,4,3,6,7,11,38,122,203,234,243,241,228,188,192,0,0,0,0,0,0,0,1,2,2,4,6,6,2,4,12,19,51,130,152,217,244,238,192,0,0,0,0,0,0,0,0,1,2,1,2,6,2,2,4,5,12,45,67,148,218,241,231,0,0,0,0,0,0,0,0,0,1,0,2,4,5,2,4,4,6,6,14,66,156,204,177,0,0,0,0,0,0,0,0,0,1,1,1,1,4,1,6,4,2,2,5,17,68,108,115,0,0,0,0,0,0,0,0,0,1,2,2,1,1,1,0,1,8,3,3,3,7,11,0,0,0,0,0,0,0,0,0,0,1,3,3,6,5,0,0,0,0,0,0,0,0,0,0,2
0,0,0,0,0,0,0,0,0,4,1,7,2,3,2,0,0,8,2,1,1,0,0,0,0,0,0,0,0,1,4,0,1,5,1,1,3,1,3,2,2,8,5,2,2,0,0,0,0,0,0,0,8,1,3,2,7,8,6,6,6,5,4,6,1,2,7,1,1,0,0,0,0,0,0,1,5,5,6,10,22,73,78,38,39,43,19,10,1,1,7,3,4,0,0,0,3,4,4,0,2,6,61,75,94,223,230,218,199,197,187,36,12,5,6,2,4,2,0,0,7,4,4,0,1,14,45,223,238,247,253,249,226,248,237,169,114,26,12,2,0,2,0,0,3,7,2,1,9,41,198,242,254,254,253,252,253,252,250,245,235,210,22,0,3,2,2,0,10,1,5,2,16,183,214,252,253,249,249,254,255,254,255,254,252,233,41,8,1,3,1,0,6,2,1,3,25,157,247,252,254,253,252,254,254,255,255,254,251,240,192,29,11,2,1,0,0,2,3,8,30,222,251,252,254,255,255,255,255,255,255,254,253,247,238,212,22,1,0,4,0,1,6,17,82,237,254,254,255,255,255,255,255,255,255,255,253,252,250,224,29,2,3,0,3,2,6,21,216,245,251,253,255,255,255,255,255,255,255,255,253,251,254,235,39,10,10,2,0,1,5,28,192,249,248,253,255,255,255,255,255,255,255,255,253,254,253,238,207,18,1,4,0,0,1,28,223,249,251,253,255,255,255,255,255,255,255,255,255,254,252,237,121,21,4,0,2,1,1,23,216,243,252,253,254,255,255,255,255,255,255,255,255,254,253,236,51,21,4,0,0,2,1,12,42,235,253,251,254,255,255,255,255,255,255,255,255,254,253,242,216,23,3,1,0,2,3,3,29,225,250,254,254,255,255,255,255,255,255,255,255,254,254,253,226,30,9,6,0,3,10,1,20,207,239,248,254,252,254,255,255,255,255,255,254,254,254,244,218,32,4,2,0,1,4,7,10,27,130,238,254,251,254,255,255,255,254,254,254,250,253,239,92,21,7,3,0,0,2,3,2,9,40,228,253,254,254,255,253,255,253,249,253,251,248,226,113,14,1,3,0,0,2,0,4,4,23,216,245,251,254,254,255,254,254,251,254,241,177,152,22,13,1,0,0,0,0,4,1,6,11,41,223,241,246,251,251,250,252,254,254,231,42,13,7,0,0,0,0,0,0,0,1,3,7,16,73,127,225,228,181,228,232,234,225,204,19,0,0,0,0,0,0,0,0,2,6,1,6,4,0,1,3,175,0,19,243,0,0,0,0,0,0,0,0,0,1
0,0,0,0,0,0,0,0,3,1,1,0,0,0,0,0,0,0,0,0,0,0,0,0,0,0,0,0,2,7,1,1,2,1,2,2,0,0,0,0,0,0,0,0,0,0,0,0,0,0,0,0,1,2,9,4,4,4,6,4,2,0,0,0,0,0,0,0,0,0,0,0,0,0,0,0,6,1,9,17,20,58,8,2,1,0,0,0,0,0,0,0,0,0,0,0,0,0,0,2,4,7,20,127,149,108,28,13,4,0,0,0,0,0,0,0,0,0,0,0,0,0,0,1,2,13,110,134,218,227,165,71,10,1,0,0,0,0,0,1,1,0,1,0,0,0,0,0,1,12,44,206,236,246,230,132,18,3,0,1,0,0,1,1,3,3,2,0,0,0,0,0,2,29,117,229,244,253,246,182,78,12,2,3,1,2,1,0,3,7,1,0,0,0,0,0,6,58,213,245,252,252,250,240,183,73,20,9,1,4,2,1,1,1,2,2,2,1,0,1,11,109,234,252,252,249,251,247,230,218,174,43,13,2,1,2,2,1,2,0,4,2,2,3,20,120,241,253,253,253,254,252,248,240,230,183,28,2,0,1,3,4,2,0,0,2,4,8,42,210,247,252,252,254,254,254,253,251,248,211,51,12,2,2,1,1,1,5,1,1,1,10,103,233,252,254,254,253,254,254,251,248,251,239,186,47,6,1,2,2,3,4,11,2,6,28,130,243,253,250,254,255,254,252,252,252,252,250,234,79,29,19,11,3,2,2,11,1,15,125,224,247,252,253,253,254,254,254,253,253,252,254,246,234,181,153,62,7,0,1,0,4,19,133,221,246,254,253,250,253,253,253,254,253,252,253,253,252,247,219,109,17,4,5,0,6,26,164,236,250,253,253,251,254,253,254,254,254,253,251,250,252,243,226,155,59,7,5,0,18,128,211,245,252,252,253,252,253,254,254,253,252,247,234,229,227,222,212,131,69,6,2,0,130,199,234,250,253,252,253,253,249,240,236,235,233,221,146,136,135,132,126,23,11,7,2,0,186,221,244,252,249,240,236,236,232,158,149,142,140,129,26,17,18,16,12,7,2,2,1,0,32,204,237,242,229,152,144,143,139,130,23,18,18,12,7,2,3,0,3,5,5,3,1,0,14,125,148,151,136,28,19,18,18,11,6,1,1,1,0,0,0,1,5,1,0,0,0,0,6,13,19,19,13,8,2,2,1,1,0,0,0,0,1,1,0,3,1,0,0,0,0,0,0,6,4,1,1,4,5,0,0,0,1,1,1,1,1,0,0,0,0,0,0,0,0,0
0,0,0,0,0,0,0,0,1,1,1,1,1,1,1,0,5,0,1,5,0,0,0,0,0,0,1,10,1,2,1,1,0,0,0,0,0,0,2,4,2,2,1,4,0,1,0,0,1,2,1,4,1,1,0,0,1,1,1,1,1,1,4,8,8,3,4,3,1,1,6,0,5,1,2,1,1,4,2,1,2,2,2,2,2,11,29,38,38,34,10,8,3,9,2,0,0,4,3,4,3,8,4,11,29,37,37,37,37,46,188,197,199,179,19,2,3,4,6,0,0,1,8,10,34,38,38,47,189,199,199,199,199,206,216,249,246,221,28,4,1,1,4,0,1,1,2,19,179,199,198,208,241,250,250,250,250,250,252,252,250,223,29,4,0,0,0,0,12,3,4,28,221,246,250,252,253,255,255,255,255,255,255,253,254,232,39,12,0,0,0,0,5,2,4,30,223,250,253,255,255,254,254,254,254,254,254,255,255,245,214,21,0,0,0,0,0,0,4,20,212,242,254,253,254,255,255,255,255,255,255,255,255,255,224,30,0,0,0,0,0,0,0,10,40,234,254,255,255,255,255,255,255,255,255,255,255,255,224,30,0,0,0,0,0,0,0,0,30,224,255,255,255,255,255,255,255,255,255,255,255,255,224,30,0,0,0,0,0,0,0,0,30,224,255,255,255,255,255,255,255,255,255,255,255,255,224,30,0,0,0,0,0,0,0,0,30,224,255,255,255,255,255,255,255,255,255,255,255,255,234,40,10,0,0,0,0,0,0,0,30,224,255,255,255,255,255,255,255,255,255,255,255,255,243,214,21,0,0,0,0,0,0,0,21,214,245,255,255,255,255,255,255,255,255,255,255,255,254,224,30,0,0,0,0,0,0,0,10,40,234,255,255,255,255,255,255,255,255,255,255,255,255,224,31,0,0,0,0,0,0,0,0,30,224,255,255,255,255,255,255,255,255,255,255,255,254,224,30,1,0,0,0,0,0,0,0,31,224,255,255,255,255,255,255,255,255,255,254,252,254,222,29,3,1,0,0,0,0,0,1,30,224,254,255,255,254,254,254,254,254,254,255,253,249,234,39,14,2,7,0,0,0,0,3,29,222,254,252,254,255,255,255,255,255,252,249,245,242,234,208,17,4,2,0,0,0,1,4,20,214,239,249,250,249,246,246,246,246,236,174,164,164,164,148,17,8,0,0,0,6,1,2,12,36,227,241,235,174,164,164,164,164,154,30,20,20,20,19,7,0,0,0,0,5,7,2,4,0,176,175,175,0,0,0,0,0,0,0,0,0,0,0,0,0,0,3
0,1,3,1,0,0,3,0,6,4,3,2,2,1,1,2,2,0,1,0,0,0,0,0,0,2,2,5,13,13,13,13,14,14,14,14,14,14,13,14,14,16,14,10,8,5,4,0,0,4,3,11,95,104,110,107,109,110,112,113,115,116,116,116,116,117,115,113,24,15,11,4,0,1,7,21,147,213,216,217,219,221,222,225,228,229,229,229,229,228,226,227,128,101,88,4,3,2,0,27,216,230,250,248,249,250,252,253,253,253,253,253,253,251,252,242,210,149,16,1,1,2,0,22,192,243,253,252,253,254,254,255,254,253,252,252,252,254,247,227,203,36,7,4,2,2,2,12,89,232,250,254,254,252,254,254,252,253,253,253,253,253,241,217,192,21,2,1,4,2,3,3,22,142,240,253,254,252,254,254,253,254,251,254,253,248,235,138,78,12,3,0,6,1,0,1,7,35,226,251,253,251,253,254,255,254,249,253,253,242,222,35,8,5,2,2,1,2,4,2,5,21,199,245,251,254,251,254,255,253,254,251,254,241,191,21,1,4,1,3,1,2,3,3,1,11,71,226,252,248,253,254,255,254,250,253,248,227,65,11,5,5,0,0,2,1,0,1,0,3,27,204,243,251,254,255,254,254,252,253,237,110,18,2,1,3,0,2,2,3,1,1,0,1,15,130,227,249,253,254,254,253,254,250,216,31,4,1,5,1,2,1,0,11,1,0,2,0,6,32,211,242,252,252,252,252,253,241,163,17,2,2,5,1,2,1,3,3,3,1,7,1,0,20,197,235,253,248,248,254,247,223,32,10,7,4,1,2,0,2,2,0,1,0,2,1,3,11,68,228,247,252,252,252,236,79,14,1,2,5,1,6,1,0,0,0,0,0,0,0,2,2,16,119,237,254,254,247,211,27,4,0,0,2,1,2,5,1,0,0,0,0,0,0,0,0,5,32,219,250,247,237,138,15,0,0,0,0,0,0,3,0,0,0,0,0,0,0,0,0,2,18,173,239,237,224,34,5,0,0,0,0,0,0,0,0,0,0,0,0,0,0,0,0,1,22,55,234,234,182,18,1,0,0,0,0,0,0,0,0,0,0,0,0,0,0,0,0,2,14,188,214,87,22,9,0,0,0,0,0,0,0,0,0,0,0,0,0,0,0,0,2,3,14,97,111,20,4,4,0,0,0,0,0,0,0,0,0,0,0,0,0,0,0,0,2,4,5,9,14,8,1,6,0,0,0,0,0,0,0,0,0,0,0,0,0,0,0,0,0,4,1,0,3,14,0,0,0,0,0,0,0,0,0,0,0,0
0,0,0,0,0,0,0,0,2,0,0,0,0,0,0,0,0,0,0,0,0,0,0,0,0,0,0,0,0,0,0,1,0,0,0,0,0,0,0,0,0,0,0,0,0,0,0,0,0,0,0,0,1,1,2,0,2,0,0,0,0,0,0,0,0,0,0,0,0,0,0,0,0,0,0,1,1,3,2,3,2,2,1,0,0,0,0,0,0,0,0,3,1,0,0,0,0,2,4,1,3,0,0,2,4,1,0,0,0,0,0,0,0,0,3,5,11,0,0,0,3,5,5,10,12,20,23,14,6,3,3,1,0,0,0,0,1,7,2,1,1,2,0,0,0,1,4,3,24,190,199,128,21,15,4,3,0,0,3,1,3,7,1,0,1,1,2,0,0,1,4,11,62,208,242,170,177,57,47,21,9,6,0,0,1,1,0,2,4,4,0,0,2,8,2,17,187,233,233,240,238,212,220,111,127,28,14,11,2,1,0,2,1,0,3,3,0,0,2,17,108,238,253,253,253,252,245,234,215,150,169,46,16,5,6,4,0,2,1,3,0,0,0,13,104,236,252,254,254,250,252,244,235,233,224,193,60,79,19,10,8,1,1,0,0,0,0,15,135,239,252,249,248,253,253,253,252,249,247,241,220,114,109,142,30,31,8,4,0,0,1,22,154,245,254,252,254,254,255,253,247,252,253,253,246,242,237,221,174,62,52,82,0,1,4,48,200,248,252,254,253,255,254,253,251,251,253,254,254,254,253,237,226,199,178,82,0,4,11,58,226,251,253,254,254,255,254,253,253,251,252,254,254,251,250,228,208,186,29,9,9,8,66,95,232,253,251,251,253,254,254,254,254,254,254,253,249,238,210,188,34,17,9,0,0,10,23,114,238,254,252,253,250,254,252,252,255,254,252,240,213,193,35,17,10,2,7,6,0,6,130,159,242,254,254,250,253,254,253,254,254,252,226,204,36,18,9,4,1,5,7,1,0,15,46,226,248,254,254,254,253,252,253,253,243,219,199,27,9,3,4,0,0,2,2,5,0,9,182,233,246,254,254,252,252,253,243,223,202,37,18,10,2,0,0,1,1,0,3,0,0,8,28,218,242,253,251,253,243,222,203,37,19,10,1,0,0,1,1,1,2,0,0,0,0,0,9,38,229,253,251,230,212,37,18,11,1,0,0,0,1,1,0,0,0,0,0,0,0,0,0,19,215,233,219,199,31,10,1,1,0,0,1,1,1,0,0,0,0,0,0,0,0,0,0,0,0,255,1,3,0,2,0,0,2,2,1,1,0,0,0,0,0,0,0,0,0
0,0,0,0,0,0,0,0,0,0,0,0,0,0,0,0,0,0,0,0,0,0,0,0,0,0,0,0,0,0,0,0,0,0,0,3,1,0,4,0,0,0,0,0,0,0,0,0,0,0,0,0,0,1,2,2,6,12,15,14,15,12,11,6,3,0,0,0,0,0,0,0,0,0,0,0,1,1,4,9,25,81,95,109,119,135,38,30,18,5,1,1,0,0,0,0,0,0,0,0,0,6,16,35,100,145,230,225,235,230,172,151,81,18,6,4,2,1,0,0,0,0,0,0,3,9,66,187,229,241,248,253,252,249,245,225,146,73,28,8,3,2,0,0,0,0,0,2,10,35,96,220,250,253,252,254,251,250,252,244,219,190,103,35,5,2,0,0,0,0,4,4,26,117,178,238,253,254,254,254,253,252,253,252,251,239,154,55,11,2,0,0,0,0,2,9,47,181,242,250,254,255,255,255,255,254,254,254,254,249,233,132,22,5,0,0,0,0,0,15,142,232,250,253,254,255,255,255,255,255,255,255,254,252,238,202,34,4,0,0,0,0,2,24,164,242,250,252,255,255,255,255,255,255,255,255,253,252,243,153,30,3,0,0,0,0,4,49,178,243,253,254,255,255,255,255,255,255,255,255,253,251,226,132,23,5,0,0,0,1,7,66,183,244,253,255,255,255,255,255,255,255,255,255,254,251,217,103,20,3,0,0,0,2,9,78,168,242,254,255,255,255,255,255,255,255,255,253,254,250,232,131,17,0,0,0,0,6,8,51,168,243,254,255,255,255,255,255,255,255,254,253,253,249,203,88,11,0,0,0,0,3,6,25,150,240,252,253,254,254,254,254,255,254,253,252,251,246,180,38,7,0,0,0,0,2,3,21,135,211,231,248,253,253,252,254,254,254,251,248,244,233,165,30,3,0,0,0,0,2,2,11,56,89,140,233,248,250,249,254,254,251,251,232,206,140,52,12,1,0,0,0,0,0,1,3,8,17,89,174,227,245,250,252,252,249,235,205,132,40,9,3,0,0,0,0,0,0,0,0,1,6,24,73,153,201,211,233,221,224,160,61,20,11,5,3,0,0,0,0,0,0,0,0,0,0,4,14,53,86,136,139,113,134,63,18,7,3,1,0,0,0,0,0,0,0,0,0,0,0,0,5,9,13,58,22,21,21,9,4,3,2,0,0,0,0,0,0,0,0,0,0,0,0,0,0,0,2,2,3,2,1,1,1,2,4,0,0,0,0,0,0,0,0,0,0,0,0,0,0,0,0,0,0,0,0,0,0,0,0,0,0,0,0,0,0,1
0,0,0,0,0,0,0,0,0,0,0,0,0,0,0,0,0,0,0,0,0,0,0,0,0,0,0,0,0,0,0,0,0,0,3,8,16,25,18,4,0,0,0,0,0,0,0,0,0,0,0,0,0,0,0,0,0,0,4,21,90,154,97,12,3,1,0,0,0,0,0,0,0,0,0,0,0,0,0,0,0,0,7,59,161,218,154,37,6,0,0,0,0,0,0,0,0,0,0,0,0,0,0,0,0,1,17,91,197,236,205,103,13,0,0,0,0,0,0,0,0,0,0,2,0,0,1,0,0,4,42,142,223,246,239,155,21,1,0,0,0,0,0,0,0,0,0,2,2,0,3,3,5,12,65,182,243,252,248,209,45,6,0,0,0,0,0,0,0,0,0,0,2,0,1,8,24,82,138,220,249,250,249,234,143,19,6,2,0,0,0,0,0,0,1,0,2,1,2,15,131,208,231,245,250,251,249,241,200,104,6,1,2,2,2,0,0,1,2,1,4,2,10,59,186,241,251,252,253,253,251,242,181,51,10,1,2,1,4,0,0,0,0,1,0,6,36,163,237,251,252,253,254,254,253,246,208,113,15,1,1,1,2,0,0,0,1,2,4,14,118,211,246,253,251,252,254,254,252,249,237,176,40,6,0,2,2,0,0,0,1,2,6,34,147,227,248,252,252,253,254,254,252,252,248,215,120,14,3,1,2,0,0,0,2,7,26,99,192,239,250,253,251,252,253,253,253,252,252,242,184,35,7,1,1,0,0,0,6,38,107,180,229,248,252,253,252,253,253,253,253,253,253,250,216,118,12,0,1,1,0,1,13,85,196,234,247,250,252,252,253,253,253,253,253,253,253,252,226,118,21,1,1,0,0,2,37,133,206,232,232,226,229,241,249,252,251,249,246,247,250,250,237,188,43,5,3,0,0,2,32,95,112,116,109,100,100,174,217,219,213,206,198,204,230,233,224,201,98,11,4,0,0,1,9,22,24,22,18,15,18,48,68,68,66,62,60,81,155,154,147,133,102,15,1,0,0,0,4,6,5,3,2,1,3,4,6,7,6,6,7,16,38,40,37,33,26,8,2,0,0,0,4,6,2,0,1,1,2,1,1,0,0,0,0,2,4,4,5,5,3,2,1,0,0,0,0,3,0,0,0,0,0,1,1,0,0,0,0,0,1,2,4,3,3,1,0,0,0,0,0,0,0,0,0,0,0,0,0,0,0,0,0,0,0,0,0,0,0,0,0,0,0,0,0,0,0,0,0,0,0,0,0,0,0,0,0,0,0,0,0,0,0,0,0,0,0
0,0,0,0,0,0,0,0,0,0,0,0,0,2,0,1,0,0,0,0,0,0,0,0,0,0,0,0,0,0,0,0,0,0,0,0,0,1,3,1,1,1,0,0,0,0,0,0,0,0,0,0,0,0,0,0,0,0,0,1,4,3,0,4,2,0,3,4,2,0,0,0,0,0,0,0,0,0,0,0,0,0,0,0,0,1,1,1,1,4,4,8,2,3,0,1,0,0,3,0,0,0,0,0,0,0,0,1,0,0,3,5,5,1,6,1,2,6,7,0,0,0,1,1,0,1,0,0,0,0,1,1,0,4,4,2,1,1,4,9,6,13,38,31,0,1,6,4,4,4,0,2,4,0,0,3,3,3,4,2,2,8,12,49,55,64,168,176,0,1,1,1,1,0,0,1,8,1,1,3,3,1,6,10,10,18,70,169,180,232,240,254,0,0,0,1,0,0,0,6,8,6,2,2,4,7,17,72,81,85,188,238,243,244,236,247,2,1,0,4,2,2,3,1,3,6,9,12,20,80,90,184,231,234,242,232,222,156,207,144,3,1,1,6,2,1,7,4,6,16,87,95,104,189,203,240,247,245,224,215,132,31,22,12,7,5,4,1,5,7,11,19,22,106,197,202,238,243,242,218,215,206,130,122,21,6,0,0,0,1,2,5,12,24,110,119,123,206,218,247,248,244,208,121,113,34,20,13,11,1,0,0,1,8,11,19,110,130,207,217,237,241,237,202,194,188,98,21,9,7,7,3,2,6,5,0,0,122,37,130,139,219,242,245,241,202,190,99,30,23,14,6,4,1,1,1,2,5,1,1,155,150,219,233,241,235,197,191,182,91,79,16,5,2,2,7,3,6,0,7,1,0,0,0,239,235,243,245,239,183,83,74,23,18,7,4,3,2,1,7,8,1,1,0,1,2,0,0,255,236,186,177,171,66,16,9,5,2,3,3,3,4,1,2,5,2,1,1,4,1,5,0,168,165,60,26,17,13,5,4,4,2,3,4,3,1,2,0,0,0,0,1,0,2,0,0,1,37,10,5,2,1,3,1,5,4,3,1,1,1,1,0,0,0,0,0,0,0,0,0,0,1,6,0,3,7,5,4,1,5,1,1,0,0,0,0,0,0,0,0,0,0,0,0,0,0,0,2,1,4,1,1,3,1,1,2,0,0,0,0,0,0,0,0,0,0,0,0,0,0,0,0,0,0,3,1,0,4,3,1,1,0,0,0,0,0,0,0,0,0,0,0,0,0,0,0,0,0,0,0,0,1,0,1,0,0,0,0,0,0,0,0,0,0,0,0,2
0,0,0,0,0,0,0,0,0,0,0,0,0,0,0,0,0,0,0,0,0,0,0,0,0,0,0,0,0,0,0,0,0,0,0,5,10,9,7,4,4,4,1,0,0,0,0,0,0,0,0,0,0,0,0,0,0,1,7,16,53,95,39,6,1,1,1,0,0,0,0,0,0,0,0,0,0,0,0,1,5,10,29,130,170,190,78,16,2,0,0,0,0,0,0,0,0,0,0,0,0,1,3,9,21,110,151,228,241,220,180,55,6,0,0,0,0,0,0,0,0,0,0,1,2,7,17,77,144,212,241,249,252,248,211,103,21,2,0,0,0,0,0,0,0,0,2,8,14,47,136,189,236,248,253,254,254,252,230,187,51,7,0,0,0,0,0,0,0,4,12,26,127,165,230,246,251,254,254,254,255,254,249,212,132,22,1,0,0,0,0,0,0,10,79,139,223,242,250,253,254,254,254,255,255,255,252,238,194,46,8,0,0,0,0,0,0,10,126,212,242,252,254,254,254,255,255,255,255,255,254,250,212,168,18,2,0,0,0,0,0,8,37,163,239,253,254,255,255,255,255,255,255,255,255,252,247,197,63,9,0,0,0,0,0,3,14,129,219,249,254,255,255,255,255,255,255,255,255,255,251,218,175,22,6,2,0,0,0,0,6,25,159,239,253,255,255,255,255,255,255,255,255,254,252,247,195,103,11,2,0,0,0,0,0,10,99,204,249,255,255,255,255,255,255,255,254,254,252,245,217,128,15,2,0,0,0,0,0,4,21,155,236,252,255,255,255,255,254,254,253,250,245,207,161,102,12,2,0,0,0,0,0,0,8,68,189,248,254,255,254,254,254,251,248,234,175,143,67,18,6,2,1,0,0,0,0,0,2,17,151,234,251,254,254,252,250,244,190,161,107,28,10,5,3,3,1,0,0,0,0,0,0,7,35,174,246,252,250,247,215,176,133,40,17,5,1,0,3,4,0,0,0,0,0,0,0,0,13,132,220,242,232,187,150,79,30,8,1,0,0,1,2,0,0,0,0,0,0,0,0,0,7,26,166,190,171,110,44,16,4,1,0,0,0,0,0,0,0,0,0,0,0,0,0,0,2,12,86,114,59,32,7,1,0,0,0,0,0,0,0,0,0,0,0,0,0,0,0,1,2,6,11,36,13,6,1,0,0,0,0,0,0,0,0,0,0,0,0,0,0,0,0,1,3,2,2,4,4,1,1,1,0,0,0,0,0,0,0,0,0,0,0,0,0,0,0,2,0,0,0,0,0,0,0,0,0,0,0,0,0,0,0,0,0,0,3
0,0,0,0,0,0,0,0,0,0,8,1,1,112,203,253,253,148,41,0,0,0,0,0,0,0,0,0,0,0,4,2,0,4,3,5,11,37,203,243,219,141,19,2,0,0,0,0,0,0,0,0,0,4,1,1,3,4,4,8,26,121,229,240,202,117,13,1,0,0,0,0,0,0,0,1,3,5,1,1,6,2,4,7,46,145,242,241,126,44,10,4,4,0,0,0,0,0,0,1,4,2,2,4,4,3,4,9,53,208,244,232,105,33,5,4,6,0,0,0,0,0,0,1,1,0,0,1,6,4,8,51,78,220,247,199,100,14,3,2,3,3,0,0,0,0,0,0,0,0,1,1,4,2,6,64,154,236,237,179,82,12,4,3,5,4,0,0,0,0,0,0,1,1,2,2,2,1,7,29,171,232,230,92,28,8,4,2,3,1,2,0,0,0,0,0,0,1,2,3,2,5,12,90,216,244,218,151,13,3,4,2,0,0,1,1,0,0,0,0,0,0,1,1,1,6,80,107,229,242,161,72,13,2,5,5,2,0,0,1,0,0,0,0,0,1,1,5,3,7,34,187,234,219,139,54,6,3,6,4,2,2,0,0,0,0,0,1,1,3,6,4,5,24,50,200,240,211,130,20,4,1,1,0,0,0,0,0,0,0,1,1,1,3,5,4,6,39,120,233,239,139,110,13,2,2,0,0,0,0,0,0,0,1,2,2,0,1,4,4,6,48,140,240,238,124,42,8,2,2,3,2,0,0,0,0,1,2,2,1,4,1,5,7,16,66,208,243,208,180,24,2,2,2,1,2,1,0,0,0,1,2,2,1,3,4,2,7,58,145,223,241,192,100,18,2,3,3,0,1,0,0,0,0,0,3,2,3,3,2,2,8,25,164,241,232,113,85,10,5,6,3,0,0,1,1,0,0,0,0,1,1,3,3,4,12,72,183,234,226,164,22,6,1,3,4,1,1,4,2,0,0,0,0,0,2,3,2,3,26,88,232,244,178,150,21,3,1,2,2,1,1,3,2,3,0,0,0,0,1,3,2,3,32,179,239,242,156,67,14,6,1,1,0,1,5,3,1,1,0,0,0,0,2,1,2,8,48,198,245,228,148,44,9,4,5,0,0,4,1,0,0,0,0,0,0,0,0,0,4,31,110,232,246,215,130,18,7,5,5,1,0,0,0,0,0,0,0,0,0,0,0,0,3,41,130,241,243,144,37,9,2,7,6,5,1,0,0,0,0,0,0,0,0,0,0,0,0,31,228,228,247,213,1,7,2,3,3,0,0,0,0,0,0,0,0,2
0,0,0,0,0,0,0,0,0,0,0,1,0,0,0,0,0,0,0,0,0,0,0,0,0,0,0,0,0,0,0,0,0,0,0,1,2,2,1,1,2,2,2,4,0,0,0,0,0,0,0,0,0,0,0,0,0,0,0,0,2,4,4,5,4,1,5,4,1,0,0,0,0,0,0,0,0,0,0,0,0,0,2,5,10,16,46,30,7,2,2,5,4,0,0,0,1,0,0,0,0,0,0,0,2,5,13,58,65,73,153,91,13,3,0,1,3,0,0,0,5,1,0,0,0,0,3,6,15,67,78,133,176,185,225,158,49,8,0,0,0,0,0,0,3,1,0,1,3,7,19,79,90,136,188,197,242,247,244,217,109,13,2,0,0,0,0,0,3,3,7,9,21,89,105,192,201,205,244,249,251,254,252,230,144,42,4,0,0,0,0,0,1,11,24,100,115,201,214,244,249,250,252,254,254,254,253,245,198,85,9,1,0,0,0,0,2,79,122,210,223,245,252,253,254,254,254,254,255,255,255,249,201,107,33,3,0,0,0,0,1,142,214,242,250,253,254,254,254,254,255,255,255,255,255,251,221,157,58,7,0,0,0,0,2,38,181,245,253,254,254,254,255,255,255,255,255,255,255,254,245,179,97,23,1,0,0,0,4,17,159,235,251,254,255,255,255,255,255,255,255,255,255,255,250,218,142,28,1,0,0,0,0,9,36,180,247,254,255,255,255,255,255,255,255,255,255,255,254,244,152,29,6,1,0,0,0,0,21,150,232,251,255,255,255,255,255,255,255,255,255,255,255,249,216,103,10,2,1,0,0,0,8,42,182,246,254,255,255,255,255,255,255,254,254,254,254,252,233,121,20,4,1,0,0,0,1,25,137,225,251,255,255,255,255,254,254,254,254,253,252,246,226,176,56,5,0,0,0,0,0,8,50,185,245,254,255,254,254,254,254,253,251,245,226,204,137,88,17,6,0,0,0,0,0,2,28,122,219,251,254,254,254,252,251,243,218,201,116,85,21,12,5,1,0,0,0,0,0,1,8,60,188,243,252,252,250,242,211,191,93,73,19,8,5,2,1,0,0,0,0,0,0,0,3,25,107,212,245,240,207,179,83,54,16,6,3,0,0,0,0,0,0,0,0,0,0,0,1,9,73,185,196,170,76,31,14,5,2,0,0,0,0,0,0,0,0,0,0,0,0,0,1,4,14,66,63,20,11,4,1,0,0,0,0,0,0,0,0,0,0,0,0,0,0,0,0,0,0,0,0,0,0,0,0,0,0,0,0,0,0,0,0,0,0,0,3
0,0,0,0,0,0,0,0,0,0,3,1,3,0,2,0,0,232,232,0,0,0,0,0,0,0,0,0,0,0,1,1,1,1,0,5,1,10,20,39,216,178,44,16,0,0,0,0,0,0,0,0,0,1,1,1,0,0,2,11,22,40,208,227,238,218,154,7,0,0,0,0,0,0,0,0,0,1,1,0,0,1,11,28,202,221,243,252,237,208,34,7,3,0,0,0,0,2,2,1,1,0,0,1,10,19,37,212,231,252,253,253,245,213,29,7,5,0,0,0,5,1,0,2,0,2,1,9,28,202,223,243,253,252,252,254,246,156,127,13,5,2,0,0,1,3,1,0,3,11,18,36,209,243,253,253,252,254,254,254,236,215,116,15,1,6,0,0,8,5,1,13,18,36,195,216,243,254,254,254,254,253,253,253,246,136,107,9,2,0,0,0,8,1,9,26,191,211,239,251,254,255,252,252,253,249,254,251,249,225,31,7,0,2,1,0,0,17,34,196,215,247,250,254,254,254,254,254,253,253,249,254,253,226,76,3,5,3,0,0,4,180,204,227,250,251,254,254,252,253,254,254,254,254,254,254,253,209,33,8,3,2,0,0,151,138,223,246,253,254,254,254,251,252,252,254,255,254,254,253,244,214,21,1,0,0,0,0,2,28,118,203,227,237,245,254,252,247,251,254,253,253,253,254,243,58,21,1,0,0,0,0,0,7,17,27,35,99,214,237,244,246,251,249,253,248,250,252,223,174,18,0,0,0,0,0,3,1,2,1,9,65,64,77,206,233,239,247,250,250,254,252,234,45,16,0,0,0,0,0,3,4,2,0,4,5,9,42,41,187,203,226,245,248,250,252,226,178,15,2,0,0,0,0,0,0,1,3,1,0,2,3,13,28,34,177,170,182,237,243,236,164,23,2,8,2,0,0,0,2,4,0,2,1,1,0,1,4,9,15,29,140,213,236,218,155,14,2,1,1,0,0,0,0,1,0,1,4,4,0,1,0,0,2,8,20,32,123,192,28,7,8,7,2,2,0,0,0,0,1,3,1,0,0,0,0,0,0,1,1,5,14,14,10,5,3,7,7,6,0,0,0,0,10,3,3,0,0,0,0,0,0,0,2,4,2,0,2,0,2,4,1,0,0,0,0,0,0,1,0,0,0,0,0,0,0,0,2,2,2,1,3,1,0,0,0,0,0,0,0,0,0,0,0,0,0,0,0,0,0,0,0,0,0,1,1,0,0,0,0,0,0,0,0,0,0,0,0,0,0,0,0,0,0,0,0,3,3,0,0,0,0,0,0,0,0,0
0,0,0,0,0,0,0,0,0,0,0,0,0,0,3,6,0,0,0,0,0,0,0,0,0,0,0,0,0,0,0,0,0,0,0,0,0,1,1,5,1,4,0,0,0,0,0,0,0,0,0,0,0,0,0,0,0,0,0,0,0,0,1,6,2,1,1,1,0,0,0,0,0,0,0,0,0,0,0,0,0,0,0,0,0,2,4,4,7,1,2,3,1,0,0,0,0,0,1,0,0,0,0,0,0,0,0,0,2,5,2,9,8,7,2,1,2,0,2,1,0,0,1,4,2,0,0,0,0,0,0,0,1,5,12,20,75,19,6,4,3,2,1,0,0,1,2,2,3,0,1,0,0,0,0,0,3,25,69,88,178,100,48,5,5,2,0,0,0,1,1,2,2,1,4,0,0,0,2,11,23,61,185,227,229,135,20,5,3,2,1,0,1,1,2,1,2,0,2,5,2,4,9,67,180,202,228,238,243,166,51,10,1,1,0,0,2,1,2,3,3,0,2,8,14,26,79,93,230,248,250,252,238,218,143,12,2,0,0,0,0,1,1,2,5,1,3,13,119,165,224,198,244,253,253,254,249,185,33,9,1,0,0,0,1,3,5,5,10,20,30,79,148,234,248,251,250,251,250,250,251,214,28,1,0,0,0,0,3,3,3,5,32,170,187,229,241,249,253,253,253,251,251,252,251,219,47,8,1,0,0,0,1,10,17,25,58,215,240,250,254,253,253,254,254,254,254,252,249,230,155,46,5,1,0,0,2,65,151,176,222,234,247,248,252,252,250,254,255,254,254,252,247,233,205,64,6,1,0,0,2,108,215,225,243,250,252,253,252,249,252,253,254,254,253,253,249,236,145,58,8,1,5,7,154,211,241,249,252,252,253,254,254,252,253,254,254,252,251,248,247,239,205,87,6,0,4,0,160,161,234,245,242,249,252,253,252,252,254,253,254,254,251,253,251,241,142,29,5,1,1,0,1,30,155,170,171,234,241,249,253,253,253,254,254,254,254,251,254,244,215,45,6,1,0,0,6,10,15,27,142,151,164,229,242,250,254,254,255,254,252,254,252,247,157,121,8,1,0,0,0,0,0,7,15,21,28,145,164,229,242,250,253,253,253,254,254,249,218,37,12,0,0,0,0,0,0,0,1,1,6,13,28,145,163,227,238,240,251,251,253,251,221,141,16,0,0,0,0,0,0,0,0,0,1,1,7,13,28,143,159,223,231,234,247,247,225,145,21,0,0,0,0,0,0,0,0,0,0,0,1,2,2,0,1,155,155,155,239,234,239,236,0,0,0,0,0
0,0,0,12,0,4,2,0,0,0,1,1,1,0,0,0,0,0,0,0,0,0,0,0,0,0,0,1,9,11,10,6,2,1,0,0,1,1,1,0,0,0,0,0,0,0,0,0,0,0,0,12,20,143,36,30,20,11,1,1,0,0,0,1,1,1,0,0,2,0,0,0,0,0,3,14,151,170,228,225,216,39,29,20,11,1,1,0,0,0,2,1,8,1,1,6,0,0,0,21,159,241,247,254,245,235,225,216,39,29,20,11,1,2,1,1,2,4,2,6,0,0,7,31,173,247,254,253,254,255,255,245,235,225,216,39,20,11,3,8,2,0,1,2,0,0,15,154,235,251,255,255,255,254,254,254,255,255,245,235,216,39,30,25,13,2,2,3,0,0,21,164,245,255,255,255,255,255,255,254,254,254,255,255,245,235,225,207,25,8,5,1,0,7,31,174,248,255,255,255,255,255,255,255,255,255,254,254,253,253,241,220,78,4,2,0,0,15,154,235,252,255,255,255,255,255,255,255,255,255,255,255,255,254,238,99,22,6,3,6,0,22,164,245,255,255,255,255,255,255,255,255,255,255,255,255,255,254,233,89,11,2,0,2,2,31,174,248,255,255,255,255,255,255,255,255,255,255,255,255,255,248,223,81,7,0,0,0,1,152,235,251,255,255,255,255,255,255,255,255,255,255,255,255,255,240,100,19,3,0,0,0,1,173,246,253,254,255,255,255,255,255,255,255,255,255,255,255,248,226,84,10,0,0,0,0,173,225,247,250,253,254,254,255,255,255,255,255,255,255,255,255,240,103,74,7,0,0,0,0,6,212,225,235,245,255,255,254,254,254,255,255,255,255,255,255,233,94,13,3,0,0,0,0,2,23,30,39,216,225,235,245,255,255,254,254,254,255,255,248,223,81,7,0,0,0,0,0,0,6,6,12,20,29,39,216,235,245,255,255,254,252,254,239,100,19,3,0,0,0,0,0,7,1,1,0,1,1,11,20,39,216,225,235,245,254,248,231,89,11,0,0,0,0,0,0,2,2,1,0,0,0,1,1,11,20,29,39,216,225,228,213,81,9,1,0,0,0,0,0,2,0,0,1,1,1,0,0,0,1,1,11,20,30,38,78,16,5,1,1,2,0,0,0,0,0,0,0,0,0,1,1,1,0,0,0,3,8,5,6,9,5,5,8,8,0,0,0,0,0,0,0,0,0,0,0,0,1,1,2,1,2,2,3,2,6,1,3,1,1,0,0,0,0,0,0,0,0,0,0,0,0,0,3,1,12,0,0,3,1,0,0,9,0,0,0,3
0,0,0,0,0,0,0,0,0,0,0,0,2,0,0,0,0,0,0,0,0,0,0,0,0,0,0,0,0,0,0,0,0,0,2,1,1,0,0,0,0,0,0,0,0,0,0,0,0,0,0,0,1,0,1,1,0,2,2,2,2,0,0,0,0,0,0,0,0,0,0,0,0,0,0,1,3,4,2,0,1,2,1,2,2,0,0,0,0,0,0,0,0,0,0,0,0,1,2,2,3,4,3,2,2,3,2,1,1,0,0,0,0,0,0,0,0,0,0,0,0,3,16,6,4,4,4,2,2,4,4,0,0,1,0,0,0,0,0,0,0,0,0,0,0,10,63,29,9,6,4,3,1,3,4,1,1,1,1,0,0,0,0,1,2,0,0,0,0,18,135,92,52,30,16,7,4,3,2,2,2,2,0,0,2,1,0,1,2,3,0,0,0,24,197,195,183,153,82,58,21,7,4,2,2,2,2,4,4,3,0,1,0,1,3,0,0,25,205,240,243,232,188,168,85,29,18,22,7,2,3,4,5,3,2,3,2,0,0,0,0,19,163,226,245,246,238,198,180,118,93,86,32,8,3,3,4,2,2,4,3,1,0,0,0,10,81,161,190,193,228,242,236,221,197,169,96,40,26,13,8,6,2,1,3,3,2,0,0,5,17,34,43,88,169,219,221,235,237,226,180,112,147,89,29,14,3,2,2,2,3,0,0,1,3,5,19,27,78,143,131,175,216,234,230,221,230,190,105,43,28,14,7,3,2,0,0,3,3,3,3,8,21,47,30,76,146,188,220,243,246,238,197,151,123,77,62,32,7,0,0,0,4,3,1,2,6,5,6,21,63,92,148,214,223,235,234,236,225,185,163,103,40,0,0,0,3,4,2,2,3,3,2,4,14,21,34,61,146,156,208,235,240,235,215,187,113,0,0,0,0,4,3,2,3,3,4,1,2,2,4,13,45,66,136,184,205,229,233,233,204,0,0,0,0,1,0,0,2,4,3,1,2,2,1,5,6,16,55,85,102,152,203,216,203,0,0,0,0,3,1,1,2,2,0,2,2,2,3,3,3,4,9,12,20,52,127,60,24,0,0,0,0,1,0,0,1,0,0,1,1,1,3,5,1,0,3,3,3,9,23,8,1,0,0,0,0,0,0,0,0,0,0,0,1,0,2,4,4,0,0,1,0,1,1,1,0,0,0,0,0,0,0,0,0,0,0,0,0,0,0,2,7,0,0,0,0,0,0,0,0,0,0,0,0,0,0,0,0,0,0,0,0,0,0,0,0,0,0,0,0,0,0,0,0,0,2
0,0,0,0,0,0,0,0,2,1,3,2,176,169,243,190,2,1,1,0,0,0,0,0,0,0,0,0,0,0,1,8,13,30,144,163,231,245,226,153,21,2,2,1,0,0,0,0,0,0,0,0,1,1,6,19,142,161,228,240,249,245,228,174,18,2,1,3,0,0,0,0,0,0,0,2,8,13,29,151,171,238,244,252,253,250,227,121,18,3,3,0,0,0,0,0,0,4,9,13,28,143,164,229,242,249,253,252,253,249,234,132,15,5,4,0,1,1,0,0,3,7,19,135,156,226,241,250,253,252,252,254,253,247,234,125,19,3,2,1,2,1,0,0,0,28,143,163,234,243,254,254,253,253,252,253,254,252,238,138,35,4,5,1,2,0,0,0,153,154,221,235,248,253,254,254,253,254,254,249,252,254,240,139,19,3,2,3,2,1,0,0,231,231,246,250,254,254,254,254,255,255,253,254,253,254,238,138,15,1,1,1,4,4,4,1,239,244,252,254,254,254,252,254,254,254,255,254,253,252,231,104,19,4,5,3,0,2,0,0,188,220,245,250,251,253,251,253,252,255,255,254,253,253,236,148,45,6,5,2,0,0,0,0,118,142,210,173,245,253,252,249,253,254,255,254,253,253,235,75,14,4,0,0,0,0,0,0,0,19,27,138,217,235,245,249,252,254,254,251,252,254,231,69,7,0,0,0,0,0,0,0,1,0,7,18,56,132,221,232,245,252,252,250,250,252,233,69,12,0,0,0,0,0,0,0,0,0,1,1,11,104,76,163,228,243,251,249,254,252,234,181,14,0,0,0,0,0,0,0,6,2,1,1,5,8,18,98,173,221,216,245,253,252,242,78,20,2,0,0,0,0,0,0,0,2,2,1,1,1,5,13,24,82,95,226,241,237,233,190,21,1,2,0,0,0,0,0,0,0,1,1,3,2,1,1,3,6,19,81,214,243,231,97,18,3,4,2,0,0,0,0,0,0,0,1,4,0,0,0,0,1,5,27,91,207,202,101,14,2,5,1,0,0,0,0,0,0,1,3,1,0,0,0,0,0,1,5,15,40,92,21,9,8,4,3,0,0,0,0,0,0,0,0,0,0,0,0,0,0,0,2,3,8,6,5,2,2,6,5,2,0,0,0,0,0,0,0,0,0,0,0,0,0,0,1,3,3,2,1,0,0,5,1,0,0,0,0,0,0,0,0,0,0,0,0,0,0,0,1,1,1,1,2,1,0,0,0,0,0,0,0,0,0,0,0,0,0,0,0,0,0,0,0,0,0,0,1,0,0,0,0,0,0,0,0,0
0,0,0,0,0,0,0,0,0,0,0,0,0,0,0,0,0,0,0,0,0,0,0,0,0,0,0,0,0,0,1,1,0,0,0,0,0,0,0,0,0,0,0,0,0,0,0,0,2,1,2,5,2,1,2,2,1,0,0,0,0,0,0,0,0,0,0,0,0,0,0,0,0,0,2,2,1,5,5,1,0,0,0,0,0,0,1,4,5,5,5,6,8,8,1,0,0,1,3,0,1,3,7,11,11,9,9,9,8,8,15,48,57,57,56,55,54,43,10,0,0,0,2,4,5,11,42,83,86,83,81,79,78,76,82,177,198,198,198,197,195,175,19,0,5,3,2,5,14,61,138,204,210,210,210,209,208,207,212,238,248,249,249,249,247,221,31,0,5,3,2,3,17,107,212,241,249,250,250,250,250,250,251,252,254,254,254,254,252,236,104,0,3,1,0,1,10,54,163,243,253,254,254,254,254,254,254,254,255,255,255,255,254,248,219,0,0,0,0,0,3,26,132,240,254,254,254,255,255,255,255,255,255,255,255,255,255,255,225,0,0,0,0,0,1,20,124,238,254,255,255,255,255,255,255,255,255,255,255,255,255,255,225,0,0,0,0,0,0,16,119,237,255,255,255,255,255,255,255,255,255,255,255,255,255,255,225,0,0,0,0,0,0,13,114,237,255,255,255,255,255,255,255,255,255,255,255,255,255,255,225,0,0,0,0,0,0,12,110,236,255,255,255,255,255,255,255,255,255,255,255,255,255,255,225,0,0,0,0,0,0,11,104,235,254,255,255,255,255,255,255,255,255,255,255,255,254,254,225,0,0,0,0,0,0,7,93,226,249,254,254,255,255,255,255,255,254,254,254,254,254,254,224,0,0,0,0,0,0,4,29,133,241,252,253,254,254,254,254,253,252,251,251,251,251,251,222,0,0,1,2,1,0,3,14,101,230,242,246,248,249,249,249,244,222,212,213,216,218,221,199,0,0,1,4,4,2,3,11,84,159,174,182,188,190,191,194,190,103,74,79,87,94,102,95,0,0,0,4,3,3,3,8,43,22,24,24,24,24,24,25,26,19,9,8,10,11,12,10,0,0,0,1,0,1,2,4,4,3,3,2,1,1,1,1,1,0,0,0,0,0,0,1,0,0,0,0,0,3,2,0,0,6,1,1,0,0,0,0,0,0,0,0,0,0,1,1,0,0,0,0,0,0,0,0,0,0,0,0,0,0,0,0,0,0,0,0,0,0,0,0,0,0,0,0,0,0,0,0,0,0,0,0,0,0,0,0,0,0,0,0,0,0,0,0,0,3
0,0,0,0,0,0,4,6,6,4,3,1,1,2,5,5,0,0,0,0,0,0,0,0,0,0,0,0,2,2,3,4,5,4,2,2,1,3,2,1,2,2,0,0,0,0,0,0,0,0,0,0,1,1,2,2,6,6,5,6,9,12,8,4,1,0,3,0,0,0,0,0,0,0,0,1,2,2,3,5,11,39,36,41,41,129,21,15,7,6,3,2,1,1,0,0,0,0,0,1,2,1,3,32,78,92,140,151,219,162,153,44,96,28,16,11,1,5,9,0,0,0,4,1,1,7,17,56,137,231,239,244,245,246,236,205,222,172,156,23,8,2,3,8,0,3,8,2,5,15,107,218,237,248,252,254,254,254,253,252,247,245,184,164,25,10,4,4,0,3,6,4,9,100,129,240,250,252,254,255,255,254,255,254,253,248,248,232,160,38,3,0,6,2,4,7,25,119,237,248,253,253,254,255,255,255,254,254,253,250,253,249,176,37,14,0,7,1,2,12,98,217,242,253,251,252,255,255,255,255,255,255,253,253,254,252,236,150,66,0,1,3,3,13,56,142,246,252,254,254,254,255,255,255,255,255,255,255,255,253,248,183,82,1,3,3,7,13,89,227,249,254,255,255,255,255,255,255,255,255,255,255,255,254,248,225,80,3,2,2,9,44,97,236,254,254,255,255,255,255,255,255,255,255,255,255,254,254,251,183,34,3,3,2,9,47,140,236,254,254,255,255,255,255,255,255,255,255,255,255,253,251,247,223,74,1,3,2,5,38,142,238,253,252,255,255,255,255,255,255,255,255,255,255,254,254,248,197,79,6,3,3,4,24,137,232,248,254,254,255,255,255,255,255,255,255,255,255,252,253,248,229,171,0,3,2,7,16,125,152,239,252,254,252,254,255,255,255,255,255,255,254,254,250,249,198,38,0,2,3,3,15,18,40,209,248,252,252,251,254,254,255,255,255,252,254,254,248,206,177,20,0,0,0,1,2,8,100,126,232,248,248,253,254,254,255,255,254,254,251,244,230,180,24,8,0,0,1,5,2,9,11,28,156,178,238,245,250,251,254,254,254,251,239,181,71,22,8,0,0,0,0,0,2,6,2,8,17,33,166,218,181,235,244,239,241,234,171,34,14,6,0,0,0,0,0,0,0,1,7,3,6,8,25,137,57,145,155,175,103,169,82,17,5,0,0,0,0,0,0,0,0,0,0,1,1,4,9,16,21,15,23,69,75,18,16,9,2,0,0,0,0,0,0,0,0,0,0,0,0,7,6,1,10,4,1,2,3,3,4,7,0,0,0,0,0,1
0,0,0,0,0,0,0,1,4,6,1,0,1,3,7,3,0,0,0,0,0,0,0,0,0,0,0,0,0,0,2,4,4,5,5,1,0,1,1,7,0,1,6,2,1,6,6,0,0,0,0,0,0,1,1,2,2,1,1,1,1,6,4,1,3,1,3,9,18,44,119,6,0,0,0,0,0,0,0,0,1,1,5,5,1,2,4,3,2,7,14,66,151,212,214,98,0,0,0,0,0,1,1,1,1,4,4,2,2,7,6,5,8,18,95,175,231,245,237,153,0,0,0,0,0,2,1,2,3,6,3,2,4,6,17,53,41,121,191,235,247,249,236,209,0,1,0,0,0,1,2,2,2,3,4,5,7,15,86,152,148,211,239,246,234,196,193,130,0,1,3,3,0,0,1,2,2,2,4,9,30,106,178,223,228,244,246,220,163,83,92,25,0,3,5,7,3,1,2,6,8,13,20,58,127,201,232,243,242,236,197,134,57,21,21,2,0,3,5,5,4,3,8,27,79,77,139,204,232,241,229,192,197,120,55,18,9,4,2,1,0,4,5,3,4,9,43,106,179,173,220,245,244,214,162,168,90,37,9,5,1,3,2,5,2,4,5,6,12,59,129,202,237,235,245,239,206,130,67,70,23,7,4,4,4,3,3,3,4,5,12,24,73,153,215,245,248,248,229,186,108,43,12,10,9,4,2,2,6,3,2,1,3,45,44,97,177,224,245,244,223,219,164,87,25,7,4,4,5,3,2,5,4,2,0,0,145,141,128,197,235,240,224,196,196,137,69,16,5,3,4,4,4,2,3,5,1,1,0,0,230,239,239,241,228,180,107,42,52,20,10,3,2,4,4,4,5,2,0,1,2,2,2,4,253,244,244,221,160,84,17,8,3,3,2,2,1,0,1,4,1,0,1,3,3,2,4,0,244,198,204,144,61,13,6,5,2,1,2,4,2,1,0,4,2,1,0,1,0,0,1,0,179,104,110,38,13,5,3,1,4,3,3,1,2,1,0,0,0,0,0,0,0,0,0,0,57,79,13,7,7,6,1,2,5,5,0,1,1,1,0,0,0,0,0,0,0,0,0,0,1,9,9,5,3,1,2,7,4,3,0,0,0,0,0,0,0,0,0,0,0,0,0,0,4,1,2,6,5,0,0,1,3,1,2,1,1,1,0,0,0,0,0,0,0,0,0,0,0,2,9,4,0,0,0,3,1,2,5,3,1,0,0,0,0,0,0,0,0,0,0,0,0,0,0,0,0,0,0,0,6,6,3,1,0,0,0,0,0,0,0,0,0,0,0,0,2
0,0,0,0,0,0,0,0,0,0,0,0,0,0,0,0,0,0,0,0,0,0,0,0,0,0,0,0,0,0,0,0,0,0,0,0,0,0,1,5,7,11,7,5,0,0,0,0,0,0,0,0,0,0,0,0,1,0,1,4,1,2,8,27,105,68,105,22,1,0,0,0,0,0,0,0,0,0,1,1,3,0,1,4,7,4,13,92,191,217,159,36,2,0,0,0,0,0,0,0,0,0,0,1,1,0,4,5,6,12,49,143,220,239,198,44,3,0,0,0,0,0,0,0,0,0,0,0,0,3,3,2,10,46,140,216,238,208,116,20,3,0,0,0,0,0,0,0,0,0,0,0,0,6,1,4,18,108,215,236,206,110,36,7,1,0,0,0,0,0,0,0,0,0,1,0,2,1,6,14,66,181,235,202,106,30,9,4,0,0,0,0,0,0,0,0,0,0,1,1,1,2,14,65,166,220,199,107,29,6,1,2,1,0,0,0,0,0,0,0,0,1,1,1,1,5,35,138,220,214,126,62,17,4,1,2,1,1,0,0,0,1,2,2,0,2,4,2,4,22,90,184,229,183,89,23,6,3,4,0,0,0,0,0,0,1,2,2,0,3,5,7,16,91,186,231,221,117,28,8,3,2,5,1,0,0,0,0,1,2,2,1,3,2,4,13,90,195,236,225,158,57,9,4,1,4,2,1,3,1,0,0,1,1,1,4,2,3,6,34,194,239,226,159,63,16,6,5,1,2,1,1,2,1,0,0,1,0,0,3,2,4,12,85,230,237,174,70,14,4,6,3,1,0,0,2,0,1,0,0,0,1,1,2,4,10,46,144,233,214,137,47,5,2,1,0,3,1,0,1,0,0,0,0,0,1,1,2,9,46,146,216,210,139,50,10,3,3,2,0,0,0,0,0,0,0,0,0,0,1,4,11,49,149,226,225,137,45,11,3,2,2,2,0,0,0,0,0,0,0,0,0,0,3,13,57,151,229,240,190,45,9,3,3,3,1,1,0,0,0,0,0,0,0,0,0,0,7,50,152,227,240,210,109,19,5,1,3,2,0,0,0,0,0,0,0,0,0,0,0,0,8,78,201,242,231,138,23,5,1,1,4,2,0,2,1,0,0,0,0,0,0,0,0,0,6,73,183,216,179,81,9,1,4,3,1,0,0,3,1,0,0,0,0,0,0,0,0,0,3,11,21,26,20,11,5,5,5,0,0,2,3,1,0,0,0,0,0,0,0,0,0,0,0,0,0,0,0,0,0,0,0,0,0,0,0,0,0,0,0,0,0,0,0,0,0,2
0,0,0,0,0,2,1,2,4,4,4,4,3,0,2,3,0,0,0,0,0,0,0,0,0,0,0,0,0,2,5,2,1,2,1,1,1,2,3,3,3,1,1,1,0,0,1,0,0,0,0,0,1,3,3,2,4,7,8,7,5,9,11,8,6,3,4,2,0,1,4,0,0,0,0,1,3,5,3,7,27,58,65,26,39,79,84,49,11,4,2,1,2,3,2,0,0,0,1,3,3,4,6,29,95,168,183,115,158,199,201,152,67,21,8,4,2,3,5,0,0,0,1,2,2,5,26,93,183,234,242,222,240,246,244,229,173,120,61,12,4,4,4,0,0,0,0,2,4,19,79,175,234,251,252,253,252,253,250,249,241,229,164,61,9,2,3,0,0,0,1,3,12,69,152,216,248,253,254,254,254,253,252,253,253,249,233,122,15,3,1,0,0,0,1,6,58,161,219,241,252,254,255,254,254,254,255,254,253,253,237,135,17,4,2,0,0,0,0,10,90,203,244,251,253,254,255,255,255,255,255,255,254,252,239,105,28,6,2,0,0,0,3,12,98,210,248,251,252,254,255,255,255,255,255,255,254,252,242,195,87,11,1,0,0,1,5,13,100,206,245,253,254,254,255,255,255,255,255,255,254,253,250,237,151,18,0,0,0,5,6,30,83,164,232,251,254,255,255,255,255,255,255,255,255,253,251,238,156,17,1,0,0,3,6,24,93,192,242,252,254,255,255,255,255,255,255,255,254,253,248,205,78,11,3,0,0,2,4,15,104,208,248,253,254,254,255,255,255,255,255,254,253,251,225,171,29,4,4,1,0,2,4,13,81,195,246,252,252,254,254,254,254,254,255,254,253,248,199,115,21,2,2,0,0,2,3,10,42,156,233,249,251,253,253,253,254,254,254,254,253,246,189,71,14,4,0,0,0,1,1,5,21,139,204,239,250,252,252,250,253,252,252,251,246,225,169,58,8,3,0,0,0,1,1,4,15,91,159,199,235,248,248,251,248,238,232,238,203,133,74,27,5,2,0,0,0,1,1,3,10,33,59,94,172,197,235,241,227,174,183,194,118,39,13,8,4,3,0,0,0,3,3,1,5,8,10,25,47,56,167,179,154,72,121,98,41,8,4,3,4,2,0,0,0,4,2,2,1,3,3,4,3,14,31,25,18,21,17,13,7,2,2,2,4,2,0,0,0,0,0,0,0,0,0,1,0,2,7,5,2,1,8,3,2,1,0,0,0,0,0,0,0,0,0,0,0,0,0,0,0,0,0,0,0,0,0,0,0,0,0,0,0,0,0,0,1
0,0,0,0,0,0,0,0,0,0,0,0,0,0,175,175,175,176,124,0,3,2,0,0,0,0,4,13,20,20,20,30,154,164,164,164,164,174,236,245,244,235,162,20,4,0,0,0,0,6,13,88,156,164,164,174,236,246,246,246,246,249,252,254,251,245,177,31,10,0,0,0,3,3,11,120,221,238,245,248,252,255,255,255,255,255,254,254,253,250,235,156,15,1,0,0,3,3,8,28,144,242,251,254,255,254,254,254,254,254,255,255,255,254,245,168,22,0,0,0,1,0,3,17,133,239,253,253,254,255,255,255,255,255,255,255,255,255,245,168,22,0,0,0,0,0,2,17,135,240,254,255,255,255,255,255,255,255,255,255,255,255,245,168,22,0,0,0,0,0,0,17,135,240,255,255,255,255,255,255,255,255,255,255,255,255,245,175,29,7,0,0,0,0,0,16,135,240,255,255,255,255,255,255,255,255,255,255,255,255,248,184,155,15,0,0,0,0,0,11,126,231,250,255,255,255,255,255,255,255,255,255,255,255,252,242,165,22,0,0,0,0,0,5,26,145,245,255,255,255,255,255,255,255,255,255,255,255,255,245,168,22,0,0,0,0,0,0,16,135,240,255,255,255,255,255,255,255,255,255,255,255,255,245,168,22,0,0,0,0,0,0,16,135,240,255,255,255,255,255,255,255,255,255,255,255,255,245,168,22,0,0,0,0,0,0,16,135,240,255,255,255,255,255,255,255,255,255,255,255,254,248,177,31,9,0,0,0,0,0,11,126,231,250,255,255,255,255,255,255,255,254,254,254,253,250,234,157,15,5,0,0,0,0,5,26,145,245,254,255,254,254,254,254,254,255,255,255,254,251,242,166,21,4,0,0,0,0,2,17,134,239,253,253,255,255,255,255,253,252,250,250,250,248,233,141,14,2,0,0,0,0,3,18,134,238,251,252,252,250,250,250,241,208,199,199,199,199,186,36,8,10,0,4,1,0,3,17,133,234,247,241,208,199,199,199,189,47,37,37,38,38,31,11,3,3,0,5,4,2,2,12,106,189,199,189,47,37,37,37,29,11,2,3,3,6,6,2,1,2,0,2,8,4,6,9,22,36,38,29,11,2,2,2,2,1,1,1,1,1,3,2,3,0,0,1,6,2,1,3,4,4,6,6,2,1,1,1,1,1,0,0,0,1,1,5,8,1,0,0,2,0,1,2,1,1,3,3,1,0,0,0,0,0,1,1,1,1,2,1,0,0,0,0,0,0,4,2,0,3,4,1,2,1,1,1,1,1,0,0,0,0,0,0,0,0,3
0,0,0,1,1,1,6,7,2,3,3,3,4,0,0,0,0,0,0,0,0,0,0,0,0,0,0,0,1,6,4,2,3,5,9,9,9,12,10,8,6,4,0,0,0,0,0,0,0,0,0,0,5,3,8,2,1,13,58,72,31,73,106,26,18,13,5,1,3,0,0,0,0,0,1,2,2,2,10,15,25,51,171,221,103,168,221,133,124,112,18,5,1,2,2,9,0,0,1,1,2,1,14,115,201,222,240,243,244,243,245,244,239,225,90,15,5,1,3,4,0,0,2,2,10,11,32,179,244,252,253,254,254,254,251,254,254,245,183,77,12,0,1,4,0,1,1,0,16,163,83,202,248,254,255,254,254,254,251,250,253,252,241,169,20,2,3,3,0,2,0,1,26,180,236,242,252,255,255,254,254,254,252,251,254,254,251,221,42,9,1,1,0,3,1,9,35,196,245,252,254,255,255,255,255,255,254,254,254,254,251,230,142,9,7,1,1,9,2,16,179,237,250,252,254,255,255,255,255,255,255,255,255,253,252,212,40,13,6,4,3,6,2,24,188,248,252,253,254,255,255,255,255,255,255,255,254,254,251,233,103,15,7,0,2,2,4,30,188,247,253,254,254,255,255,255,255,255,255,255,254,251,250,242,193,55,7,3,1,3,9,65,192,246,252,254,255,255,255,255,255,255,255,255,254,253,252,247,199,27,6,5,1,3,7,32,192,247,254,254,255,255,255,255,255,255,255,255,254,253,252,247,197,29,1,0,4,2,11,35,190,250,254,255,255,255,255,255,255,255,255,255,254,252,251,239,187,19,1,1,1,7,11,145,228,251,253,254,255,255,255,255,255,255,255,255,254,254,249,206,36,11,0,0,0,2,18,45,220,250,252,254,255,255,255,255,255,255,254,253,253,253,248,196,26,2,5,0,2,3,5,29,177,248,254,252,254,253,254,255,255,255,254,252,250,219,230,178,19,2,9,0,2,1,6,21,171,238,249,254,253,253,253,254,255,255,254,253,249,201,83,24,10,6,1,0,2,1,5,14,81,132,237,252,253,251,254,254,254,254,253,251,238,182,23,7,4,2,0,0,2,0,1,8,11,33,187,243,247,248,249,252,252,250,247,230,169,33,11,3,5,0,0,0,0,0,0,7,3,15,145,162,174,232,231,197,233,235,197,178,36,11,3,3,1,0,0,0,0,0,0,0,0,7,15,22,30,149,110,46,117,120,94,58,11,5,8,2,1,0,0,0,0,0,0,0,0,0,0,0,0,1,7,13,3,1,2,2,3,4,4,4,8,0,0,0,1
0,0,0,0,0,0,0,0,0,0,0,0,0,0,0,0,0,0,0,0,0,0,0,0,0,0,0,0,0,0,0,0,0,0,0,0,0,0,0,0,0,0,1,7,7,6,0,0,0,0,0,0,0,0,0,1,1,0,1,1,0,2,4,1,1,4,8,46,121,16,1,0,0,0,0,0,0,0,0,0,1,2,4,2,0,1,4,5,2,3,19,128,206,58,11,0,0,0,0,0,0,0,0,1,2,2,1,0,1,3,4,2,3,7,53,182,230,211,20,0,0,0,0,0,0,0,0,0,0,0,1,1,3,3,1,4,8,29,101,204,236,202,23,0,0,0,0,0,0,0,0,0,0,0,0,3,3,1,4,10,36,103,187,220,191,120,15,0,0,0,0,0,0,0,0,0,1,1,1,2,3,4,9,44,115,193,229,186,102,33,6,0,0,0,0,0,0,0,0,0,0,1,2,1,3,10,47,125,199,235,222,118,33,6,1,0,0,0,0,0,0,0,2,1,0,2,2,3,12,50,132,205,236,227,166,58,10,2,0,0,0,0,0,0,0,0,3,4,3,0,3,11,57,140,209,238,225,164,76,21,6,3,0,0,0,0,2,2,0,0,3,4,3,3,12,62,146,216,239,221,158,71,18,5,3,5,0,0,0,0,2,2,2,1,3,4,5,13,65,156,221,241,220,147,61,15,6,2,3,3,0,0,0,0,1,1,2,1,4,8,22,75,163,224,238,212,140,56,11,5,3,2,3,0,0,0,0,0,1,2,3,3,8,29,85,171,228,236,203,131,50,12,4,3,2,0,0,1,0,0,0,0,1,3,4,8,27,94,175,229,235,199,124,46,10,3,4,5,3,0,0,2,0,0,0,0,2,4,10,33,101,182,229,234,193,114,42,9,2,1,3,4,2,0,0,0,0,0,0,0,2,6,35,107,194,232,229,189,106,35,7,2,2,2,0,1,1,0,0,0,0,0,0,0,3,16,92,194,236,230,181,97,31,8,3,2,2,2,1,0,0,0,0,0,0,0,0,2,14,52,159,232,231,173,92,27,7,3,3,3,1,1,1,0,0,0,0,0,0,0,0,8,47,135,212,231,177,81,24,9,3,2,3,3,0,0,0,0,0,0,0,0,0,0,0,9,144,204,230,210,136,32,8,5,2,1,4,2,1,0,0,0,0,0,0,0,0,0,0,9,57,222,214,136,30,9,2,2,6,1,0,0,1,3,3,0,0,0,0,0,0,0,0,0,25,241,163,29,7,6,3,8,2,0,0,3,6,3,0,0,0,0,0,0,0,0,2
0,0,0,0,0,0,0,0,0,1,2,0,1,2,0,5,2,0,0,0,0,0,0,0,0,0,0,0,0,0,0,0,0,0,0,0,2,4,1,1,6,4,3,0,0,0,0,0,0,0,0,0,0,0,0,0,0,0,1,3,1,1,3,8,4,3,0,0,0,0,0,0,0,0,0,0,0,0,0,0,0,1,3,5,8,15,21,12,3,1,0,0,0,0,0,0,0,0,0,0,0,0,0,0,0,0,1,2,22,146,174,59,13,7,3,0,0,0,0,0,0,0,0,0,0,0,0,0,0,0,2,12,41,214,235,172,55,6,1,0,0,0,0,0,0,0,0,0,0,0,0,0,0,2,13,43,166,236,238,225,85,12,1,0,0,0,0,0,3,1,2,1,0,0,1,2,1,10,50,214,241,245,248,235,161,13,0,0,0,0,0,0,2,6,3,0,3,2,1,3,9,49,170,242,254,254,252,236,107,18,0,0,0,0,0,0,1,5,1,1,2,2,1,5,47,151,233,251,251,251,252,245,177,24,3,0,1,2,0,0,2,1,0,2,1,1,3,12,80,215,241,252,251,251,252,251,231,86,14,6,5,3,1,5,1,2,2,2,1,3,8,54,150,231,248,253,254,254,253,254,244,176,71,10,3,1,1,4,3,2,2,2,2,7,49,100,219,245,250,254,255,254,254,252,250,231,129,19,3,1,4,0,5,2,2,0,3,16,107,164,238,252,250,253,254,255,254,251,252,246,188,86,15,4,4,1,3,3,3,3,12,64,163,236,249,252,253,252,254,255,254,252,252,251,241,183,77,10,3,4,1,2,6,17,64,167,239,250,253,253,252,254,254,254,254,251,253,253,248,230,155,21,6,6,3,3,16,126,212,238,249,253,254,253,253,254,254,252,253,253,253,254,249,240,186,68,6,3,8,8,51,165,224,231,241,248,253,253,254,254,253,253,253,253,253,253,251,238,190,77,12,0,2,7,103,152,164,167,176,228,239,241,242,244,244,244,244,247,250,252,252,242,220,176,20,0,4,6,16,21,21,21,30,159,170,171,174,176,178,178,177,187,234,244,245,246,237,189,69,0,1,2,2,2,3,2,9,15,22,22,22,22,23,22,22,32,168,177,180,187,183,165,148,0,2,0,4,5,6,4,0,3,3,2,1,1,1,1,1,9,17,24,24,24,24,24,16,0,0,0,0,1,1,2,2,0,0,0,0,0,0,0,0,0,1,1,1,1,3,5,5,0,0,0,0,0,0,0,0,1,2,1,1,1,1,2,2,3,5,5,1,2,0,1,10,0,0
0,0,0,0,0,0,0,0,0,0,0,0,0,0,0,0,0,0,0,0,0,0,0,0,0,20,118,57,14,5,4,1,2,4,3,0,0,1,0,0,1,1,0,0,0,0,0,0,0,45,197,156,71,8,2,3,6,4,1,0,1,2,2,2,1,0,0,0,0,0,0,0,0,119,229,212,124,16,3,2,3,4,3,1,1,1,2,3,1,0,0,0,0,0,0,0,0,198,234,229,158,52,14,5,4,1,3,3,2,1,1,0,0,0,0,0,0,0,0,0,0,135,201,231,208,133,61,21,8,3,1,3,3,1,0,0,0,0,0,0,0,0,0,0,0,47,119,188,225,208,147,76,24,7,3,3,3,2,1,1,1,0,0,0,0,0,0,0,0,8,37,104,193,239,220,163,84,26,7,3,2,2,2,1,0,0,0,0,0,0,0,0,0,3,7,33,135,222,240,227,179,95,35,10,3,1,3,0,0,1,2,0,0,0,0,0,0,3,5,11,69,156,214,239,233,196,115,48,12,3,0,2,3,4,2,1,0,0,0,0,0,4,2,5,14,65,141,205,238,241,208,135,61,14,4,3,4,4,3,0,0,1,2,0,3,3,3,3,6,13,49,119,198,239,243,217,156,75,15,5,4,4,2,2,2,1,1,0,0,2,2,1,3,5,9,36,96,184,231,243,224,175,96,30,8,6,3,2,3,2,1,0,3,1,0,1,5,3,3,7,25,73,164,220,241,232,193,115,46,12,4,2,3,3,1,0,2,1,0,1,3,6,5,2,5,17,62,145,212,241,236,201,133,56,12,5,3,4,1,0,0,0,0,2,3,3,2,1,1,4,15,57,128,198,236,237,207,147,69,20,6,2,2,0,0,0,0,1,2,0,0,2,2,1,3,14,47,113,185,226,236,217,157,61,11,2,1,0,0,0,0,0,0,0,1,2,2,3,2,4,11,36,95,168,218,238,219,120,42,10,3,0,0,0,0,0,0,0,1,1,1,4,4,3,3,7,29,85,157,217,236,188,109,40,10,0,0,0,0,0,0,0,0,0,1,4,3,2,4,5,8,38,113,194,233,218,155,69,14,0,0,0,0,0,0,1,1,1,1,2,4,2,1,3,5,12,36,117,193,233,220,163,19,0,0,0,0,0,0,1,4,2,0,0,0,1,5,4,1,1,6,17,101,202,217,195,16,0,0,0,0,0,0,0,0,0,0,0,0,0,0,0,0,0,0,4,13,22,28,19,9,0,0,0,0,0,0,0,0,0,0,0,0,0,0,0,0,0,0,0,0,0,0,0,0,0,2
0,0,0,0,0,0,0,0,0,0,0,0,3,2,2,4,8,2,2,3,0,0,0,0,0,0,0,0,0,0,0,0,4,3,3,3,3,2,1,3,4,4,2,1,0,0,0,0,0,0,0,0,0,1,2,3,5,5,6,5,4,3,2,2,2,4,4,3,1,0,0,0,0,0,0,0,2,5,5,6,12,36,32,19,30,25,12,4,4,4,3,2,1,0,0,0,0,0,0,3,3,3,9,30,51,132,101,68,122,101,64,16,10,7,2,1,1,1,0,0,0,0,1,3,6,16,40,116,156,224,192,167,223,200,161,97,46,9,3,1,2,1,0,0,0,1,2,7,15,61,133,213,243,244,247,247,247,245,234,195,93,18,6,2,2,1,0,0,0,1,2,8,28,121,220,247,251,251,253,254,254,252,250,230,156,69,21,4,3,3,1,0,0,1,2,12,49,166,244,253,251,251,254,254,254,254,252,247,216,153,54,10,7,4,1,0,0,2,2,17,120,219,249,253,253,254,254,255,255,254,253,252,239,219,137,33,6,2,1,0,0,2,2,26,164,237,252,253,254,255,255,255,255,254,254,254,252,243,192,40,4,1,1,0,0,0,4,22,176,236,252,254,254,255,255,255,255,255,255,254,252,249,199,39,8,1,1,0,0,0,4,15,69,215,251,254,255,255,255,255,255,255,255,254,253,250,224,134,12,1,0,0,0,0,1,15,93,216,250,254,255,255,255,255,255,255,255,254,252,249,227,139,18,3,0,0,0,0,3,15,144,226,250,254,254,255,255,255,255,255,255,254,251,244,219,129,13,4,1,0,0,0,4,9,30,204,245,252,254,255,255,255,255,255,255,254,253,239,157,36,9,3,0,0,0,0,2,2,15,117,228,250,253,255,255,255,255,254,254,254,251,234,143,27,6,2,0,0,0,0,0,0,6,56,209,245,251,254,255,254,254,253,252,252,249,232,156,38,3,2,0,0,0,0,0,0,3,31,162,210,240,253,254,254,254,251,250,249,222,178,91,13,3,1,0,0,0,0,0,0,2,9,21,111,217,242,246,248,250,247,246,239,197,95,27,4,0,0,0,0,0,0,0,0,0,2,6,30,106,176,186,210,200,214,173,169,119,22,4,0,0,0,0,0,0,0,0,0,0,4,4,8,15,46,67,83,84,105,27,20,12,5,0,0,0,0,0,0,0,0,0,0,0,0,0,0,1,3,6,8,10,7,4,0,0,0,0,0,0,0,0,0,0,0,0,0,0,0,0,0,0,0,0,0,0,0,0,0,0,0,0,0,0,0,0,0,1
0,0,0,0,0,0,0,0,0,1,0,6,0,0,6,4,3,2,3,0,0,0,0,0,0,0,0,0,0,0,4,1,1,3,5,2,2,6,2,6,5,5,4,1,1,0,0,0,0,0,0,1,0,3,2,6,8,3,3,2,0,0,1,4,3,4,3,1,3,0,0,0,0,0,4,1,3,2,6,5,10,11,12,7,7,5,3,2,2,2,1,1,2,1,0,0,0,5,5,1,0,3,10,19,36,173,72,37,106,30,16,11,6,6,3,2,2,0,0,0,5,2,2,6,13,20,33,179,197,233,234,201,226,201,127,22,10,6,4,3,1,1,0,0,1,3,5,19,127,145,192,238,250,252,253,253,250,245,191,148,41,21,11,4,2,1,1,0,3,11,21,38,184,228,246,249,249,253,254,252,253,250,246,234,220,147,65,7,1,1,2,0,3,24,168,189,201,249,253,252,250,251,254,255,254,253,251,251,247,236,86,19,4,5,2,2,7,93,227,247,249,252,254,254,254,254,255,255,255,254,252,251,253,247,223,69,7,4,7,2,1,123,241,254,254,255,255,255,255,255,255,255,255,255,254,253,252,252,232,78,7,2,4,3,132,209,247,254,255,255,255,255,255,255,255,255,255,255,255,253,254,252,229,62,7,2,2,1,191,240,251,253,255,255,255,255,255,255,255,255,255,255,255,254,254,253,221,51,8,4,3,1,154,228,251,253,254,255,255,255,255,255,255,255,255,255,255,253,252,252,211,48,7,5,2,2,253,245,250,253,253,255,255,255,255,255,255,255,255,255,255,252,252,251,211,46,20,6,4,3,253,243,251,253,253,254,255,255,255,255,255,255,255,255,255,254,253,246,206,26,4,7,3,4,0,235,254,253,254,254,255,255,255,255,255,255,255,254,255,255,248,216,135,15,5,2,4,6,0,210,238,247,253,254,254,255,255,255,255,255,255,254,253,250,233,126,21,8,2,1,3,7,0,26,154,219,249,254,254,253,254,254,253,253,253,253,243,206,178,23,5,2,1,3,9,0,0,6,30,172,234,247,252,251,251,253,254,250,250,245,226,68,23,10,3,4,4,1,1,5,0,0,9,25,138,212,242,249,250,250,251,240,206,193,162,28,10,4,3,3,3,1,0,0,0,0,1,10,23,115,195,192,194,219,198,187,37,26,17,9,2,2,3,2,3,0,0,0,0,0,0,10,10,19,81,30,28,39,27,20,11,6,4,6,5,4,0,0,0,0,0,0,0,0,0,0,0,8,6,12,5,3,1,1,6,2,5,7,0,0,0,0,0,0,0,0,1
0,0,0,0,0,0,0,0,0,0,0,0,0,0,0,0,0,0,0,0,0,0,0,0,0,0,0,0,0,0,0,1,5,6,2,1,0,0,0,0,0,0,0,0,0,0,0,0,0,0,0,0,0,1,2,1,2,2,1,0,0,0,0,0,0,0,0,1,1,2,2,1,0,0,0,1,2,1,3,3,3,8,10,5,2,0,0,0,0,0,0,0,1,4,4,0,0,0,0,1,4,4,7,15,31,57,75,65,23,20,16,10,3,2,5,5,3,2,2,2,0,0,1,3,1,3,13,113,157,224,229,187,147,161,173,68,31,40,56,62,21,11,5,8,0,0,0,0,0,1,17,133,234,248,252,248,245,245,241,232,227,227,228,206,111,68,9,3,0,0,0,0,0,0,17,141,240,253,254,254,254,254,254,254,254,254,253,244,214,116,13,4,0,0,0,0,0,3,24,152,244,254,254,254,254,255,255,254,254,254,253,249,219,115,15,4,0,0,0,0,0,9,89,207,249,255,255,255,255,255,255,255,255,255,253,246,208,102,10,0,0,0,0,0,0,15,142,238,253,255,255,255,255,255,255,255,255,255,252,227,131,26,4,0,0,0,0,0,1,23,151,243,255,255,255,255,255,255,255,255,255,255,251,214,104,12,0,0,0,0,0,0,6,35,162,244,255,255,255,255,255,255,255,255,255,255,250,209,94,10,0,0,0,0,0,0,15,126,183,248,255,255,255,255,255,255,255,255,255,253,242,187,70,6,0,0,0,0,0,3,27,150,239,251,254,254,255,255,255,255,255,255,255,251,212,97,16,2,0,0,0,1,1,5,35,160,241,252,254,254,254,254,254,254,255,254,254,249,202,81,8,0,0,0,0,6,3,5,36,154,224,231,238,245,253,253,253,253,254,253,252,247,198,73,8,0,0,0,0,1,1,5,23,70,87,78,73,195,224,224,223,240,245,243,242,236,186,62,8,1,0,0,0,3,1,2,5,10,11,9,13,20,28,30,66,169,163,152,144,166,114,28,5,0,0,0,0,2,1,2,3,1,0,0,0,1,1,2,10,16,21,20,23,53,27,10,2,0,0,0,0,1,4,2,2,4,1,0,0,0,0,0,0,1,1,2,4,4,5,2,1,0,0,0,0,0,0,0,0,1,0,0,0,0,0,0,0,0,1,1,2,1,0,0,4,0,0,0,0,0,0,0,0,0,0,0,0,0,0,0,0,0,0,0,0,0,0,0,0,0,0,0,0,0,0,0,0,0,0,0,0,0,0,0,0,0,0,0,0,0,0,0,0,0,0,0,3
0,0,0,0,0,0,1,2,2,3,1,7,6,10,4,0,0,0,0,0,0,0,0,0,0,0,0,0,0,0,0,3,9,17,21,50,53,48,19,9,5,1,0,0,0,0,0,0,0,0,0,0,3,3,4,7,21,93,128,159,164,162,113,111,28,15,8,1,0,0,0,0,0,0,0,0,7,6,15,51,69,163,228,235,238,236,223,220,163,127,22,7,0,0,0,0,0,0,0,0,2,15,73,146,217,237,249,253,252,251,252,247,244,224,133,24,9,3,0,0,0,0,1,1,7,45,151,237,247,251,253,254,254,254,253,252,251,245,203,117,52,13,1,0,0,0,1,2,20,116,232,248,253,253,254,255,255,255,254,252,253,251,240,200,116,31,4,0,0,1,2,4,45,175,239,251,252,253,255,255,255,255,255,254,254,253,251,235,202,92,11,0,0,2,2,8,59,171,238,251,252,254,255,255,255,255,255,255,254,254,253,252,240,165,19,0,0,4,3,9,73,195,243,252,254,254,255,255,255,255,255,255,255,255,254,254,248,196,25,0,0,4,3,6,57,179,246,253,254,255,255,255,255,255,255,255,255,254,253,252,250,218,26,0,0,2,1,5,51,175,243,253,254,255,255,255,255,255,255,255,255,255,254,250,249,199,25,0,0,4,2,6,47,142,229,251,254,254,255,255,255,255,255,255,255,255,254,253,236,178,26,0,0,0,0,3,14,102,209,239,249,254,253,253,254,255,255,255,254,254,253,251,244,179,75,0,0,0,1,2,8,20,113,153,242,252,251,249,253,254,254,254,254,253,251,252,244,170,24,0,0,4,3,2,2,8,24,111,225,248,250,249,253,254,254,253,252,249,250,251,233,153,13,0,3,2,3,3,1,4,14,83,151,227,241,249,252,253,252,252,250,245,240,235,182,24,6,0,0,0,0,2,4,1,5,12,51,143,190,236,243,248,251,248,232,213,176,197,28,7,0,0,0,0,0,0,2,2,2,4,13,55,132,161,187,207,220,221,151,79,62,50,10,0,0,0,0,0,0,0,0,2,2,3,6,10,17,55,58,85,83,110,105,30,7,3,2,0,0,0,0,0,0,0,0,0,0,0,2,3,4,5,7,10,28,21,12,8,1,0,0,0,0,0,0,0,0,0,0,0,0,0,3,5,3,2,1,1,2,3,2,1,0,0,0,0,0,0,0,0,0,0,0,0,0,0,0,0,0,0,0,0,0,0,0,0,0,0,0,0,0,0,0,0,0,0,0,0,0,0,0,0,0,0,0,0,0,0,0,0,0,0,0,0,0,0,1
0,0,0,0,0,0,0,0,0,8,4,1,12,7,2,5,2,1,4,6,2,0,0,0,0,0,0,0,0,3,2,0,12,17,21,24,28,22,13,7,2,4,2,3,4,0,0,0,0,0,3,1,1,8,13,22,35,175,179,128,168,166,127,34,23,14,8,4,2,3,0,0,8,2,2,9,7,13,108,177,193,237,243,240,222,242,235,209,197,106,18,5,4,0,0,0,4,2,6,6,9,28,171,222,248,249,251,252,252,253,252,250,242,186,26,3,5,0,0,0,4,2,2,10,20,125,235,250,252,252,252,254,254,255,254,254,251,199,41,15,6,2,2,0,1,3,12,21,116,212,246,253,254,254,254,254,254,255,255,254,250,241,201,76,13,2,7,0,1,3,12,97,197,243,251,252,253,255,255,255,255,255,255,254,252,253,242,188,20,2,9,0,2,3,9,30,186,247,254,254,255,255,255,255,255,255,255,255,254,253,249,206,36,12,1,0,0,3,8,32,184,248,254,255,255,255,255,255,255,255,255,255,255,253,249,240,188,21,1,1,1,2,7,73,194,246,254,255,255,255,255,255,255,255,255,255,254,253,253,247,198,26,0,0,2,4,10,30,189,246,252,254,255,255,255,255,255,255,255,255,254,251,248,239,189,20,4,1,2,7,2,24,188,247,253,252,254,255,255,255,255,255,255,255,254,253,248,209,68,14,6,2,1,8,1,24,188,248,251,253,254,255,255,255,255,255,255,255,254,252,248,197,70,10,5,0,5,1,2,16,177,233,251,251,254,255,255,255,255,254,254,254,254,251,241,176,24,7,2,3,0,0,0,9,28,190,239,250,254,255,255,254,255,254,251,254,254,248,208,96,16,2,2,7,0,2,3,0,10,63,200,250,254,254,254,255,254,251,252,253,253,237,140,88,8,1,4,4,0,1,2,2,2,19,168,227,238,245,247,247,247,251,248,246,239,193,33,12,4,1,3,8,0,2,1,3,2,10,22,83,106,198,228,153,194,236,233,161,148,96,14,1,1,2,5,3,0,0,2,4,4,6,5,7,23,97,125,38,92,145,143,31,17,11,7,3,2,2,0,0,0,0,1,4,6,5,2,2,6,14,14,14,12,16,13,12,4,2,2,3,5,1,0,2,0,0,1,1,6,5,2,2,1,3,3,3,1,1,3,2,3,6,5,1,2,4,0,0,0,0,0,2,1,2,7,3,1,2,2,1,3,3,3,2,3,1,0,0,0,0,0,0,0,0,0,4,0,3,2,0,5,5,4,5,3,2,0,0,0,0,0,0,0,0,0,0,1
0,0,0,0,0,0,0,0,0,0,0,0,0,0,0,0,0,0,0,0,0,0,0,0,0,0,0,0,0,0,0,0,0,0,0,0,0,0,1,1,0,1,0,0,0,0,0,0,0,0,0,0,0,0,0,0,0,0,0,0,0,1,4,4,6,2,0,0,0,0,0,0,0,0,0,0,0,0,0,0,0,0,4,12,20,26,18,6,3,2,1,0,0,0,0,0,0,0,0,0,0,0,0,1,4,12,31,77,175,180,88,14,2,0,0,0,0,0,0,0,0,0,0,1,0,1,4,13,42,66,177,204,223,237,160,49,4,0,0,0,0,0,0,0,0,3,3,2,5,12,44,83,165,208,223,248,250,248,233,91,14,1,0,0,0,0,0,0,0,1,6,15,34,101,151,206,225,248,252,253,254,254,245,191,52,3,0,0,0,0,0,0,0,1,16,116,148,201,231,245,251,253,254,255,255,255,252,235,76,14,1,0,0,0,0,0,0,1,22,176,233,245,251,253,254,255,255,255,255,255,255,245,220,48,4,0,0,0,0,0,0,1,18,199,241,252,254,255,255,255,255,255,255,255,255,254,238,92,17,1,0,0,0,0,0,1,14,65,233,251,255,255,255,255,255,255,255,255,255,255,246,222,39,5,0,0,0,0,0,0,3,43,173,246,255,255,255,255,255,255,255,255,255,255,254,238,117,17,2,0,0,0,0,0,1,13,117,234,251,255,255,255,255,255,255,255,255,255,254,247,222,33,8,1,0,0,0,0,0,5,46,182,249,255,255,255,255,255,255,255,254,254,252,248,229,117,10,4,0,0,0,0,0,1,16,165,238,254,255,255,255,255,254,254,252,251,242,212,192,76,8,2,0,0,0,0,0,0,7,34,217,251,254,255,254,254,252,251,241,210,190,75,55,14,3,0,0,0,0,0,0,0,0,17,172,240,253,252,251,248,239,207,183,63,33,15,6,2,1,1,0,0,0,0,0,0,0,9,36,227,245,242,231,193,164,64,20,11,3,1,0,1,9,9,0,0,0,0,0,0,0,2,24,145,212,181,138,69,18,9,2,0,0,0,0,2,2,1,0,0,0,0,0,2,2,2,9,35,99,70,19,8,3,0,0,0,0,0,0,0,0,0,0,0,0,0,0,4,7,6,2,9,10,9,5,0,0,0,0,0,0,0,0,0,0,0,0,0,0,0,0,0,1,0,0,0,0,0,0,0,0,0,0,0,0,0,0,0,0,0,0,0,0,0,0,0,0,0,0,0,0,0,0,0,0,0,0,0,0,0,0,0,0,0,0,0,3
0,0,0,0,0,0,0,0,2,1,1,6,1,4,0,0,0,0,0,0,0,0,0,0,0,0,0,0,1,1,0,1,1,2,2,1,1,3,1,0,0,0,0,0,0,0,0,0,0,0,0,0,0,0,0,0,2,0,1,4,10,1,5,6,0,0,0,0,0,0,0,0,0,0,0,0,0,0,1,3,7,14,24,22,11,6,3,0,0,0,0,0,0,0,0,0,0,0,0,0,0,1,3,5,13,117,199,179,47,56,15,3,0,0,0,0,0,0,0,0,0,0,0,0,0,0,0,1,19,147,239,235,208,216,75,15,4,0,0,0,0,0,0,0,0,0,0,0,0,0,0,2,27,170,236,243,238,242,208,93,8,0,0,1,3,3,0,0,0,0,0,0,0,0,1,2,29,189,248,253,252,251,241,126,25,9,4,6,5,3,1,0,0,0,0,0,0,0,2,13,45,233,252,254,253,252,249,235,156,35,28,10,1,1,8,11,0,0,0,0,0,5,10,67,220,243,250,248,249,254,252,249,239,222,190,43,13,3,1,0,0,0,0,0,4,5,80,107,218,242,250,253,254,254,254,254,253,251,243,223,85,18,4,6,5,0,4,5,0,10,27,120,225,243,253,254,254,253,254,250,252,254,253,242,209,100,11,0,0,1,1,1,0,14,129,214,240,252,252,254,254,255,253,254,252,252,251,241,238,135,36,0,0,1,1,0,1,21,152,239,251,246,251,252,254,255,254,249,251,251,254,253,248,234,214,222,0,2,1,0,1,29,216,248,252,252,250,253,254,254,252,254,252,253,254,252,254,249,236,242,7,5,0,2,5,39,201,251,253,253,252,254,254,252,252,253,252,252,252,253,251,252,242,248,0,1,2,3,15,54,235,253,254,254,254,254,255,254,253,253,253,252,243,221,209,220,215,0,0,3,4,18,85,227,245,253,253,254,253,252,252,252,243,223,212,212,203,40,31,29,21,2,0,0,6,89,196,240,249,248,247,248,239,215,207,209,202,38,27,27,19,10,1,1,0,1,0,0,13,34,141,239,221,206,200,202,194,36,27,27,18,10,1,1,1,2,6,1,1,1,0,0,6,118,181,193,192,34,26,26,18,11,1,1,1,0,0,0,0,2,1,2,1,0,0,0,6,19,26,26,17,9,3,4,3,0,0,0,0,1,1,1,2,1,2,0,0,1,0,0,0,1,1,2,2,1,0,0,0,1,1,1,1,1,1,0,0,0,0,0,0,0,0,0,2,6,7,7,7,0,3,1,1,0,0,0,1,1,0,0,0,0,0,0,0,0,0
0,0,0,0,0,0,0,0,0,0,0,0,0,0,3,1,0,0,0,0,0,0,0,0,0,0,0,0,0,0,0,0,0,0,0,0,0,0,0,0,1,1,0,0,0,0,0,0,0,0,0,0,0,0,0,0,0,0,0,0,0,0,2,2,3,2,1,1,0,0,0,0,0,0,0,1,3,0,0,0,0,0,0,0,0,4,4,2,1,3,1,4,1,1,0,0,0,0,0,11,3,2,0,0,0,0,0,0,1,1,5,14,16,14,5,2,7,6,1,0,0,0,2,1,2,5,4,0,1,0,0,2,7,14,28,117,184,20,1,1,1,1,0,0,0,2,0,0,1,1,4,1,4,1,8,15,31,139,148,230,170,37,12,1,7,0,0,0,0,0,4,3,1,0,2,3,11,28,34,177,173,232,236,235,219,146,9,1,2,0,0,0,3,4,0,0,4,3,7,40,41,187,203,226,248,251,253,250,206,42,15,1,0,0,0,0,3,1,1,0,8,63,29,74,206,233,240,247,249,248,254,251,226,172,9,0,0,0,0,0,0,5,9,19,30,92,211,225,244,251,251,249,253,248,250,252,223,47,19,0,0,0,0,0,2,24,108,119,221,237,246,253,251,248,252,254,253,253,253,254,227,44,7,2,0,0,0,0,151,141,151,222,248,254,254,254,251,252,252,254,255,254,254,252,236,76,47,6,0,0,0,0,151,192,223,234,251,252,252,254,252,253,254,254,254,254,254,254,237,199,66,12,5,3,3,0,4,32,189,211,240,249,253,254,254,254,254,254,253,253,249,254,246,108,72,6,5,3,1,0,0,10,17,35,192,212,239,251,254,255,252,252,253,249,254,252,247,223,29,7,1,1,2,9,8,5,2,10,18,36,195,216,242,253,254,254,254,253,253,254,251,219,113,13,2,6,1,0,1,6,1,4,3,9,18,36,209,230,253,254,252,252,254,253,245,233,125,17,1,1,0,0,5,3,3,0,0,2,1,9,27,202,221,243,253,252,252,254,250,234,138,19,5,2,0,0,0,1,2,1,1,0,0,1,10,19,37,202,222,243,253,253,250,233,150,21,4,4,0,0,0,0,0,0,0,1,1,0,0,1,10,18,37,202,220,243,252,231,194,21,0,0,0,0,0,0,0,0,0,1,1,1,0,0,0,1,9,22,39,217,243,237,167,22,0,0,0,0,0,0,0,0,0,0,1,1,1,1,0,0,0,1,11,29,210,223,159,26,0,0,0,0,0,0,0,0,0,0,0,0,0,0,3,1,3,3,0,2,0,0,232,0,0,0,0,0,0
0,0,0,0,0,0,0,0,0,0,0,0,0,0,0,0,0,0,0,0,0,0,0,0,0,0,0,1,4,5,4,2,2,1,2,4,0,0,0,0,0,0,0,0,0,0,0,0,0,0,0,6,11,16,15,9,3,1,1,2,1,1,0,0,0,0,0,0,0,0,0,0,0,0,0,8,77,123,134,60,22,19,19,14,8,2,0,0,0,0,0,0,0,0,0,0,0,0,0,10,81,162,206,180,159,149,145,136,52,21,18,12,7,1,1,1,0,0,3,4,0,0,1,10,96,182,217,238,242,238,236,229,175,153,149,138,32,20,17,12,7,4,4,3,0,0,2,7,50,121,191,235,250,252,252,247,242,239,239,229,167,155,149,102,42,35,32,14,0,0,2,4,9,43,121,217,248,252,253,252,252,252,253,250,242,237,233,205,170,162,158,161,0,0,0,3,4,10,66,206,243,250,253,253,252,253,252,253,253,252,251,246,240,233,221,189,0,1,1,2,1,6,50,203,245,251,253,251,251,253,254,254,254,253,253,252,251,243,205,118,0,1,2,3,3,2,37,184,235,250,252,252,252,254,254,253,252,252,252,248,240,203,117,101,0,0,0,2,1,1,14,57,182,242,252,250,253,254,254,252,251,251,249,238,161,51,19,0,4,3,3,2,2,3,2,16,146,222,247,253,253,253,254,253,250,248,240,195,101,22,3,0,1,1,2,2,3,2,4,11,52,162,241,252,251,252,253,253,249,236,213,138,37,5,1,1,1,0,0,1,1,0,0,5,42,135,236,252,250,250,251,248,232,184,102,55,13,1,1,2,0,0,0,0,0,0,0,1,13,91,227,249,252,252,249,236,184,84,20,6,3,4,0,0,0,0,0,0,0,0,0,0,6,50,186,246,247,247,236,182,88,18,4,2,1,1,0,0,0,0,0,0,0,0,0,0,4,43,182,237,237,231,176,115,18,4,0,1,0,0,0,0,0,0,0,0,0,0,0,1,5,40,166,225,220,129,78,17,6,0,0,0,0,0,0,0,0,0,0,0,0,0,0,3,5,18,73,161,145,64,11,5,0,0,0,0,0,0,0,0,0,0,0,0,0,0,0,2,2,7,18,33,21,10,3,2,0,0,0,0,0,0,0,0,0,0,0,0,0,0,0,0,2,6,8,4,2,1,2,2,0,0,0,0,0,0,0,0,0,0,0,0,0,0,0,0,1,1,1,2,1,1,2,1,0,0,0,0,0,0,0,0,0,0,0,0,0,0,0,0,0,0,0,0,0,0,0,0,0,0,0,0,0,0,0,0,0
0,2,0,0,0,0,1,1,4,3,0,0,0,1,1,0,0,0,0,0,0,0,0,0,0,2,1,0,4,4,6,1,0,2,1,1,1,1,1,1,0,2,0,0,1,1,3,0,0,2,1,1,2,2,4,1,3,0,0,0,0,0,0,0,2,0,2,0,0,5,1,0,0,3,2,6,13,14,15,14,11,7,1,1,1,1,1,1,1,5,0,1,0,2,7,7,0,3,2,10,103,114,122,118,112,25,15,15,15,15,15,11,6,2,1,1,2,4,6,7,0,3,4,10,111,208,218,223,215,131,123,125,126,127,127,118,25,18,16,16,17,18,12,3,0,2,5,5,32,213,236,251,245,230,228,230,232,233,233,223,137,129,126,135,134,121,106,4,0,3,1,1,25,152,247,254,252,252,251,252,253,253,253,248,238,232,231,240,237,204,116,3,4,3,1,0,18,175,239,254,254,254,254,254,253,254,254,252,253,252,251,246,227,193,24,1,6,3,3,1,9,38,230,251,254,252,254,253,252,254,252,254,252,254,244,214,156,24,11,3,0,1,0,1,5,19,195,243,254,251,253,254,254,254,249,254,253,251,235,169,22,7,3,1,2,2,5,2,0,9,48,223,250,254,251,254,255,253,254,251,254,241,227,34,8,4,1,1,2,2,1,2,0,1,21,197,244,246,254,254,255,254,249,254,254,240,186,20,5,4,0,4,1,1,0,1,1,0,12,69,228,252,254,255,253,254,253,253,246,223,41,9,1,2,0,0,3,8,0,0,5,0,6,33,215,246,253,254,254,252,253,252,234,61,12,1,7,0,3,3,0,2,1,3,0,3,3,87,218,252,253,250,250,247,240,230,192,20,1,1,2,1,1,0,0,1,0,0,0,2,3,27,219,248,252,252,252,238,116,77,23,13,2,0,4,0,1,0,0,0,0,0,0,0,0,15,120,237,253,254,246,212,30,8,4,3,4,1,2,4,1,0,0,0,0,0,0,0,0,6,30,216,248,245,236,121,14,1,0,0,2,0,0,3,0,0,0,0,0,0,0,0,0,1,17,136,237,238,215,30,5,0,0,0,0,0,0,0,0,0,0,0,0,0,0,0,0,1,10,31,218,234,144,16,1,0,0,0,0,0,0,0,0,0,0,0,0,0,0,0,0,2,1,16,148,170,28,8,2,0,0,0,0,0,0,0,0,0,0,0,0,0,0,0,0,0,5,8,15,20,10,1,8,0,0,0,0,0,0,0,0,0,0,0,0,0,0,0,0,0,1,0,3,14,0,0,0,0,0,0,0,0,0,0,0,0,0
0,0,0,0,0,0,0,0,0,1,1,1,2,0,2,2,2,1,3,0,6,0,0,0,0,0,0,0,0,1,1,1,1,0,0,0,0,4,3,2,2,3,5,2,1,3,0,0,0,5,2,1,1,0,0,0,0,1,1,1,8,13,20,19,12,5,3,3,6,5,0,0,11,2,1,1,0,1,1,1,8,13,19,19,29,142,152,145,82,11,3,2,5,5,0,0,0,2,5,5,8,13,19,19,29,142,152,152,161,234,241,233,139,26,8,1,1,0,0,0,3,14,20,20,29,142,152,152,161,234,244,244,247,250,251,247,228,124,12,1,0,0,0,0,3,92,138,149,161,234,244,244,247,251,255,255,255,254,254,253,239,135,16,0,0,0,0,0,1,25,167,235,245,250,255,255,255,254,254,254,254,255,255,255,240,135,16,0,0,0,0,0,3,22,167,243,251,254,254,254,254,254,255,255,255,255,255,255,245,145,26,5,0,0,0,0,5,22,166,244,254,254,255,255,255,255,255,255,255,255,255,255,250,231,126,11,0,0,0,0,3,15,158,235,252,255,255,255,255,255,255,255,255,255,255,255,255,240,135,16,0,0,0,0,0,7,32,177,248,255,255,255,255,255,255,255,255,255,255,255,255,240,135,16,0,0,0,0,0,0,22,168,245,255,255,255,255,255,255,255,255,255,255,255,255,245,145,26,5,0,0,0,0,0,22,168,245,255,255,255,255,255,255,255,255,255,255,255,255,250,231,125,11,0,0,0,0,0,15,158,236,252,255,255,255,255,255,255,255,255,255,255,255,254,240,134,17,2,0,1,0,0,7,32,177,248,255,255,255,255,255,255,255,255,254,254,254,253,238,134,18,3,2,6,0,0,0,22,168,245,255,255,255,255,255,254,254,254,254,255,254,251,239,139,22,6,3,3,0,0,0,22,168,245,254,254,254,254,254,255,255,255,251,247,243,243,227,145,72,5,3,1,0,0,0,15,157,235,251,254,254,255,251,247,244,244,234,161,152,152,142,28,12,7,5,3,0,0,0,10,31,176,242,245,243,244,234,161,152,152,142,29,19,19,14,9,2,2,1,5,0,0,0,2,19,161,223,161,152,152,142,29,19,19,13,8,1,2,4,2,2,1,2,2,0,0,1,3,13,102,138,30,19,19,13,8,1,1,1,0,0,0,0,2,7,6,1,0,0,0,2,6,7,14,14,11,5,2,1,0,0,0,0,1,1,1,1,0,0,0,0,0,0,0,0,1,0,3,1,6,0,0,0,1,1,1,1,0,0,0,0,0,0,0,0,0,3
0,0,0,0,0,0,0,0,0,1,0,1,1,0,1,1,4,1,5,0,0,0,0,0,0,0,0,0,0,1,6,9,5,5,4,3,7,1,1,2,1,1,4,0,0,0,0,0,0,0,0,0,1,4,8,10,18,27,25,25,16,21,18,14,4,2,1,2,0,0,0,0,0,0,0,4,5,5,15,28,184,195,189,188,172,46,150,22,5,5,1,4,2,0,0,0,0,1,5,1,2,11,28,196,213,248,249,248,240,237,223,44,24,13,3,8,2,0,0,0,5,4,5,2,10,21,189,236,251,252,253,250,254,254,244,229,148,31,11,1,5,2,0,0,1,1,2,16,19,57,229,249,249,254,254,254,253,254,254,249,237,219,29,11,0,0,1,0,5,1,4,17,170,201,243,253,254,252,255,255,255,255,254,253,252,244,215,21,1,2,1,0,3,3,9,35,196,248,253,254,254,255,255,255,255,255,255,253,252,251,230,37,8,2,1,1,3,5,9,164,227,252,254,255,254,255,255,255,255,255,255,253,252,252,232,142,12,2,1,3,0,6,17,44,237,254,254,254,255,255,255,255,255,255,255,255,254,253,244,151,22,2,2,7,1,8,15,158,231,253,251,254,255,255,255,255,255,255,255,255,255,254,249,221,28,2,6,8,1,4,11,37,227,250,252,252,255,255,255,255,255,255,255,255,255,255,252,223,28,1,6,8,2,5,3,28,153,245,254,254,255,255,255,255,255,255,255,255,255,254,249,178,27,1,1,3,0,0,3,15,144,235,254,252,254,255,255,255,255,255,255,254,254,252,238,173,23,5,1,13,2,1,1,7,36,231,252,252,254,253,255,255,255,254,254,254,252,241,182,32,10,4,1,0,0,3,8,1,20,216,245,251,251,253,254,255,254,254,249,252,245,191,42,10,3,2,1,7,0,2,6,6,12,31,221,235,242,249,254,253,254,253,251,249,203,170,21,5,1,1,4,5,0,0,3,1,1,11,26,142,159,227,241,249,250,249,239,197,177,25,8,1,5,4,0,0,0,0,0,1,1,2,9,13,25,35,165,220,184,188,179,36,18,13,0,3,1,0,0,0,0,0,0,1,0,2,4,6,6,8,19,25,30,24,16,10,1,1,3,0,3,0,0,0,0,0,0,0,0,3,1,2,3,1,1,0,0,0,3,1,4,0,0,0,0,0,0,0,0,0,0,0,0,3,1,4,2,4,4,1,1,3,1,1,0,1,0,0,0,0,0,0,0,0,0,0,0,4,2,0,8,10,1,8,8,0,10,1,0,0,0,0,0,0,0,0,1
0,0,0,3,2,3,2,2,10,8,0,191,0,255,252,0,0,0,0,0,0,0,0,0,0,0,0,5,1,4,5,22,99,145,228,232,242,244,244,234,222,195,17,0,0,0,0,0,0,0,0,5,1,2,8,25,216,242,249,252,253,253,250,251,248,191,41,15,7,0,0,0,0,0,2,1,5,8,14,43,235,252,254,250,254,253,249,252,251,240,186,165,25,8,0,0,0,0,1,5,3,14,38,219,245,255,254,254,254,254,254,254,254,252,249,233,140,17,4,0,0,0,2,8,11,32,181,240,254,254,255,255,255,255,255,254,255,255,251,247,220,26,3,8,0,3,6,1,20,211,240,250,252,255,255,255,255,255,255,255,255,255,254,252,226,34,6,1,0,0,0,2,30,225,253,253,254,255,255,255,255,255,255,255,255,254,254,255,226,38,2,1,0,2,0,11,42,234,252,251,254,255,255,255,255,255,255,255,254,250,254,245,217,23,4,4,1,2,0,12,208,231,248,254,253,255,255,255,255,255,255,255,254,253,254,242,55,21,2,0,2,1,2,15,85,236,251,254,255,255,255,255,255,255,255,255,255,254,254,241,172,20,1,0,2,1,2,15,85,239,251,254,255,255,255,255,255,255,255,255,254,252,252,240,212,18,1,6,7,1,2,20,213,242,253,254,255,255,255,255,255,255,255,255,254,251,253,235,39,12,6,2,0,3,6,16,140,238,251,254,254,254,255,255,255,255,255,254,253,253,251,225,31,4,6,2,2,6,8,7,25,179,240,253,254,254,254,253,254,255,255,253,249,243,234,208,24,1,0,3,2,2,1,6,18,37,211,243,254,254,254,249,253,254,252,253,245,230,87,23,10,0,1,0,2,8,2,2,3,32,46,212,243,252,249,249,253,254,250,241,225,107,17,3,4,1,2,0,2,5,1,2,4,6,27,56,220,246,254,254,253,253,240,177,33,17,8,5,3,3,1,0,2,1,3,3,1,2,6,21,75,223,233,237,238,222,198,28,8,6,3,1,3,2,0,0,2,0,5,3,2,3,3,3,18,70,80,87,208,53,38,11,3,1,3,1,0,2,0,0,0,0,4,3,3,4,0,2,7,10,9,15,15,13,2,2,5,5,2,4,0,3,0,0,0,0,0,0,0,0,2,3,3,5,3,4,3,2,0,0,3,7,8,1,0,0,0,0,0,0,0,0,0,0,0,0,5,4,8,8,3,5,0,4,4,6,3,3,1,0,0,0,0,0,0,0,0,0,0,0,0,1,0,1,8,2,0,4,2,2,1,2,1,0,0,0,1
0,0,0,0,0,0,0,0,0,0,0,0,0,0,0,0,0,0,0,0,0,0,0,0,0,0,0,0,0,0,0,0,3,0,0,0,0,0,0,0,0,0,0,0,0,0,0,0,0,0,0,0,0,0,2,3,2,0,0,0,0,0,0,0,0,0,0,0,0,0,0,0,0,0,0,0,1,1,1,4,3,1,1,0,0,0,0,0,0,0,0,0,0,0,0,0,0,0,0,1,2,1,2,6,5,3,5,0,0,0,0,0,0,0,1,1,0,0,0,0,0,0,0,2,2,3,14,41,20,26,4,1,0,0,0,0,0,0,1,1,0,0,0,0,0,0,0,4,1,9,70,180,127,57,18,7,0,0,0,0,2,2,2,1,0,0,0,0,0,0,0,2,2,12,153,219,221,209,134,31,9,3,2,2,3,3,1,1,1,1,0,0,0,0,0,1,2,16,76,209,238,240,220,151,61,44,31,13,6,2,2,2,2,1,1,0,0,0,0,0,1,16,144,221,249,250,247,236,208,163,140,79,21,10,6,5,4,2,1,0,0,0,0,0,2,15,48,212,251,252,251,251,238,234,226,191,76,63,52,31,5,2,1,0,0,0,0,0,2,17,51,212,251,250,250,251,251,250,248,235,196,184,154,71,21,11,5,0,0,0,0,0,4,39,108,216,249,252,252,253,253,252,251,250,249,240,225,202,146,86,58,1,0,0,0,1,5,54,111,215,246,252,253,254,253,252,252,253,253,252,249,241,215,193,176,133,0,0,2,1,5,33,118,218,247,253,252,253,254,253,251,250,253,253,252,251,245,230,195,170,0,0,3,1,3,38,171,224,248,249,250,252,254,253,253,253,253,253,250,247,237,205,147,99,0,0,1,1,3,25,129,225,249,253,253,253,253,253,253,253,251,249,239,209,182,102,71,2,0,0,1,1,1,32,180,232,250,252,251,253,253,253,251,249,241,210,191,97,73,17,6,1,0,0,1,2,2,18,115,220,249,252,252,252,252,249,241,211,190,103,74,19,7,3,0,0,0,0,0,0,4,16,115,210,248,252,253,248,243,215,193,110,74,22,7,3,0,0,0,0,0,0,0,0,4,33,133,222,247,249,245,234,203,161,94,28,7,3,0,0,0,0,0,0,0,0,0,0,3,70,170,224,240,234,202,175,106,68,24,5,0,0,0,0,0,0,0,0,0,0,0,0,3,17,130,197,208,200,34,20,14,7,3,0,0,0,0,0,0,0,0,0,0,0,0,0,0,0,0,0,0,0,0,0,0,0,0,0,0,0,0,0,0,0,0,0,0
0,0,0,0,0,0,0,0,0,0,0,0,0,0,0,0,0,0,0,0,0,0,0,0,0,0,0,0,0,0,0,0,0,0,1,2,4,5,1,0,0,0,0,0,0,0,0,0,0,0,0,1,1,0,3,3,3,2,2,2,3,3,6,5,1,0,0,0,0,0,0,0,0,0,0,0,1,1,3,2,3,2,4,6,6,6,5,3,2,2,1,0,0,0,0,0,0,0,0,1,2,2,4,5,10,20,45,59,47,50,43,26,11,6,3,1,1,1,0,0,0,0,1,1,2,5,12,15,33,162,182,175,163,172,170,120,73,38,9,2,1,3,0,0,0,0,1,1,5,21,66,84,116,207,243,245,245,245,241,220,193,132,48,13,5,3,2,0,0,2,2,2,20,93,186,216,233,245,251,252,254,252,250,249,245,213,142,63,17,10,5,0,2,5,6,8,40,154,239,248,249,252,253,254,254,253,251,252,252,245,202,125,101,68,7,0,0,4,4,14,100,218,248,252,252,253,254,255,255,254,254,253,254,252,246,238,193,65,18,0,0,0,1,13,100,232,250,252,254,254,255,255,255,255,255,255,254,254,253,251,228,149,69,0,0,2,3,16,79,229,251,253,254,255,255,255,255,255,255,255,255,255,254,253,245,191,152,0,0,3,5,27,125,227,252,253,254,255,255,255,255,255,255,255,255,255,255,254,248,226,172,0,0,3,5,30,199,234,251,253,254,255,255,255,255,255,255,255,255,255,254,253,250,216,130,0,0,3,5,19,112,217,251,254,255,255,255,255,255,255,255,255,255,254,253,253,249,233,138,0,0,3,2,8,79,221,248,253,255,255,255,255,255,255,255,255,255,254,253,252,251,237,142,0,0,4,1,4,23,161,233,248,253,254,254,254,255,255,255,255,255,254,253,253,250,232,116,0,0,0,2,1,11,86,125,222,245,251,253,253,254,254,254,254,254,252,249,247,241,160,52,0,0,0,1,2,6,12,28,118,206,242,249,251,252,254,252,251,253,251,226,200,191,117,13,0,0,0,0,0,2,4,13,29,99,201,223,244,250,249,250,251,250,243,213,130,40,23,5,0,0,0,0,0,0,0,3,6,17,86,117,203,210,212,221,234,227,206,128,23,8,1,0,0,0,0,0,0,0,0,0,0,7,10,22,88,138,99,112,160,127,113,49,9,0,0,0,0,0,0,0,0,0,0,0,0,0,0,3,9,13,13,21,52,21,15,12,9,0,0,0,0,0,0,0,0,0,0,0,0,0,0,0,0,0,0,0,0,0,0,0,0,0,0,0,0,1
0,0,0,0,0,0,0,0,2,1,2,5,0,2,0,0,0,0,0,0,0,0,0,0,0,0,0,0,1,1,0,1,3,2,1,2,7,0,0,0,0,0,0,0,0,0,0,0,0,0,0,0,0,0,0,2,3,2,5,8,2,1,3,0,0,0,0,0,0,0,0,0,0,0,0,0,0,2,2,1,8,15,16,7,1,6,1,0,0,0,0,0,0,0,0,0,0,0,0,0,1,4,4,1,15,157,121,33,19,7,2,1,0,0,0,0,0,0,0,0,0,0,0,0,0,0,1,1,27,180,230,198,121,18,2,1,0,0,0,0,0,0,0,0,0,0,0,0,0,1,4,12,38,216,241,234,185,36,33,3,0,0,0,2,2,0,0,0,0,0,0,0,0,1,6,46,158,239,249,246,224,154,65,13,4,0,0,4,2,2,4,0,0,0,0,0,0,4,14,77,226,250,254,252,246,231,171,82,24,12,7,2,1,1,1,4,0,0,0,0,1,6,70,173,240,251,251,252,252,250,242,231,166,79,11,1,1,2,3,0,0,0,0,1,1,13,93,185,243,252,251,251,252,253,253,250,232,148,26,18,7,4,4,1,0,3,2,1,5,21,143,224,243,253,254,254,254,253,251,252,248,201,113,99,31,5,3,4,1,3,2,1,13,99,190,238,249,253,255,254,254,254,251,253,252,245,217,121,70,13,6,6,2,1,0,2,27,177,234,247,251,254,254,255,255,254,251,252,253,250,239,222,133,60,45,1,3,1,0,3,40,204,247,251,250,253,254,255,255,254,253,249,253,254,250,241,234,210,138,49,1,2,2,6,51,221,251,252,253,253,254,254,254,254,253,253,253,253,252,253,249,233,214,156,0,0,4,13,83,234,253,254,253,252,254,254,253,253,254,253,253,252,252,251,250,245,227,170,0,2,11,57,144,243,254,254,254,253,254,254,253,253,251,247,244,244,243,234,197,187,177,189,0,9,58,153,236,249,251,252,253,250,245,243,244,244,235,187,177,177,177,167,34,24,24,1,0,15,136,214,240,242,238,238,239,231,183,175,176,177,168,32,22,22,24,17,8,0,2,5,0,53,76,185,221,178,165,168,170,161,31,22,22,23,15,8,1,2,1,1,0,2,1,0,0,11,143,156,155,30,21,22,22,15,9,1,1,1,1,0,0,0,4,4,2,0,0,3,0,7,20,23,14,7,0,3,3,3,2,0,0,0,0,0,1,2,1,1,1,0,0,0,0,0,1,1,2,3,0,0,0,0,0,1,1,1,1,2,0,0,0,0,0,0,0,0,0
0,0,0,0,2,0,4,1,0,0,2,1,1,0,0,0,0,0,0,0,0,0,0,0,0,0,0,2,8,9,11,12,5,5,0,0,0,1,1,0,0,0,0,0,0,0,0,0,0,0,0,1,1,15,140,36,20,10,1,1,0,0,0,1,1,1,0,0,1,0,0,0,0,0,0,0,11,31,168,228,215,39,29,20,11,1,1,0,0,0,1,2,2,1,0,0,0,0,0,0,15,156,234,248,245,235,225,216,39,29,20,11,1,1,0,1,7,6,1,7,0,0,0,7,29,174,244,253,253,255,255,245,235,225,216,39,20,11,2,6,2,2,1,2,0,0,0,15,155,184,248,254,255,254,254,254,255,255,245,235,216,39,30,20,14,2,3,2,0,0,0,22,165,242,252,255,255,255,255,254,254,254,255,255,245,235,225,210,28,10,6,2,0,0,7,32,177,248,255,255,255,255,255,255,255,255,254,254,254,254,246,222,120,6,6,0,0,0,15,158,236,252,255,255,255,255,255,255,255,255,255,255,255,254,243,145,28,8,1,5,0,0,22,168,245,255,255,255,255,255,255,255,255,255,255,255,255,255,240,133,17,2,0,1,0,8,32,177,248,255,255,255,255,255,255,255,255,255,255,255,255,250,231,125,11,0,0,0,4,15,158,235,252,255,255,255,255,255,255,255,255,255,255,255,255,245,145,26,5,0,0,0,6,31,175,247,253,254,255,255,255,255,255,255,255,255,255,255,250,236,131,16,0,0,0,0,0,150,225,247,251,253,254,255,255,255,255,255,255,255,255,255,245,150,121,11,0,0,0,0,2,31,212,235,244,254,255,254,254,254,255,255,255,255,255,255,240,141,22,5,0,0,0,0,4,15,23,39,216,225,235,245,255,255,254,254,254,255,255,250,231,126,11,0,0,0,0,0,1,6,5,12,20,29,39,216,235,245,255,255,254,253,254,245,145,26,5,0,0,0,0,0,11,1,1,0,1,1,11,20,39,216,225,235,245,254,250,238,133,17,0,0,0,0,0,0,0,4,1,1,0,0,1,1,11,20,29,39,216,225,229,218,125,12,2,0,0,0,0,0,0,1,0,0,1,1,0,0,0,1,1,11,20,30,38,120,21,9,1,2,1,0,0,0,0,0,0,0,0,0,1,1,1,0,0,0,2,6,9,9,9,1,4,9,8,0,0,0,0,0,0,0,0,0,0,0,0,1,1,0,1,2,2,3,3,6,1,2,1,0,0,0,0,0,0,0,0,0,0,0,0,0,0,2,2,9,1,0,2,2,0,0,0,0,0,0,3
0,0,0,0,0,0,0,0,0,0,0,0,0,0,0,0,0,0,0,0,0,0,0,0,0,0,0,0,0,0,0,0,0,0,0,0,1,3,10,19,26,50,126,28,9,0,0,0,0,0,0,0,0,0,0,0,0,0,2,4,13,31,55,143,158,177,224,191,17,0,0,0,0,2,2,1,1,0,0,2,5,7,14,45,68,162,174,190,241,245,246,205,28,1,0,0,0,4,3,1,2,3,6,16,58,67,76,172,191,239,246,248,250,251,251,218,66,10,0,0,0,0,3,9,13,19,67,93,176,191,198,240,250,252,254,254,254,253,253,243,205,22,2,0,0,3,10,57,104,114,179,210,239,248,250,252,254,254,254,254,255,255,254,253,227,82,13,0,7,5,38,118,191,223,239,250,253,254,254,254,254,254,255,255,255,255,255,253,245,214,29,0,3,8,61,183,237,249,252,253,254,254,254,255,255,255,255,255,255,255,255,254,252,234,98,0,2,6,52,170,237,252,253,254,254,254,255,255,255,255,255,255,255,255,255,254,253,246,217,0,0,3,15,85,203,248,254,255,255,255,255,255,255,255,255,255,255,255,255,255,254,253,224,0,0,0,5,53,163,235,252,255,255,255,255,255,255,255,255,255,255,255,255,255,254,254,224,0,0,0,2,15,100,213,249,254,255,255,255,255,255,255,255,255,255,255,255,254,253,253,224,0,0,0,0,8,88,180,237,253,255,255,255,255,255,255,255,255,255,254,254,254,253,252,222,0,0,0,0,4,38,129,223,252,255,255,255,255,254,254,254,254,254,254,254,254,251,248,217,0,0,0,0,1,11,103,212,247,254,255,254,254,254,254,254,253,254,250,247,244,234,186,164,0,0,0,0,0,4,31,144,235,253,253,254,254,254,253,252,245,238,227,170,167,152,63,52,0,0,0,0,0,0,11,112,217,245,252,251,250,248,240,218,200,139,136,124,34,30,11,5,0,0,0,0,0,1,6,25,142,232,244,235,192,190,178,108,91,23,17,12,7,2,1,0,0,0,0,0,0,1,2,14,122,212,169,156,65,68,65,18,8,4,1,1,0,0,0,0,0,0,0,1,2,2,3,9,68,122,35,27,12,7,5,2,1,1,0,0,0,0,0,0,0,0,0,0,3,2,2,6,10,11,8,6,3,0,0,0,0,0,0,0,0,0,0,0,0,0,0,0,0,0,0,0,2,2,2,0,0,1,1,0,0,0,0,0,0,0,0,0,0,0,0,0,0,0,0,0,0,0,0,0,0,0,0,0,0,0,0,0,0,0,0,0,0,3
0,0,0,0,0,0,0,0,0,1,1,0,1,1,3,3,5,0,0,0,0,0,0,0,0,0,0,0,0,0,0,0,0,0,0,1,2,2,2,3,0,0,0,0,0,0,0,0,0,0,0,0,0,0,0,0,0,0,1,3,4,7,8,3,1,0,0,0,0,0,0,0,0,0,0,0,0,0,0,0,0,0,1,7,40,68,38,9,4,0,0,0,0,0,0,0,0,0,0,0,0,0,0,0,0,1,5,18,113,198,126,32,3,0,0,0,0,0,0,0,0,0,0,0,0,0,0,0,0,4,35,95,171,226,160,50,4,0,0,0,0,0,0,0,0,0,1,0,1,0,0,0,1,10,74,192,236,236,169,57,7,0,0,0,0,0,0,0,0,0,2,4,1,1,1,1,5,36,135,224,250,249,220,111,15,2,0,0,0,0,0,0,0,0,1,4,0,1,1,1,16,105,205,244,250,250,242,179,69,11,2,1,0,1,3,0,0,0,1,0,0,1,0,4,27,158,232,248,251,251,249,234,164,55,9,3,0,3,2,0,0,0,0,2,2,1,0,10,92,197,242,252,253,253,252,248,216,105,13,1,0,2,0,0,0,0,2,1,2,2,4,22,150,232,248,252,253,254,253,250,237,148,21,3,3,0,1,0,0,0,3,1,2,4,13,87,197,245,251,251,253,254,253,252,247,205,81,13,4,1,1,0,0,0,1,2,3,12,75,160,233,250,252,252,253,254,252,251,251,236,174,63,9,2,0,0,0,0,2,1,5,52,160,216,245,253,252,253,254,253,253,251,253,247,219,123,18,5,1,0,0,0,2,4,12,93,205,243,252,253,253,254,254,253,253,253,253,251,237,180,69,12,3,0,0,0,2,6,34,131,207,237,249,251,252,253,254,253,253,252,252,251,248,224,158,54,6,0,0,0,4,3,36,103,130,191,227,231,233,235,237,238,238,237,237,240,247,235,180,81,7,0,0,0,2,3,9,12,21,91,136,141,142,145,146,147,147,147,147,156,227,234,181,69,10,0,0,0,0,1,1,2,5,10,16,17,17,17,17,18,18,18,19,28,137,162,144,105,8,0,0,0,0,0,4,4,4,2,2,1,1,1,0,0,1,1,1,7,13,19,19,12,7,0,0,0,0,0,0,1,1,1,0,0,0,0,0,0,0,1,3,2,1,1,4,5,1,0,0,0,1,1,1,2,3,1,1,0,0,0,1,1,1,1,1,1,1,0,1,7,6,0,0,0,0,0,0,0,1,1,1,0,0,0,1,0,0,0,1,1,0,0,3,1,0,0,0
0,0,0,0,0,0,0,0,0,0,0,0,0,2,4,10,1,2,4,0,0,0,0,0,0,0,0,0,0,0,0,0,0,1,1,1,1,1,2,2,4,2,1,3,0,3,0,0,1,1,2,1,1,1,1,1,1,0,0,0,0,2,3,4,1,3,3,1,1,4,0,0,9,1,7,3,2,1,0,0,0,1,1,1,4,8,12,12,8,4,5,2,4,2,1,0,4,1,3,2,1,2,1,1,4,7,10,10,20,81,91,91,75,20,9,3,8,2,7,0,2,2,1,4,6,8,10,10,20,81,91,91,101,225,234,233,225,166,16,5,1,1,1,0,0,3,6,10,21,81,91,91,101,225,235,235,241,248,254,252,243,180,24,2,0,0,0,0,1,6,12,69,99,224,234,235,241,248,255,255,255,255,253,253,247,178,24,1,0,0,0,0,1,1,19,175,235,245,254,255,255,254,254,254,254,254,255,255,249,189,34,8,0,0,0,0,3,4,25,188,243,253,253,254,254,254,255,255,255,255,255,255,252,237,170,16,0,0,0,0,0,3,17,176,238,251,254,255,255,255,255,255,255,255,255,255,255,247,179,24,0,0,0,0,0,0,9,35,197,251,255,255,255,255,255,255,255,255,255,255,255,247,179,24,0,0,0,0,0,0,0,25,188,249,255,255,255,255,255,255,255,255,255,255,255,249,189,34,7,0,0,0,0,0,0,25,188,249,255,255,255,255,255,255,255,255,255,255,255,252,237,170,16,0,0,0,0,0,0,17,178,239,253,255,255,255,255,255,255,255,255,255,255,255,247,179,24,0,0,0,0,0,0,8,35,198,251,255,255,255,255,255,255,255,255,255,255,255,247,179,24,0,0,0,0,0,0,0,25,188,249,255,255,255,255,255,255,255,255,255,255,255,249,188,33,9,0,1,0,0,0,0,25,188,249,255,255,255,255,255,255,255,255,254,254,254,251,235,169,16,4,2,0,0,0,0,17,178,239,253,255,255,255,254,254,254,254,255,255,254,249,239,174,21,2,3,0,0,0,0,8,35,197,250,254,254,254,255,255,255,252,249,245,245,234,170,118,14,3,0,0,0,0,0,2,25,186,245,252,254,252,249,246,246,236,174,164,164,154,31,16,7,6,2,0,0,0,0,4,25,184,239,244,245,236,174,164,164,154,30,20,21,15,13,6,1,3,0,0,0,0,2,3,17,167,163,164,164,154,30,20,20,13,8,1,1,3,5,1,0,0,0,0,0,6,10,3,3,1,6,3,1,1,2,2,2,2,0,0,0,0,0,0,0,0,0,3
0,0,0,0,0,0,0,0,0,0,0,0,0,0,0,0,0,0,0,0,0,0,0,0,0,0,1,1,1,1,4,2,1,0,0,0,0,0,0,0,0,0,0,0,0,0,0,0,0,1,0,0,0,1,1,2,1,0,0,0,0,1,1,1,1,1,1,0,1,2,0,0,0,1,1,0,3,3,4,2,0,0,0,0,0,0,0,0,1,2,2,1,0,3,3,2,0,1,2,4,9,10,10,9,9,9,7,6,6,5,4,3,3,4,2,2,2,3,5,4,0,2,3,19,70,80,81,76,73,69,65,61,57,52,48,43,39,34,29,24,20,18,12,3,0,3,4,27,112,180,195,195,193,190,187,185,182,179,175,171,167,162,157,157,152,131,99,2,0,2,4,10,65,188,231,244,245,245,245,245,245,245,243,243,242,240,239,239,231,192,81,1,0,2,1,3,38,129,215,246,252,253,253,253,253,253,253,252,252,252,251,243,216,157,25,2,0,1,2,2,8,48,143,224,250,253,252,253,253,253,253,252,253,252,249,229,165,49,9,3,0,2,1,1,2,12,75,190,241,251,252,253,254,254,253,251,252,251,239,197,57,12,4,0,1,1,2,2,1,4,35,121,212,246,250,252,254,254,253,252,251,246,219,135,32,5,3,0,1,1,1,2,1,1,9,76,182,235,249,252,253,254,253,252,249,221,137,43,9,4,1,1,1,1,0,0,1,0,3,29,109,201,242,250,253,253,252,250,239,184,63,10,2,2,0,2,1,4,3,0,2,2,1,9,74,175,232,248,250,250,250,244,202,100,26,6,2,1,4,0,2,2,2,1,1,1,1,5,31,105,193,239,250,251,246,206,108,30,6,3,2,0,2,4,1,0,0,0,0,0,0,1,6,37,121,210,247,248,228,158,51,6,1,0,1,0,0,3,0,0,0,0,0,0,0,0,1,10,70,170,230,237,191,91,21,2,0,0,0,0,0,0,0,0,0,0,0,0,0,0,0,5,29,109,200,214,142,44,5,0,0,0,0,0,0,0,0,0,0,0,0,0,0,0,0,2,8,64,145,140,64,15,2,0,0,0,0,0,0,0,0,0,0,0,0,0,0,0,1,2,5,13,24,24,12,5,4,1,0,0,0,0,0,0,0,0,0,0,0,0,0,0,0,1,2,1,1,5,6,2,0,0,0,0,0,0,0,0,0,0,0,0,0,0,0,0,0,0,0,0,0,0,0,0,0,0,0,0,0,0,0,0,0,0,0,0,0,0,0,0,0,0,0,0,0,0,0,0,0,0,0,0,0,0,0,0,0
0,0,0,0,0,0,0,0,0,0,0,0,0,0,0,0,0,0,0,0,0,0,0,0,0,0,1,1,1,0,0,0,0,0,0,0,0,0,0,0,0,0,0,0,0,0,0,0,0,12,30,36,26,11,3,0,2,3,1,0,1,0,0,0,0,0,0,0,0,0,0,0,23,58,209,221,166,71,17,5,4,3,2,1,1,0,0,0,0,0,0,1,1,0,0,0,126,179,225,241,224,162,72,25,14,6,2,2,1,1,2,2,0,0,0,2,2,0,0,0,32,92,154,180,215,218,172,114,87,36,9,2,2,3,4,3,1,0,2,3,2,0,0,0,1,13,38,64,140,210,234,222,187,121,42,9,2,3,5,3,0,0,2,2,2,0,0,0,0,1,4,12,54,141,216,241,227,203,121,42,8,3,3,3,1,2,0,1,0,0,0,0,0,2,2,4,13,59,144,214,241,239,201,117,38,7,3,3,2,4,1,0,0,0,0,0,0,2,3,3,5,16,62,143,208,229,234,202,115,41,18,13,7,2,2,5,0,1,1,0,0,1,4,1,2,6,12,55,88,104,179,229,232,192,116,75,22,5,2,3,3,1,1,0,0,0,0,5,5,1,4,8,10,25,86,175,230,237,203,165,80,20,6,3,2,3,1,0,0,0,1,0,1,1,4,3,2,6,27,90,176,230,238,226,165,75,18,4,0,2,0,0,0,4,1,0,0,0,3,5,3,2,5,28,93,179,232,242,226,166,73,20,12,5,2,0,0,2,3,3,1,1,3,3,2,1,1,6,27,92,179,209,215,227,194,135,82,34,7,0,0,0,2,2,0,1,2,0,0,0,2,2,6,24,57,79,134,210,237,219,179,113,32,0,0,0,0,0,0,0,0,0,0,1,1,2,3,5,8,15,48,130,215,241,235,204,105,0,0,0,0,0,0,0,0,0,0,1,1,0,3,3,2,5,10,44,135,220,243,234,176,0,0,0,0,0,0,0,0,0,0,0,1,0,2,3,2,3,5,13,47,138,209,205,149,110,0,0,0,0,0,0,0,0,0,0,0,1,1,4,3,1,3,5,13,44,98,100,86,27,0,0,0,0,0,0,0,0,0,0,0,1,1,2,1,1,3,5,5,9,15,17,24,8,0,0,0,0,0,0,0,0,0,0,0,1,2,2,1,0,2,3,3,2,1,1,1,0,0,0,0,0,0,0,0,0,0,0,0,1,1,1,0,0,2,1,0,0,0,0,0,0,0,0,0,0,0,0,0,0,0,0,0,0,0,0,0,0,0,0,0,0,0,0,0,0,2
0,0,0,0,0,0,0,0,0,0,0,0,0,0,0,0,0,0,0,0,0,0,0,0,0,0,0,0,0,0,0,0,1,2,10,12,24,19,12,7,6,1,0,0,0,0,0,0,0,0,0,0,0,0,1,9,15,41,38,76,146,113,78,40,13,7,2,0,0,0,0,0,0,0,0,0,2,5,14,50,103,161,138,202,217,221,202,123,67,12,3,0,0,0,0,0,0,0,0,0,4,20,108,170,220,235,240,246,250,250,244,211,145,46,12,2,0,0,0,0,0,0,3,14,17,62,210,240,247,250,253,254,254,253,251,247,223,172,65,5,0,0,0,0,0,1,5,13,145,184,241,252,252,251,254,254,255,254,252,253,249,213,92,15,2,0,0,0,0,2,5,28,101,239,251,254,254,254,254,255,255,255,254,254,252,242,188,55,4,0,0,0,0,2,10,68,182,243,252,253,254,255,255,255,255,255,255,254,252,248,203,68,8,3,0,0,0,5,17,103,206,248,254,254,255,255,255,255,255,255,255,254,253,247,212,78,9,2,0,0,0,4,19,97,204,249,254,254,255,255,255,255,255,255,255,254,253,246,186,54,9,2,0,0,0,3,12,69,191,247,253,254,255,255,255,255,255,255,255,254,253,245,170,47,8,2,0,0,0,3,13,80,199,248,253,253,255,255,255,255,255,255,255,254,252,243,171,62,7,2,0,0,0,2,9,82,201,245,252,254,254,255,255,255,254,254,253,253,252,237,134,36,5,2,0,0,0,4,6,35,140,237,250,253,254,255,255,254,254,251,251,252,243,191,71,11,2,2,0,0,0,4,5,12,118,224,242,248,253,254,254,254,253,251,251,247,206,99,23,3,2,2,0,0,0,0,1,6,31,142,176,241,250,254,254,252,252,246,243,211,147,63,8,3,1,0,0,0,0,0,2,1,10,52,115,171,239,244,244,235,208,214,157,108,29,13,5,5,2,2,0,0,0,0,2,1,3,9,29,92,142,196,158,133,49,90,27,15,7,3,7,2,0,0,0,0,0,0,0,1,2,3,7,12,22,39,29,15,13,6,5,3,2,1,0,0,0,0,0,0,0,0,0,1,4,4,4,2,4,4,4,1,0,0,2,2,2,2,1,0,0,0,0,0,0,0,0,1,3,4,4,3,2,2,2,1,1,1,2,1,0,0,0,0,0,0,0,0,0,0,0,0,0,2,3,3,1,1,2,2,2,1,1,0,0,0,0,0,0,0,0,0,0,0,0,0,0,0,0,0,0,0,0,0,0,0,0,0,0,0,0,0,0,0,0,0,1
0,0,0,0,0,0,0,0,2,2,0,4,162,250,254,233,233,129,0,0,0,0,0,0,0,0,0,0,0,0,1,7,13,28,145,165,232,243,251,242,194,35,11,3,0,0,0,0,0,0,0,0,0,1,6,19,142,161,229,242,249,253,250,233,199,110,6,4,0,0,0,0,0,0,0,2,8,12,28,150,171,239,245,253,253,252,252,243,153,33,14,5,2,0,0,0,0,4,4,7,22,141,162,228,242,250,253,252,253,253,252,241,212,114,8,2,1,0,0,0,2,7,13,28,148,223,238,250,254,253,253,252,252,253,254,250,217,54,27,3,4,0,0,0,0,27,135,156,225,240,252,254,254,253,253,253,249,251,254,249,220,51,5,2,3,1,3,0,153,152,220,234,248,252,253,254,254,253,254,254,253,254,253,248,145,28,5,3,1,1,4,0,153,223,231,251,252,254,252,254,253,254,254,254,254,250,253,244,214,77,11,5,3,2,0,0,178,220,235,249,252,254,254,251,252,252,254,254,254,254,253,246,158,129,12,4,2,2,0,0,135,101,182,210,239,245,254,252,253,252,254,254,254,253,253,243,173,49,8,0,0,0,0,0,2,22,87,91,108,230,252,252,248,253,253,254,254,252,252,244,171,35,2,0,0,0,0,0,2,4,7,13,76,203,226,226,245,246,251,252,251,251,251,246,206,33,1,0,0,0,0,0,5,2,3,6,13,34,69,199,214,234,241,250,252,254,253,243,182,35,2,0,0,0,0,0,0,1,3,2,1,4,26,35,52,193,217,235,248,251,252,247,198,32,9,0,0,0,0,0,0,4,3,2,1,2,2,3,22,120,39,158,178,239,238,234,221,153,11,1,1,0,0,0,0,2,2,1,1,2,2,1,8,6,12,20,138,153,172,236,189,73,14,2,4,1,0,0,0,1,0,1,1,3,3,2,3,0,0,8,14,46,146,206,110,73,9,2,1,0,0,0,0,0,5,3,1,0,0,0,0,0,0,1,2,9,20,61,91,15,7,7,6,2,2,0,0,0,1,7,2,1,0,0,0,0,0,0,0,2,4,8,6,6,4,3,7,7,6,0,0,0,0,0,0,0,0,0,0,0,0,0,0,2,4,2,1,2,0,2,4,1,0,0,0,0,0,0,0,0,0,0,0,0,0,0,0,2,2,2,1,3,1,0,0,0,0,0,0,0,0,0,0,0,0,0,0,0,0,0,0,0,1,0,1,1,0,0,0,0,0,0,0,0,0,0,0,0,0,0,0,0,0,0,0,0,3,3,0,0,0,0,0,0,0,0,0
0,0,0,0,0,0,0,0,0,0,0,0,1,2,0,0,2,3,1,1,1,0,0,0,0,0,0,0,0,1,1,2,3,1,6,3,3,2,1,3,3,5,3,2,1,0,0,0,0,0,1,1,2,3,2,2,3,4,5,5,4,3,1,2,2,4,4,3,1,0,0,0,0,0,3,3,3,3,3,6,9,16,46,47,21,16,15,6,4,2,3,2,1,1,0,0,0,0,3,2,2,4,20,47,60,73,157,162,86,77,97,53,15,4,4,1,1,1,0,0,0,0,2,4,6,13,50,122,170,189,232,237,198,192,204,153,44,8,6,3,2,1,0,0,0,0,3,12,37,64,119,203,236,247,247,250,250,249,245,205,75,16,6,4,2,1,0,0,0,0,9,43,121,185,214,245,252,251,250,253,254,252,250,233,180,69,50,14,3,1,0,0,0,1,19,125,214,243,250,252,254,253,252,254,254,253,251,247,237,225,212,65,6,1,1,0,0,1,34,200,245,253,254,254,254,254,254,254,254,254,253,252,250,250,231,78,9,3,2,0,0,1,34,190,248,253,254,254,255,255,255,255,255,255,254,253,252,252,234,80,11,6,5,0,0,6,36,189,247,253,254,255,255,255,255,255,255,255,255,254,252,252,237,123,27,5,4,0,0,15,142,221,248,253,254,255,255,255,255,255,255,255,255,254,254,253,237,159,41,3,1,0,0,16,204,235,250,253,254,254,255,255,255,255,255,255,255,254,253,253,231,84,19,5,2,0,0,10,54,234,253,252,252,254,255,255,255,255,255,255,255,254,252,252,222,80,14,4,3,2,0,1,35,225,252,252,253,254,255,255,255,255,255,255,255,254,253,251,224,109,21,5,3,3,0,1,33,220,243,248,253,254,255,255,255,255,254,254,254,254,252,248,217,93,17,6,3,3,0,0,23,183,188,235,251,254,254,254,254,254,253,254,254,252,248,229,169,55,8,2,4,5,0,0,10,37,65,197,248,253,252,252,253,253,251,252,251,239,200,166,86,21,3,2,5,6,0,0,1,4,41,171,233,249,251,251,252,251,249,248,242,193,87,55,24,5,1,2,10,7,0,0,0,2,21,94,179,229,235,234,244,244,228,215,204,153,28,10,5,3,1,0,1,0,0,0,0,1,11,27,89,151,159,145,190,212,143,100,87,63,12,2,0,0,0,0,0,0,0,0,0,0,7,9,15,35,50,31,105,163,25,12,9,6,2,0,0,0,0,0,0,0,0,0,0,0,0,0,0,0,0,0,0,0,0,0,0,0,0,0,0,0,0,0,0,0,1
0,0,3,0,5,1,2,1,16,5,3,0,0,10,10,6,0,0,0,0,0,0,0,0,0,0,2,3,2,3,1,8,11,15,22,23,26,26,17,9,1,2,5,0,0,0,0,0,0,0,2,3,2,2,1,12,24,158,169,184,184,185,175,27,17,8,2,4,4,1,1,0,0,0,3,2,4,11,23,33,155,235,247,247,248,248,235,179,44,24,15,8,1,3,12,0,0,5,1,3,6,17,126,224,238,251,254,253,253,250,250,236,183,169,158,25,8,2,4,7,0,4,1,3,8,34,224,247,254,252,254,254,250,254,253,252,248,245,228,143,13,5,1,6,0,1,2,5,14,91,230,254,254,255,255,254,254,254,254,255,254,252,244,141,24,6,3,5,0,2,7,1,20,100,238,253,254,255,255,255,255,255,255,255,254,254,248,221,31,5,2,4,5,2,9,11,32,225,245,252,255,255,255,255,255,255,255,255,254,252,254,226,36,3,4,0,0,1,2,20,215,243,253,254,255,255,255,255,255,255,255,255,254,251,248,221,31,8,5,0,0,0,1,33,222,254,251,252,255,255,255,255,255,255,255,255,255,254,247,109,80,7,2,2,3,3,0,22,217,240,254,254,255,255,255,255,255,255,255,255,254,254,244,219,27,4,7,4,1,2,2,12,75,233,252,254,255,255,255,255,255,255,255,255,254,250,254,225,29,2,9,1,1,3,0,8,37,230,252,254,255,255,255,255,255,255,255,255,253,254,251,225,30,4,1,4,6,2,3,6,96,228,254,254,254,255,255,255,255,255,255,254,252,241,233,208,24,1,1,4,4,4,7,4,28,223,248,254,255,254,254,252,254,255,255,254,244,229,78,22,10,1,2,1,1,6,5,1,15,120,230,241,245,250,254,249,253,254,252,253,237,95,15,2,5,1,1,0,1,4,5,0,8,25,129,136,154,240,253,251,253,254,253,249,220,28,4,5,2,4,0,0,1,8,1,0,2,11,14,19,45,219,242,243,236,237,231,224,109,16,6,5,1,2,2,0,3,2,1,1,3,2,4,5,16,136,152,151,145,42,126,30,15,6,4,2,3,0,3,0,4,2,0,5,3,2,1,1,7,14,22,21,12,12,9,6,1,3,2,5,1,2,0,0,2,0,0,4,3,3,4,2,3,5,6,2,3,3,1,1,3,2,4,5,2,1,0,0,0,0,0,0,0,0,0,4,1,4,2,4,8,3,4,1,5,5,7,2,3,1,0,0,0,0,0,0,0,0,0,0,0,6,6,1,0,0,10,1,0,0,3,3,0,1,0,0,1
0,0,0,0,0,0,0,0,2,0,0,1,0,2,8,10,4,4,7,8,36,153,0,0,0,0,0,0,0,0,0,3,1,3,5,3,0,0,1,7,3,1,4,14,65,158,207,0,0,0,0,0,0,0,0,0,2,4,3,1,0,0,2,2,5,8,15,72,165,226,218,0,0,0,0,0,0,0,0,0,1,1,1,1,3,6,1,7,7,16,83,172,232,238,166,0,0,0,0,0,0,0,0,0,0,0,0,3,4,3,2,7,21,93,178,232,245,220,63,0,0,0,0,0,0,0,0,0,1,1,0,3,5,2,7,17,106,189,234,244,223,153,19,0,0,0,0,0,0,0,0,0,1,1,2,3,3,4,15,109,196,237,245,217,147,55,9,0,0,0,0,0,0,0,0,0,1,3,3,2,2,3,29,193,239,247,221,147,57,12,3,0,0,0,0,0,0,0,0,0,1,2,2,2,2,8,48,207,247,244,205,120,41,6,3,5,0,1,0,1,1,1,2,4,6,3,1,3,10,44,130,236,243,204,122,46,10,5,2,8,3,1,2,3,2,0,1,4,5,4,4,11,53,131,210,236,202,109,39,12,6,2,5,4,2,2,3,3,1,0,1,5,5,4,11,58,140,213,237,193,101,29,8,5,4,2,5,0,1,4,2,1,3,3,1,4,6,12,65,148,217,245,229,102,24,6,3,4,3,2,0,2,1,2,1,2,4,4,2,4,13,66,160,223,243,231,178,85,8,3,4,5,3,0,1,4,1,0,0,3,4,2,2,8,25,163,227,248,235,182,94,20,4,3,6,5,2,0,1,1,1,0,2,3,4,3,3,10,79,220,248,247,223,160,72,8,2,2,1,0,2,2,1,0,0,2,3,3,2,3,7,26,92,232,247,226,159,72,14,4,2,4,1,0,0,0,0,0,0,2,3,1,2,7,28,87,192,239,222,154,65,13,4,2,4,0,2,1,0,0,0,0,0,1,1,2,6,32,97,190,239,220,149,54,12,5,4,2,0,1,1,1,0,0,0,0,0,2,2,8,35,107,196,243,236,143,46,13,4,2,3,5,0,0,0,0,0,0,0,0,0,3,9,36,120,204,243,243,210,39,9,7,4,2,4,4,2,1,1,0,0,0,0,0,0,11,37,131,210,244,242,211,128,15,4,3,2,4,5,1,2,6,3,1,0,0,0,0,0,6,101,187,230,242,214,131,23,6,1,2,6,4,0,0,5,5,2,0,0,0,0,0,0,0,5,2,171,249,210,110,1,0,4,12,4,0,0,2,0,0,0,0,0,0,0,0,2
0,0,0,0,0,0,0,0,0,0,0,0,0,0,0,0,0,0,0,0,0,0,0,0,0,0,0,0,0,0,5,33,203,185,72,9,2,9,3,0,0,0,0,0,0,0,0,0,0,0,0,0,0,0,6,115,225,213,98,23,5,9,1,0,1,1,0,0,0,0,0,0,0,0,0,0,0,0,6,53,178,239,196,73,10,4,1,0,1,3,1,2,1,0,0,0,0,0,0,0,0,0,1,18,166,235,225,95,13,1,1,5,1,2,3,0,0,0,0,0,0,0,0,0,1,2,1,9,61,218,219,133,36,4,1,5,1,0,0,0,0,0,0,0,0,0,0,0,1,2,1,4,40,178,235,190,62,8,1,6,1,0,0,0,0,0,0,0,0,0,0,0,0,0,0,6,27,128,216,221,89,13,2,4,0,1,0,0,0,0,0,0,0,0,0,0,0,2,1,2,11,74,217,237,163,43,5,0,1,1,0,0,0,0,0,0,0,0,1,5,3,0,0,1,10,62,197,242,188,59,8,0,3,0,0,0,0,0,0,0,0,0,0,1,1,0,0,4,10,44,163,212,223,82,10,1,1,3,2,0,0,0,0,0,0,0,0,1,2,1,1,7,4,17,76,192,230,107,22,5,3,8,3,0,0,0,0,0,0,0,0,0,0,0,3,9,3,5,23,121,230,185,76,17,4,8,1,0,3,2,0,0,0,0,0,0,0,0,1,2,1,1,13,103,223,210,162,39,9,4,0,0,1,1,1,0,0,0,0,0,0,0,0,0,4,0,10,76,198,242,196,57,9,1,0,0,2,4,4,1,0,0,0,0,0,0,0,1,0,0,5,56,172,239,214,70,11,2,0,3,0,1,1,0,0,0,0,0,0,0,1,1,0,4,2,16,110,225,213,122,29,6,0,1,0,0,0,0,0,0,0,0,0,0,0,0,1,5,1,10,80,198,235,177,49,6,0,3,0,1,0,0,0,0,0,0,0,1,0,0,1,5,1,5,51,152,225,211,72,10,1,4,0,1,0,0,0,0,0,0,0,0,4,2,1,6,1,2,17,108,223,236,143,33,2,1,0,0,0,0,0,0,0,0,1,2,1,4,0,0,1,3,11,94,212,239,186,58,9,1,2,0,0,0,0,0,0,0,0,0,0,2,0,0,2,8,8,44,139,221,219,140,31,5,1,0,0,0,0,0,0,0,0,0,0,0,0,0,4,9,4,10,78,184,208,102,20,3,0,0,0,0,0,0,0,0,0,0,0,0,0,1,8,12,0,0,0,0,0,0,0,0,0,0,0,0,2
0,0,0,0,0,0,0,0,0,0,0,0,0,0,0,0,0,0,0,0,0,0,0,0,0,2,2,34,166,216,223,224,224,225,215,39,29,29,29,29,29,28,22,12,4,0,0,0,0,1,2,31,177,228,246,252,253,253,244,234,224,224,224,223,222,219,193,89,8,7,0,0,0,1,3,14,113,200,239,251,253,253,253,253,253,254,253,253,252,248,207,95,10,2,0,0,0,1,2,6,22,142,223,248,252,253,253,253,252,253,252,253,252,238,173,47,5,1,0,0,0,2,1,3,8,46,190,240,250,253,251,253,254,253,252,252,250,209,78,13,2,2,0,0,0,1,0,2,4,19,148,226,249,252,252,253,254,253,252,251,244,191,44,6,0,1,0,0,0,1,0,2,2,10,69,187,240,251,252,253,254,253,252,249,229,144,36,4,1,1,0,0,0,1,1,1,3,3,16,97,207,248,252,253,254,254,252,245,215,103,14,1,2,3,0,0,0,0,1,1,2,2,4,28,164,239,251,253,253,253,252,241,189,81,7,0,1,0,1,0,0,0,0,1,1,0,1,13,109,212,247,252,252,252,249,234,158,36,4,1,1,1,2,0,0,0,0,2,2,2,4,8,34,150,231,249,250,250,247,222,138,16,2,3,2,1,8,0,0,0,2,3,1,2,2,2,9,52,174,245,252,251,244,191,68,9,1,0,1,3,2,0,0,0,1,1,0,1,0,0,1,17,131,230,251,251,219,122,29,3,1,0,0,1,0,0,0,0,0,0,0,0,0,0,0,8,77,187,241,243,201,84,11,1,0,0,0,0,0,0,0,0,0,0,0,0,0,0,0,3,18,127,228,232,177,67,7,0,0,0,0,0,0,0,0,0,0,0,0,0,0,0,0,0,10,91,199,227,129,26,4,0,0,0,0,0,0,0,0,0,0,0,0,0,0,0,0,0,5,39,126,185,102,12,1,0,0,0,0,0,0,0,0,0,0,0,0,0,0,0,0,1,3,10,49,85,49,7,2,0,0,0,0,0,0,0,0,0,0,0,0,0,0,0,0,1,3,5,9,10,6,3,2,0,0,0,0,0,0,0,0,0,0,0,0,0,0,0,0,0,1,4,5,3,1,1,1,0,0,0,0,0,0,0,0,0,0,0,0,0,0,0,0,0,2,3,3,1,2,1,0,0,0,0,0,0,0,0,0,0,0,0,0,0,0,0,0,0,2,3,2,1,1,1,0,0,0,0,0,0,0,0,0,0,0,0,0,0,0,0,0,0,4,3,0,0,0,0,0,0,0,0,0,0,0,0,0
0,14,0,3,2,0,0,2,5,7,1,4,4,0,6,13,0,0,0,0,0,0,0,0,0,2,1,1,10,1,0,4,1,1,1,1,5,6,1,2,4,8,1,0,0,0,3,0,0,2,2,5,3,1,5,2,3,5,13,17,26,28,28,17,10,3,1,6,6,3,2,0,0,1,1,7,7,1,10,24,30,26,43,180,196,197,195,187,26,8,1,1,2,8,1,4,0,0,5,3,6,8,26,173,190,189,200,238,248,250,249,240,189,30,8,1,4,2,7,1,0,2,2,1,2,19,165,238,247,248,251,253,254,249,253,253,241,187,26,10,1,2,5,0,0,1,1,8,16,43,232,250,254,254,254,254,254,250,253,254,250,240,170,18,6,3,1,0,2,2,1,16,143,229,242,254,255,255,255,255,254,254,254,254,253,248,219,27,3,6,1,4,1,2,1,28,220,246,252,254,255,255,255,255,255,255,255,255,253,249,177,33,9,4,3,0,3,0,2,31,224,251,252,253,255,255,255,255,255,255,255,255,253,246,236,150,16,2,0,2,2,5,1,29,225,253,253,254,255,255,255,255,255,255,255,255,254,251,247,222,29,1,1,2,1,8,1,27,219,248,253,254,255,255,255,255,255,255,255,255,254,252,253,225,32,3,1,3,2,4,3,22,141,237,253,255,255,255,255,255,255,255,255,255,255,252,252,225,29,2,5,2,3,1,4,12,43,228,253,254,255,255,255,255,255,255,255,255,255,254,248,220,26,1,8,2,8,1,2,6,29,223,249,254,255,255,255,255,255,255,255,254,253,254,239,140,19,2,4,3,5,1,4,7,29,167,246,254,252,254,255,254,255,254,255,254,252,254,229,42,10,3,1,3,4,1,2,10,16,161,236,249,254,254,252,254,255,254,254,254,251,240,213,25,3,5,1,5,3,1,3,1,13,25,180,240,251,253,249,253,251,250,247,244,235,168,34,14,3,3,1,0,0,4,1,1,8,11,26,181,238,248,249,245,236,194,181,180,163,24,9,7,2,5,2,0,0,1,4,2,2,11,12,26,178,188,189,188,173,46,26,23,17,8,5,1,5,2,1,0,2,1,6,1,3,1,2,11,16,27,27,25,18,18,8,2,1,2,2,4,6,3,3,0,11,1,0,0,0,0,6,4,2,2,7,5,3,2,3,4,4,1,3,11,1,1,1,0,0,0,0,0,1,1,0,1,8,6,1,4,6,5,5,1,2,4,1,2,2,0,3,0,0,0,0,0,0,0,0,3,0,1,7,0,1,7,0,5,5,2,0,6,7,0,0,0,1
0,0,0,0,0,0,0,0,0,0,0,0,0,0,0,0,0,0,0,0,0,0,0,0,0,0,0,0,0,0,0,0,0,0,0,0,0,0,0,0,1,0,0,0,0,0,0,0,0,0,0,0,0,5,7,1,5,0,0,0,0,0,0,0,1,2,0,0,0,0,0,0,0,0,0,0,0,11,11,11,4,2,0,0,0,0,1,0,1,0,0,0,0,0,0,0,0,0,0,1,4,20,140,57,52,13,2,0,0,2,2,1,0,0,0,0,0,0,0,0,0,0,0,3,7,96,196,183,206,66,17,9,5,3,3,1,2,6,0,0,1,1,0,0,0,0,0,2,8,47,186,237,238,188,141,75,55,20,8,1,1,7,2,0,0,2,1,0,0,0,0,0,5,57,179,242,250,245,237,207,199,169,55,29,23,11,6,4,1,2,1,0,0,0,0,0,4,48,173,243,252,251,251,250,248,240,232,221,190,62,20,10,6,5,2,1,0,0,0,0,3,30,150,241,250,252,253,253,253,253,253,249,239,223,91,72,64,31,11,2,0,0,0,0,2,38,153,231,249,253,253,253,250,253,252,253,246,241,208,205,180,106,63,59,0,0,0,0,2,17,115,228,249,253,254,253,253,253,254,253,252,251,247,241,226,166,120,126,0,1,0,3,1,17,108,219,243,251,253,253,254,253,252,253,253,251,245,239,205,150,95,59,0,3,1,3,1,9,64,181,244,251,252,253,252,253,253,252,248,241,201,175,116,65,38,4,0,2,1,0,1,5,53,174,242,253,252,253,253,253,251,244,233,189,141,85,33,9,4,1,0,0,1,3,2,7,34,131,243,253,253,253,253,247,237,186,154,90,48,25,6,2,1,0,0,0,1,0,0,3,43,185,244,253,252,249,240,228,172,82,38,19,7,4,3,0,1,0,0,0,1,2,2,2,33,165,242,247,236,222,170,127,66,16,4,1,0,1,2,0,0,0,0,0,0,1,2,2,21,131,219,219,175,118,65,17,7,2,0,0,0,1,1,0,1,0,0,0,0,0,1,3,10,75,173,151,88,53,10,3,0,0,0,0,0,0,0,0,0,0,0,0,0,0,1,3,7,54,99,55,15,7,4,1,0,0,0,0,0,0,0,0,0,0,0,0,0,0,0,2,4,8,32,8,5,3,0,0,1,0,0,0,0,0,0,0,0,0,0,0,0,0,0,0,0,1,1,1,0,0,0,0,0,0,0,0,0,0,0,0,0,0,0,0,0,0,0,0,0,0,0,0,0,0,0,0,0,0,0,0,0,0,0,0,0,0,0
0,0,0,0,0,0,0,0,0,0,0,0,0,0,0,0,0,0,0,0,0,0,0,0,0,0,0,0,0,0,0,0,0,0,0,0,0,0,0,3,6,6,3,0,0,0,0,0,0,0,0,0,0,0,0,0,0,0,0,0,1,5,10,21,72,74,8,0,0,0,0,0,0,0,0,0,0,0,0,0,0,0,1,3,9,27,45,116,180,123,31,6,1,0,0,0,0,0,0,0,0,0,0,0,0,2,8,36,62,129,193,218,236,210,130,34,6,0,0,0,0,1,1,1,0,0,0,2,6,13,51,130,193,224,246,250,249,231,193,126,15,2,0,0,0,0,3,1,0,1,2,10,53,107,158,214,234,251,253,254,253,250,233,167,60,10,2,0,0,7,2,1,4,10,17,66,164,220,235,248,252,253,254,254,254,254,249,225,158,63,8,0,0,0,2,13,19,55,163,189,236,249,253,253,254,255,255,255,255,255,253,242,208,153,21,0,0,2,8,46,166,197,238,248,251,254,254,254,255,255,255,255,255,255,254,252,242,198,91,4,2,3,8,96,182,239,250,254,254,255,255,255,255,255,255,255,255,255,255,254,251,236,170,9,0,2,7,30,121,228,252,254,254,255,255,255,255,255,255,255,255,255,255,255,253,248,216,118,0,1,2,10,39,204,245,254,255,255,255,255,255,255,255,255,255,255,255,254,254,252,244,233,0,0,0,2,14,73,223,252,254,255,255,255,255,255,255,255,255,255,254,254,254,253,248,250,0,0,0,0,3,34,198,228,252,255,255,255,255,255,255,255,254,254,254,253,249,247,233,213,0,0,0,0,0,10,40,194,242,254,255,255,255,255,255,254,254,253,251,244,221,175,165,10,0,0,0,0,0,0,10,49,214,247,253,255,255,254,253,252,249,238,221,197,121,28,15,3,0,0,0,0,0,0,1,24,135,220,247,252,253,253,251,239,211,175,95,81,16,4,1,3,0,0,0,0,0,0,0,7,36,131,231,249,247,239,221,190,146,43,14,7,3,0,0,0,0,0,0,0,0,0,0,1,11,43,205,229,216,180,120,28,15,8,2,0,0,0,0,0,0,0,0,0,0,0,0,1,3,15,66,164,88,78,16,6,1,0,0,0,0,0,0,0,0,0,0,0,0,2,2,2,3,4,12,20,14,9,4,1,0,0,0,0,0,0,0,0,0,0,0,0,0,0,0,0,0,3,5,3,0,0,2,1,0,0,0,0,0,0,0,0,0,0,0,0,0,0,0,0,0,0,0,0,0,0,0,0,0,0,0,0,0,0,0,0,3
0,0,0,0,0,0,0,0,0,0,0,0,0,0,0,0,0,0,0,0,0,0,0,0,0,0,0,0,0,0,0,0,0,0,0,0,0,0,0,0,0,0,0,0,0,0,0,0,0,0,0,0,0,0,0,0,0,0,0,0,0,0,0,0,0,0,1,0,0,0,0,0,0,0,0,0,0,0,0,0,1,1,0,0,0,0,0,0,1,3,2,0,0,0,0,0,0,0,0,0,0,2,3,1,0,1,0,0,1,1,0,1,3,2,2,1,0,0,0,0,0,0,0,1,1,3,3,2,2,2,1,1,5,3,0,0,1,1,2,0,0,0,0,0,0,3,7,6,2,4,3,2,2,2,2,2,8,4,2,0,3,3,3,1,0,0,0,0,20,31,33,23,22,17,11,7,4,2,1,3,6,3,3,2,3,3,3,3,2,1,1,0,135,135,130,98,102,74,70,51,36,19,11,9,5,4,4,6,3,1,3,3,2,2,1,0,217,221,215,209,206,177,185,150,124,105,96,61,47,19,16,25,11,9,9,4,1,1,0,0,211,205,221,235,238,241,238,226,211,205,200,183,177,133,120,57,67,88,46,27,13,10,6,0,110,136,146,166,196,201,219,230,231,233,239,241,239,228,228,219,192,152,111,116,120,81,61,0,0,36,40,63,90,95,97,105,159,180,210,193,225,224,232,238,239,236,223,215,181,214,184,0,0,4,7,8,12,19,18,18,19,29,78,90,135,110,163,176,187,205,221,224,239,230,211,0,0,2,3,3,3,4,4,3,2,5,8,17,22,34,52,61,67,76,81,151,163,202,186,0,0,3,4,3,3,3,4,5,4,1,3,2,3,5,8,9,10,9,13,36,32,54,19,0,0,1,2,3,2,1,1,4,3,0,2,2,3,3,3,3,5,4,5,4,5,3,2,0,0,0,1,0,1,0,2,2,0,0,1,0,2,3,4,4,2,3,4,5,3,4,0,0,0,0,1,3,2,0,0,0,0,0,1,1,0,2,2,3,0,1,2,2,1,0,0,0,0,0,0,0,1,0,0,0,0,0,0,0,0,1,0,2,1,0,2,1,0,0,0,0,0,0,0,0,0,0,0,0,0,0,0,0,1,1,1,1,1,0,0,0,0,0,0,0,0,0,0,0,0,0,0,0,0,0,0,0,0,0,0,0,0,0,0,0,0,0,0,0,0,0,0,0,0,0,0,0,0,0,0,0,0,0,0,0,0,0,0,0,0,0,0,0,0,0,0,0,0,0,0,0,0,0,0,0,0,0,0,0,0,0,0,0,0,0,0,0,2
0,0,0,0,0,0,0,0,0,0,0,0,0,1,2,2,4,12,0,1,7,0,0,0,0,0,0,0,1,1,0,0,1,1,1,1,1,0,0,1,1,2,4,1,2,0,0,0,0,6,2,1,4,2,1,1,1,0,0,0,0,0,2,4,6,1,2,8,1,1,1,0,1,3,2,9,1,1,0,0,0,1,1,1,1,11,20,30,31,33,20,9,4,10,10,0,6,1,1,2,6,5,2,1,11,20,29,29,29,39,216,225,225,221,169,17,5,1,1,0,2,1,3,11,22,29,30,29,39,216,225,225,225,235,245,254,252,243,188,25,3,0,0,0,1,1,7,17,161,220,225,225,235,245,255,255,255,255,254,253,253,248,185,25,0,0,0,0,13,4,1,23,180,243,252,254,255,254,254,254,254,254,255,255,255,249,188,25,0,0,0,0,1,1,4,23,178,247,253,253,254,255,255,255,255,255,255,255,255,251,198,35,8,0,0,0,0,0,2,16,169,237,252,255,255,255,255,255,255,255,255,255,255,253,239,178,17,0,0,0,0,0,0,8,34,189,249,255,255,255,255,255,255,255,255,255,255,255,249,188,25,0,0,0,0,0,0,0,24,179,247,255,255,255,255,255,255,255,255,255,255,255,249,188,25,0,0,0,0,0,0,0,24,179,247,255,255,255,255,255,255,255,255,255,255,255,249,188,25,0,0,0,0,0,0,0,24,179,247,255,255,255,255,255,255,255,255,255,255,255,251,197,35,8,0,0,0,0,0,0,16,170,237,252,255,255,255,255,255,255,255,255,255,255,253,239,176,17,3,0,0,0,0,0,7,34,189,249,255,255,255,255,255,255,255,254,254,253,253,248,188,25,4,0,0,0,0,0,0,24,179,247,254,255,254,254,254,254,254,255,255,254,252,236,179,17,1,4,0,0,0,0,0,23,178,247,253,253,255,255,255,255,245,235,225,225,225,213,32,10,8,0,0,0,0,0,2,23,180,243,252,245,235,225,225,225,216,39,29,29,30,21,11,1,3,0,0,7,1,1,5,16,162,220,225,216,39,29,29,29,20,11,1,1,2,4,1,1,1,1,0,1,1,10,4,15,20,32,31,20,12,1,1,1,1,0,0,0,0,0,3,8,1,3,0,0,7,2,1,8,4,1,6,4,0,0,0,0,0,1,1,1,1,2,2,1,1,9,0,0,0,0,2,1,1,2,1,1,0,1,1,1,1,1,0,0,0,1,1,0,0,0,0,0,0,0,6,1,1,12,5,2,2,0,0,0,0,0,0,0,0,0,0,0,0,0,3
0,0,0,0,0,0,0,0,0,0,0,0,0,0,0,0,0,0,0,0,0,0,0,0,0,0,0,0,0,1,7,5,6,2,4,1,2,1,0,0,0,0,0,0,0,0,0,0,0,0,0,0,1,5,14,104,17,8,3,1,0,1,0,0,0,0,0,0,0,0,0,0,0,0,0,0,1,3,48,142,143,33,26,10,3,0,0,0,0,0,0,0,0,0,0,0,0,0,0,1,1,4,30,182,212,170,145,53,15,6,3,0,0,0,1,1,0,0,0,0,0,0,0,3,2,5,60,178,236,238,194,179,87,76,15,4,0,0,0,2,1,0,0,0,0,0,2,2,1,5,55,182,245,249,244,236,206,194,106,23,11,6,1,4,5,2,0,0,0,1,2,2,2,4,46,163,243,253,252,251,249,241,212,139,126,29,8,2,1,2,1,0,0,1,1,2,2,3,29,139,238,253,251,253,253,251,246,231,220,158,50,18,10,3,1,0,0,2,2,0,1,2,26,126,237,252,252,253,253,252,252,251,246,232,185,162,74,31,21,5,0,1,2,2,2,1,21,127,232,250,251,253,253,253,253,252,252,249,244,238,205,176,102,28,0,0,0,0,1,1,16,80,231,250,253,254,254,253,251,253,253,252,249,246,237,190,145,157,0,0,0,0,0,1,20,199,236,252,253,254,253,252,252,253,252,248,228,215,196,125,63,50,0,0,0,0,0,0,24,200,243,251,251,253,253,251,251,250,244,232,151,121,104,42,11,0,0,0,0,0,0,0,22,163,244,251,250,252,252,247,239,218,195,162,80,18,11,6,3,1,0,0,0,0,0,1,19,151,238,250,249,243,238,212,159,108,74,43,12,5,2,1,1,0,0,0,0,0,0,0,17,144,229,239,234,200,105,88,47,15,9,5,3,1,1,0,1,0,0,0,0,0,0,3,15,128,224,219,79,53,17,9,5,4,2,2,3,0,1,1,0,0,0,0,0,0,0,2,9,79,88,112,34,4,1,0,0,3,2,1,2,0,1,0,0,0,0,0,0,0,0,1,5,10,14,11,7,1,0,0,0,0,0,0,2,2,0,0,0,0,0,0,0,0,0,0,1,2,2,2,1,0,0,0,0,0,0,0,3,0,0,0,0,0,0,0,0,0,0,0,0,0,0,0,0,0,0,0,0,0,0,0,0,0,0,0,0,0,0,0,0,0,0,0,0,0,0,0,0,0,0,0,0,0,0,0,0,0,0,0,0,0,0,0,0,0,0,0,0,0,0,0,0,0,0,0,0,0,0,0,0,0,0,0,0,0,0
0,0,9,1,5,0,0,0,0,0,0,0,0,0,0,0,0,0,0,0,0,0,0,0,0,1,6,3,3,5,15,9,4,6,4,0,0,0,0,0,0,0,0,0,0,0,0,0,0,0,4,3,3,6,40,50,42,30,15,7,1,1,1,0,0,0,0,0,0,0,0,0,0,0,1,1,2,8,56,152,174,170,150,27,16,13,8,4,0,0,0,0,0,0,0,0,0,0,0,0,1,9,64,200,239,243,229,154,132,120,83,17,10,7,4,2,1,1,0,0,0,0,0,0,2,24,92,212,249,252,249,235,226,219,183,106,88,71,28,10,8,5,2,0,0,0,0,0,4,54,186,242,252,253,252,253,252,250,238,213,204,191,106,61,48,35,16,0,0,0,0,0,5,59,192,248,254,254,254,254,254,253,252,251,249,243,210,191,180,153,92,0,0,0,0,0,6,59,191,248,255,255,254,254,254,254,254,254,254,252,250,246,233,176,85,0,0,0,0,2,20,84,200,250,255,255,255,255,255,255,254,254,254,254,253,250,225,109,18,0,0,0,0,3,46,170,240,253,255,255,255,255,255,255,255,255,255,255,254,251,216,96,10,0,0,0,0,4,50,173,246,255,255,255,255,255,255,255,255,255,255,255,254,248,208,85,8,0,0,0,0,6,51,172,246,255,255,255,255,255,255,255,255,255,255,255,254,237,154,48,4,0,0,0,1,18,82,189,249,255,255,255,255,255,255,255,255,255,255,255,252,222,103,14,1,0,0,1,4,37,147,236,251,254,254,254,254,255,255,255,255,255,255,255,251,215,93,10,0,0,0,1,5,38,148,238,252,253,254,254,254,254,254,254,255,255,255,254,245,203,79,6,0,0,0,2,4,28,116,213,242,247,250,252,254,254,254,254,254,254,254,253,230,115,22,3,0,0,0,2,4,14,51,130,187,195,204,236,248,249,251,252,254,254,253,251,221,99,11,0,0,0,0,2,2,4,11,40,71,77,87,167,191,197,212,243,248,248,249,245,212,90,9,0,0,0,0,1,0,2,3,6,8,9,15,55,71,76,105,179,188,192,200,229,165,55,7,0,0,0,0,2,2,3,5,1,1,0,2,4,7,10,24,57,64,69,127,159,80,14,3,0,0,0,0,4,3,0,2,2,1,1,0,0,0,0,2,5,7,12,40,43,23,7,1,0,0,0,0,0,0,0,0,0,0,0,0,0,0,0,0,0,0,2,6,6,4,1,0,0,0,0,0,0,0,0,0,0,0,0,0,0,0,0,0,1,2,2,3,3,1,0,0,0,0,0,3
0,0,0,0,0,0,0,0,0,0,0,0,0,0,0,0,0,0,0,0,0,0,0,0,0,0,0,0,0,0,1,2,3,5,4,2,2,2,4,3,1,0,0,0,0,6,0,0,0,0,0,2,2,2,2,3,3,3,6,9,10,8,6,4,1,2,2,3,0,1,0,0,0,0,1,5,3,3,7,10,18,25,42,61,75,75,42,9,6,3,1,2,0,0,0,0,0,0,3,4,2,7,35,116,94,109,172,192,199,188,112,22,10,6,2,1,2,1,0,0,0,0,3,4,7,19,125,212,205,209,237,246,247,239,190,110,53,13,5,2,2,1,0,0,0,0,2,4,16,97,213,244,249,250,251,251,251,250,239,209,144,57,15,5,1,1,0,0,0,0,2,4,25,182,242,252,253,254,254,253,252,253,251,245,219,145,54,10,3,1,0,0,0,2,6,14,51,200,249,254,254,254,254,254,254,254,254,250,239,199,83,9,3,1,0,0,0,6,9,52,176,239,251,254,255,255,255,255,255,255,254,251,229,129,30,8,1,2,0,0,0,8,12,115,225,250,254,255,255,255,255,255,255,255,254,251,232,154,54,11,3,2,0,0,0,7,15,120,230,251,254,255,255,255,255,255,255,255,254,252,246,217,117,13,4,4,0,0,0,1,16,119,230,251,253,254,255,255,255,255,255,254,254,253,251,227,129,15,3,4,1,0,0,0,13,115,225,248,252,254,255,255,255,255,255,255,254,251,250,230,135,17,1,2,4,0,0,0,10,79,194,244,252,254,255,255,255,255,255,255,254,252,249,227,140,18,0,1,2,0,0,2,8,51,169,241,252,253,255,255,255,255,255,255,254,250,236,200,118,12,1,2,1,0,0,1,6,29,143,233,251,254,254,254,254,254,254,254,253,245,189,68,16,7,2,2,1,0,0,1,4,13,89,197,242,250,251,251,253,254,254,253,251,238,160,20,2,2,1,2,0,0,0,4,1,6,26,110,167,220,247,251,252,249,246,244,239,197,84,11,3,1,2,1,0,0,0,4,3,2,6,22,39,143,234,244,241,215,172,158,186,105,16,4,6,4,2,0,0,0,0,1,5,2,1,1,9,44,160,169,164,124,52,30,86,26,6,1,5,5,1,1,0,0,0,2,3,4,2,2,4,10,20,25,21,15,9,9,8,7,3,2,4,3,1,1,0,0,0,3,0,0,0,4,3,1,2,4,4,1,1,1,2,2,0,2,7,1,1,2,0,0,0,0,0,0,0,0,0,8,2,2,2,3,2,5,2,2,1,0,2,2,1,12,0,0,1
0,0,0,0,0,0,0,0,0,0,0,0,1,2,7,0,0,0,0,0,0,0,0,0,0,0,0,0,0,0,0,0,0,0,0,0,0,2,6,15,11,7,3,0,0,0,0,0,0,0,0,0,1,2,0,0,0,0,0,0,1,6,20,39,87,71,6,2,0,0,0,0,0,0,0,0,3,2,0,0,0,0,0,3,6,30,104,136,168,73,14,3,1,0,0,0,0,0,0,0,0,2,1,1,0,0,2,20,59,75,210,233,191,44,11,2,1,0,0,0,0,0,0,0,1,3,2,3,2,2,9,58,166,145,238,243,190,57,10,1,0,0,0,0,0,0,0,2,0,0,1,4,10,26,50,118,202,242,246,243,183,60,9,0,0,0,0,0,0,0,1,2,1,4,2,5,32,109,165,228,241,249,251,244,176,45,5,0,0,0,0,0,0,0,0,2,3,3,11,29,94,194,240,249,252,250,252,237,155,42,4,0,0,0,0,0,0,0,2,3,8,32,66,118,192,242,250,252,253,251,251,232,157,53,4,0,0,0,0,0,0,3,4,5,20,136,181,201,232,250,252,253,253,253,251,236,169,55,5,1,0,0,0,0,0,4,20,39,77,185,235,246,250,251,252,253,253,253,249,229,148,41,3,1,1,0,1,0,0,9,74,137,207,236,246,250,251,251,253,253,253,252,248,221,114,24,3,2,4,1,2,0,0,17,138,207,238,250,252,252,250,252,254,254,252,250,246,221,113,20,1,1,1,1,2,0,0,21,197,239,249,252,252,252,252,253,254,253,251,251,248,202,78,13,1,0,0,2,7,0,0,17,159,230,242,249,251,252,253,253,253,253,251,251,247,221,91,14,1,1,0,0,0,0,0,9,55,104,193,225,243,251,252,253,253,253,252,253,246,168,114,12,2,2,2,1,0,0,0,2,6,16,59,84,205,225,243,248,252,252,253,253,246,176,52,13,0,1,1,0,0,0,0,0,1,4,6,16,59,112,183,221,237,245,251,251,247,211,109,10,1,1,0,0,0,0,0,0,1,2,1,3,7,24,52,125,155,221,234,244,244,211,113,11,1,1,0,0,0,0,0,0,0,0,0,0,0,2,8,26,41,114,157,215,228,192,62,8,1,0,0,0,0,0,0,0,0,0,0,0,0,0,1,2,8,19,49,90,178,178,34,4,1,0,0,0,0,0,0,0,0,0,0,0,0,0,0,0,2,3,5,15,56,52,11,4,2,0,0,0,0,0,0,0,0,0,0,0,0,0,0,0,0,0,0,0,0,0,0,0,0,0,0,0,0,0,0
0,0,0,0,0,0,0,0,0,0,3,1,0,0,0,0,0,1,0,0,0,0,0,0,0,0,0,0,0,0,9,59,80,73,34,9,2,1,0,0,0,3,0,0,0,0,0,0,0,0,0,0,0,2,24,138,194,165,121,55,25,4,0,0,1,3,2,0,0,0,0,0,0,0,0,0,2,4,39,129,221,204,212,131,76,14,6,4,4,5,1,0,0,0,0,0,0,0,0,1,1,4,26,104,216,238,240,203,164,82,37,23,12,5,1,0,0,0,0,0,0,0,0,0,0,6,51,137,219,244,250,247,233,186,140,129,80,25,10,5,2,0,0,0,0,0,0,0,0,6,54,137,217,250,252,252,250,242,230,221,175,97,71,61,10,0,0,0,0,0,0,0,0,4,34,129,222,249,250,252,252,252,251,248,234,203,166,136,34,14,7,0,0,0,0,0,0,4,31,129,229,249,250,253,252,253,252,252,251,244,226,189,157,154,15,0,0,0,0,0,1,5,51,158,232,249,253,253,253,253,252,252,253,252,244,236,228,194,25,0,0,0,0,0,1,4,47,157,234,249,253,254,254,254,253,251,253,252,252,250,247,219,28,0,0,1,1,2,1,2,22,150,235,249,252,253,254,254,253,251,252,252,251,252,252,223,29,0,0,2,1,2,1,0,18,143,234,249,251,252,253,253,252,253,252,252,252,246,234,205,22,0,0,3,0,0,1,0,19,157,237,251,251,252,253,253,252,252,252,247,234,214,99,73,12,0,0,1,0,0,0,0,20,149,239,252,252,252,253,253,252,248,235,213,125,76,21,7,3,0,0,1,2,2,1,3,18,157,239,253,253,253,252,248,240,211,153,75,33,9,5,1,0,0,0,0,0,2,1,5,49,103,241,253,252,248,239,205,183,85,47,11,4,2,2,1,0,0,0,0,0,1,2,8,58,176,235,247,239,227,188,100,59,41,6,2,1,1,1,1,0,0,0,0,0,1,2,7,76,188,223,228,200,156,89,44,9,3,1,0,1,1,0,1,0,0,0,0,0,0,1,6,40,152,204,142,113,45,22,7,1,0,0,0,0,0,0,0,0,0,0,0,0,0,4,7,28,90,104,43,24,8,3,1,0,0,0,0,0,0,0,0,0,0,0,0,0,0,0,3,11,29,15,9,6,3,0,1,1,0,0,0,0,0,0,0,0,0,0,0,0,0,0,2,2,2,3,3,4,2,1,1,0,0,0,0,0,0,0,0,0,0,0,0,0,0,0,0,0,0,0,0,0,0,0,0,0,0,0,0,0,0,0,0,0,0,0
0,0,0,0,0,0,0,0,0,0,0,0,0,0,0,0,0,0,0,0,0,0,0,0,0,0,0,0,0,0,0,0,0,0,0,0,0,0,0,0,0,0,0,0,0,0,0,0,3,1,4,3,1,1,1,0,0,0,0,0,0,0,0,0,0,0,1,1,0,2,5,0,0,1,1,1,3,6,2,1,1,0,0,0,0,0,0,0,0,1,1,5,4,0,2,2,0,3,2,0,1,2,2,1,0,0,0,0,0,0,0,0,0,0,2,2,1,0,1,5,0,1,2,3,6,10,15,14,13,13,13,14,14,14,15,15,15,17,19,17,11,5,2,1,4,2,3,6,34,80,102,106,109,112,114,116,119,121,123,126,129,131,133,128,72,10,3,1,8,3,2,7,71,178,228,235,237,238,238,238,239,239,239,240,240,240,236,222,119,14,2,0,0,0,2,9,74,187,245,252,253,254,254,254,254,254,254,254,254,252,252,229,119,14,1,0,0,0,0,8,71,185,247,254,254,254,254,254,254,254,254,254,254,254,252,226,114,13,0,0,0,0,0,7,69,182,246,255,255,255,255,255,255,255,255,255,255,255,252,222,108,12,0,0,0,0,0,6,66,179,246,255,255,255,255,255,255,255,255,255,255,255,251,217,103,11,0,0,0,0,0,6,62,175,246,255,255,255,255,255,255,255,255,255,255,255,251,213,97,10,0,0,0,0,0,6,59,172,245,255,255,255,255,255,255,255,255,255,255,255,250,209,91,10,0,0,0,0,0,5,56,168,245,255,255,255,255,255,255,255,255,255,255,255,249,204,85,9,0,0,0,0,0,5,52,165,244,254,255,255,255,255,254,254,254,254,254,254,249,199,80,9,0,0,0,0,0,6,49,160,242,253,253,254,254,254,254,254,254,254,254,252,246,193,74,9,1,0,0,0,1,7,44,150,229,237,239,237,236,235,233,232,230,229,227,225,220,171,58,6,2,0,0,6,3,4,27,92,136,131,121,112,102,92,82,72,62,52,42,32,29,23,13,7,1,0,0,0,1,4,7,12,17,19,15,13,11,10,8,7,5,4,2,4,4,2,1,1,3,0,0,0,3,1,1,1,1,0,0,0,0,0,0,0,0,0,0,1,3,5,2,2,1,0,0,0,1,1,2,4,4,1,0,0,0,0,0,0,0,0,0,0,1,0,2,5,0,0,0,3,1,4,2,0,1,0,0,0,0,0,0,0,0,0,0,0,0,0,0,0,0,0,0,0,0,0,0,0,0,0,0,0,0,0,0,0,0,0,0,0,0,0,0,0,0,0,3
0,0,0,0,0,0,0,0,0,0,0,0,0,0,0,0,0,0,0,0,0,0,0,0,0,35,181,135,54,14,5,1,4,4,1,1,3,4,2,0,0,0,0,0,0,0,0,0,0,29,218,223,155,68,15,6,2,2,2,0,1,3,3,1,0,0,0,0,0,0,0,0,0,25,215,241,224,162,71,11,5,2,2,2,1,1,2,1,0,0,0,0,0,0,0,0,0,20,155,227,240,213,104,30,7,2,2,3,2,0,0,0,0,0,0,0,0,0,0,0,0,12,96,185,220,236,187,98,19,4,4,4,3,0,0,0,0,0,0,0,0,0,0,0,0,6,29,93,174,227,215,145,58,15,4,3,3,2,0,0,0,0,0,0,0,0,0,0,0,1,6,26,81,165,233,219,149,65,10,2,2,2,1,0,0,0,0,0,0,0,0,0,0,2,2,6,22,76,206,240,223,151,32,6,2,1,0,0,0,0,0,0,0,0,0,0,0,3,1,3,6,29,159,231,244,215,99,28,5,0,2,1,2,2,0,0,0,0,0,0,0,0,2,3,3,13,91,181,230,237,166,76,14,3,3,4,3,1,0,0,0,0,0,0,0,0,0,3,4,6,24,87,169,222,207,137,55,16,6,4,3,0,0,0,2,2,2,0,0,0,1,2,5,4,5,20,74,156,226,215,150,64,11,4,3,1,4,1,2,3,3,1,0,0,1,2,0,0,1,4,16,69,198,241,226,152,32,7,4,1,4,2,1,1,2,1,0,0,0,0,0,1,2,1,4,36,170,235,245,205,62,28,5,2,3,3,2,0,0,0,0,0,0,0,1,1,2,2,3,24,93,189,233,229,128,57,12,5,2,4,2,0,0,0,0,0,0,0,0,0,0,2,4,7,21,85,175,222,208,139,50,14,5,2,1,1,1,0,0,0,0,0,0,0,0,2,3,4,6,14,77,171,235,220,153,59,10,1,2,2,1,0,0,0,0,0,1,4,1,1,3,3,3,5,22,142,222,245,231,159,26,2,1,2,1,0,0,0,0,0,1,4,2,0,0,1,1,4,12,94,189,237,245,195,44,7,2,1,1,0,0,0,0,0,1,1,2,3,1,0,3,4,7,28,92,182,232,232,121,36,9,4,0,0,0,0,0,0,0,0,0,0,0,1,1,4,7,7,21,75,174,233,210,129,38,5,0,0,0,0,0,0,0,0,0,0,0,1,4,1,2,1,3,15,101,193,215,164,81,6,0,0,0,0,0,0,0,0,0,0,0,0,0,0,0,0,0,0,0,0,0,149,5,3,0,0,2
0,0,0,0,0,0,0,0,0,0,0,0,1,5,4,1,0,0,0,0,0,0,0,0,254,216,161,74,20,5,1,4,3,2,2,1,1,2,2,0,0,0,0,0,0,0,0,0,244,242,223,160,78,22,6,4,2,3,3,2,1,0,0,0,0,0,0,0,0,0,0,0,184,224,240,219,158,79,24,8,3,2,3,3,1,0,0,0,0,0,0,0,0,0,0,0,74,162,220,238,218,158,78,24,7,2,3,3,2,0,1,0,0,0,0,0,0,0,0,0,2,70,157,219,240,220,161,77,20,7,4,3,2,1,1,1,0,0,0,0,0,0,0,0,2,12,68,155,221,242,223,161,75,21,5,2,2,2,1,0,0,0,0,0,0,0,0,0,0,3,15,68,154,222,240,222,160,75,22,5,1,2,1,0,2,2,1,0,0,0,0,0,1,1,5,18,71,154,221,241,219,157,77,24,5,1,1,3,4,3,1,0,1,2,1,0,3,3,4,6,19,71,159,223,240,219,155,76,23,4,3,5,5,2,0,1,2,2,3,4,0,3,3,2,6,19,69,160,225,240,219,156,73,20,4,2,4,3,1,1,0,1,3,5,0,2,3,1,4,7,13,60,165,226,242,223,157,64,14,5,3,1,3,5,2,1,1,0,0,0,3,3,1,3,5,13,62,158,222,241,222,161,64,15,8,4,1,3,3,1,0,0,0,1,1,0,3,5,3,4,18,72,156,217,238,220,158,72,22,6,3,3,4,2,0,0,0,2,1,0,1,4,5,2,4,22,75,155,217,238,221,159,74,24,7,4,3,2,1,0,0,1,0,0,2,3,2,1,1,4,22,75,156,219,241,222,156,75,25,6,2,2,2,0,0,0,0,0,0,0,0,0,2,1,5,20,72,160,224,242,224,157,74,21,4,1,2,0,0,0,0,0,0,0,1,1,2,2,2,6,20,70,163,228,244,222,157,73,19,6,1,0,0,0,0,0,0,0,0,1,0,2,3,3,6,19,71,161,224,240,220,156,72,20,4,0,0,0,0,0,0,0,0,0,0,1,3,2,2,7,18,67,159,221,240,218,157,74,16,0,0,0,0,0,0,0,0,0,1,1,2,3,2,4,5,14,71,161,222,240,221,160,65,0,0,0,0,0,0,0,0,1,3,1,1,2,2,3,3,6,14,74,162,226,244,217,140,0,0,0,0,0,0,0,0,0,0,0,0,0,0,0,0,0,3,13,86,178,220,203,134,0,0,0,0,0,0,0,0,0,0,0,0,0,0,0,0,0,0,0,0,0,0,0,0,0,2
0,0,0,0,0,0,0,0,0,0,0,0,0,0,0,0,0,0,0,0,0,0,0,0,0,0,0,0,0,0,1,8,20,154,194,29,12,5,1,0,0,0,0,0,0,0,0,0,0,0,0,0,0,0,0,10,105,207,230,175,100,39,10,3,0,0,0,0,0,0,0,0,0,0,0,0,0,0,4,23,137,233,245,239,202,138,74,20,4,0,0,0,0,0,0,0,0,0,0,0,0,3,20,108,216,247,251,251,248,227,158,93,21,8,4,0,0,0,0,0,0,0,0,0,0,7,73,198,245,253,254,254,253,250,235,209,110,75,11,4,0,0,0,0,0,0,0,0,4,29,115,218,251,255,255,255,254,253,252,247,227,131,83,18,8,4,0,0,0,0,0,0,14,102,208,246,253,255,255,255,255,255,254,253,248,240,206,112,50,8,1,0,0,0,0,5,25,174,243,253,255,255,255,255,255,255,255,254,254,252,245,203,100,29,2,0,0,1,5,18,122,219,250,255,255,255,255,255,255,255,255,255,254,253,246,227,158,43,2,0,0,3,11,107,209,246,254,255,255,255,255,255,255,255,255,255,254,253,245,183,71,12,2,0,0,4,23,131,231,252,255,255,255,255,255,255,255,255,255,255,255,251,235,121,17,4,0,0,0,12,106,213,245,252,254,255,255,255,255,255,255,255,255,255,252,241,174,55,6,0,0,0,0,16,175,236,248,252,254,254,254,254,255,255,255,255,255,255,249,190,70,12,2,0,0,0,0,13,104,190,228,248,253,254,254,254,254,255,255,255,255,252,239,170,42,3,0,0,0,0,0,5,28,59,135,220,246,251,253,254,254,254,254,255,254,244,190,71,11,1,0,0,0,0,0,1,5,10,36,122,173,233,249,254,254,254,254,254,251,229,109,16,2,0,0,0,0,0,0,0,1,1,7,28,51,140,230,245,250,254,253,251,241,184,68,6,0,0,0,0,0,0,0,0,0,0,1,3,9,36,124,154,237,249,253,247,194,80,13,2,0,0,0,0,0,0,0,0,0,0,0,0,1,7,24,41,138,232,241,232,154,27,4,0,0,0,0,0,0,0,0,0,0,0,0,0,0,0,2,8,35,103,153,175,72,14,1,0,0,0,0,0,0,0,0,0,0,0,0,0,0,0,0,1,6,17,35,39,14,6,2,0,1,0,0,0,0,0,0,0,0,0,0,0,0,0,0,0,4,4,5,4,5,4,7,2,1,0,0,0,0,0,0,0,0,0,0,0,0,0,0,0,0,0,0,0,0,0,0,0,0,0,0,0,0,0,3
5,0,0,3,1,4,14,4,3,6,8,5,5,11,12,3,4,1,2,16,1,0,0,0,3,0,3,1,2,9,14,30,89,184,191,191,182,105,42,27,13,4,2,3,5,3,2,0,2,2,1,2,4,17,62,168,200,241,248,247,240,208,179,165,73,16,6,2,4,2,2,0,2,2,1,2,15,52,169,238,249,251,252,250,251,250,247,237,179,66,16,6,2,3,2,0,4,1,3,5,26,146,237,250,252,253,252,252,253,254,254,250,239,163,45,8,2,3,2,0,7,1,2,6,28,221,248,253,252,254,254,254,254,254,254,254,250,227,70,9,4,1,2,0,4,1,2,10,44,228,252,254,255,255,255,255,255,255,254,252,253,234,82,16,5,1,2,0,1,3,3,18,117,231,252,254,255,255,255,255,255,255,255,252,253,241,149,36,4,3,2,0,1,5,2,22,187,242,252,254,255,255,255,255,255,255,255,254,254,249,220,56,5,7,2,0,2,4,2,24,189,247,252,253,255,255,255,255,255,255,255,255,253,252,228,62,6,5,2,0,0,1,1,23,181,245,252,252,254,255,255,255,255,255,255,254,252,252,229,65,7,1,2,0,0,1,1,21,170,239,251,253,254,255,255,255,255,255,255,253,251,248,226,64,6,1,1,0,0,1,1,12,119,220,248,254,254,255,255,255,255,255,255,253,249,239,180,44,4,0,1,0,0,1,1,6,26,177,244,253,254,254,254,254,254,254,254,253,245,203,67,12,5,2,0,0,0,2,1,1,14,131,225,249,253,254,254,253,251,253,253,251,238,106,19,7,1,3,0,0,0,2,3,3,8,27,145,226,244,248,251,252,249,252,251,243,200,76,11,3,1,0,3,0,0,1,3,6,3,8,41,143,176,187,235,244,244,241,218,177,101,24,5,1,4,0,1,0,0,1,2,4,3,4,10,39,52,67,158,172,173,169,127,54,27,5,2,3,4,1,1,0,0,3,1,3,4,1,3,5,7,16,42,52,53,49,34,10,3,2,2,5,2,2,1,0,0,5,1,2,2,1,2,2,2,3,3,8,9,6,5,4,2,2,3,3,2,0,1,0,0,1,1,2,1,2,4,3,4,2,2,3,1,4,5,3,3,0,1,1,2,0,3,0,0,3,1,1,0,2,2,0,0,2,0,0,4,0,0,0,1,1,0,5,1,0,0,0,0,0,0,0,0,0,0,0,0,0,0,0,0,0,0,0,0,0,0,0,0,0,0,0,0,0,0,0,0,0,0,0,0,0,0,0,0,0,0,0,0,0,0,0,0,0,0,0,1
0,0,0,0,0,0,0,1,4,6,0,0,0,0,10,2,0,1,1,0,0,0,0,0,0,0,0,0,0,0,0,0,1,2,2,2,7,2,2,5,8,17,77,86,175,221,202,140,0,0,0,0,0,0,0,0,0,0,1,4,3,1,7,6,16,87,173,190,234,244,214,144,0,0,0,0,0,0,0,1,1,1,2,6,1,3,7,20,89,178,230,241,245,224,151,31,0,0,0,0,0,0,0,1,2,2,3,4,7,13,24,99,182,228,239,240,216,146,52,0,0,0,0,0,2,0,0,2,3,2,2,6,15,85,174,224,239,216,156,148,138,53,13,1,2,2,0,1,3,2,0,2,2,1,4,17,81,184,234,243,220,146,65,55,17,11,2,2,4,3,1,0,2,5,4,1,2,5,20,80,183,236,246,220,147,60,14,6,2,0,2,0,0,1,2,1,5,6,6,3,5,23,78,184,240,245,223,152,57,11,5,3,1,2,3,1,2,1,7,4,2,5,3,5,22,78,183,239,246,227,150,55,14,5,2,3,3,3,0,3,0,5,2,1,6,4,6,19,76,181,242,248,230,155,46,10,7,4,1,3,5,0,1,2,0,6,2,3,2,7,16,80,187,242,247,232,153,37,9,5,3,1,4,4,4,0,0,0,5,2,5,7,8,22,86,184,240,245,227,154,37,11,3,2,6,4,1,6,1,2,0,1,1,2,4,15,81,95,185,236,244,226,152,39,11,1,3,8,5,1,1,0,1,2,5,2,0,4,16,87,172,190,233,246,222,148,46,9,3,0,1,2,4,3,1,1,4,4,3,0,3,14,87,178,230,239,243,220,150,52,10,2,1,3,1,0,1,1,0,0,2,1,1,4,2,87,179,232,248,246,219,147,58,12,5,1,3,3,2,1,0,0,0,0,0,0,0,1,79,185,233,243,227,214,147,62,11,4,4,4,3,1,2,1,0,0,0,0,0,0,0,0,247,238,222,211,148,134,59,15,6,2,2,6,0,1,1,1,0,0,0,0,0,0,0,0,251,223,152,63,23,15,12,6,2,4,4,1,0,0,0,0,0,0,0,0,0,0,0,0,237,150,51,11,4,2,4,2,1,6,1,1,2,2,0,0,0,0,0,0,0,0,0,0,147,44,9,3,2,3,5,5,0,0,1,1,5,2,1,0,0,0,0,0,0,0,0,0,1,7,1,4,3,6,7,2,0,1,4,4,3,1,0,0,0,0,0,0,0,0,0,0,0,0,0,0,0,0,3,6,2,0,1,0,0,4,1,0,0,0,0,0,0,0,0,0,2
0,0,0,0,0,0,0,0,0,1,5,5,0,0,0,0,0,0,0,0,0,0,0,0,0,0,0,0,0,1,1,1,4,7,4,0,0,0,0,0,0,0,0,0,0,0,0,0,0,2,1,0,1,4,2,0,1,9,2,1,0,0,0,0,0,0,0,0,0,0,0,0,0,0,0,0,1,1,0,2,6,1,1,6,6,0,0,0,0,0,0,0,0,0,0,0,0,0,0,3,4,9,18,26,26,20,12,2,0,0,0,0,0,0,0,0,0,0,0,0,0,0,2,4,6,37,163,207,156,167,45,12,2,0,0,0,0,0,0,0,0,2,6,0,0,0,0,1,6,51,205,245,246,227,201,54,13,3,0,0,0,2,4,1,0,5,0,0,0,0,0,1,11,90,214,248,242,251,238,203,82,8,3,1,1,6,3,1,4,0,0,0,0,0,0,2,11,94,233,253,254,253,251,241,114,32,16,13,7,6,1,1,1,1,3,0,0,0,0,6,24,115,241,254,254,253,254,248,234,159,169,48,31,3,0,1,7,3,1,0,0,0,1,15,141,232,246,248,248,248,253,252,249,247,237,203,57,21,13,6,1,2,3,0,0,3,2,43,183,233,247,252,254,254,253,254,254,253,253,244,226,110,116,14,4,5,3,0,0,3,16,58,196,237,253,254,255,254,255,254,250,252,253,254,244,224,156,38,18,15,6,5,0,8,81,201,232,248,249,254,254,254,254,253,254,253,254,253,252,238,235,216,175,52,73,1,1,12,101,226,250,249,252,251,252,254,254,254,253,249,253,254,253,253,249,237,216,209,95,3,0,15,139,231,253,252,252,252,254,254,252,253,254,253,252,252,252,254,253,251,245,221,205,145,0,17,142,242,252,254,252,253,254,253,252,254,253,252,252,253,252,251,243,234,221,208,193,2,0,33,165,247,254,254,253,254,254,254,253,253,253,253,243,222,212,211,200,40,29,28,19,6,0,201,231,250,252,254,253,251,250,251,243,221,212,213,203,37,29,31,20,9,2,3,5,7,0,38,232,244,249,247,239,214,206,208,201,38,28,27,18,11,1,1,1,1,2,1,1,2,0,27,194,208,199,202,193,36,27,27,18,10,1,1,1,0,3,6,1,1,0,1,4,2,0,17,175,34,26,26,18,11,2,1,1,0,0,0,0,2,2,2,0,0,1,1,1,0,0,9,9,10,2,4,3,0,0,0,0,1,1,1,1,0,0,1,2,0,0,0,0,0,0,0,0,10,4,0,0,2,1,1,1,1,1,1,0,0,0,0,0,0,0,0,0,0,0
0,0,0,0,0,0,0,0,0,0,0,0,0,0,0,0,0,0,0,0,0,0,0,0,0,0,1,5,5,2,1,0,0,1,0,1,0,0,0,0,0,0,0,0,0,0,0,0,0,0,1,5,8,7,2,1,1,1,4,2,1,1,1,1,0,0,0,0,0,0,0,0,0,0,5,30,63,37,16,13,12,8,7,2,0,0,0,0,0,0,0,0,0,0,1,1,0,0,13,70,150,138,116,109,102,92,22,14,13,11,7,3,0,0,0,1,0,1,0,2,0,0,9,60,163,214,223,220,214,203,126,114,110,106,83,20,13,13,12,8,4,1,1,0,0,1,4,27,93,196,237,247,249,243,227,220,219,216,190,123,112,107,102,80,19,13,12,1,0,1,2,6,27,157,225,246,253,251,250,250,249,249,241,225,219,215,210,187,113,101,96,88,0,1,2,3,16,91,193,244,247,252,252,252,252,252,252,251,250,250,248,238,215,207,204,210,0,1,2,3,10,103,199,238,251,252,252,250,251,253,253,253,254,253,253,251,248,245,246,247,0,1,1,3,7,45,121,206,243,252,252,252,253,254,254,254,253,252,252,253,253,251,247,254,0,1,1,1,2,8,40,117,220,249,251,251,253,254,254,253,252,252,253,253,252,244,204,144,4,3,2,1,1,3,11,59,175,243,252,252,253,254,254,254,252,250,251,252,248,227,150,28,1,0,0,2,3,3,5,36,140,237,252,253,253,253,254,253,252,249,248,247,227,160,81,3,0,0,0,0,1,0,2,16,88,212,248,252,251,251,253,252,248,241,230,220,186,85,18,0,0,0,0,0,0,0,0,5,47,158,238,250,251,251,251,249,236,210,167,113,51,13,4,0,0,0,0,0,0,0,0,2,28,108,200,240,249,251,250,239,204,147,83,30,7,1,0,0,0,0,0,0,0,0,0,1,10,43,137,226,243,247,245,205,129,58,15,12,2,0,0,0,0,0,0,0,0,0,0,2,11,71,161,219,238,234,213,149,59,10,3,1,2,1,0,0,0,0,0,0,0,0,1,4,6,16,77,160,181,141,96,64,26,3,1,0,0,0,0,0,0,0,0,0,0,0,0,0,1,4,12,29,43,41,22,9,4,1,0,0,0,0,0,0,0,0,0,0,0,0,0,0,2,5,7,5,4,4,5,3,2,0,0,0,0,0,0,0,0,0,0,0,0,0,0,1,4,3,1,1,0,0,2,2,1,0,0,0,0,0,0,0,0,0,0,0,0,0,0,0,0,0,0,0,0,0,0,0,0,0,0,0,0,0,0,0,0
0,0,0,0,0,0,0,0,0,1,1,4,5,7,3,4,16,85,187,93,160,0,0,0,0,0,0,0,0,2,1,0,1,1,0,2,5,5,2,8,53,168,232,234,212,139,8,0,0,0,0,0,0,1,1,2,3,2,0,2,5,5,2,10,54,168,237,244,185,70,9,0,0,0,0,0,0,0,0,3,3,1,1,1,4,3,7,17,123,214,246,231,109,14,2,0,0,0,0,0,0,0,1,4,3,1,4,5,2,6,9,45,137,241,247,200,37,9,0,0,0,0,0,0,0,0,1,1,1,3,4,3,3,6,24,94,196,241,244,207,111,13,0,0,0,0,0,0,0,0,0,0,0,3,4,4,2,5,24,92,196,245,227,153,36,9,0,0,0,0,0,0,0,0,0,0,0,0,4,4,4,12,65,173,234,231,168,66,9,1,2,0,0,0,0,0,0,0,0,1,1,0,3,4,8,50,143,222,246,198,98,18,3,1,4,0,0,0,0,0,0,0,0,1,1,2,2,2,7,56,199,244,239,200,107,10,1,1,4,1,0,0,0,0,0,0,0,1,2,2,2,1,7,51,197,250,239,144,36,8,5,4,2,1,0,0,0,0,0,0,2,1,0,2,2,4,22,102,229,245,218,130,14,3,3,6,1,1,0,0,0,0,0,1,4,4,1,1,4,14,79,182,242,232,165,67,13,2,2,4,4,0,2,0,0,1,0,2,4,7,6,2,6,55,146,221,238,230,167,70,7,6,1,3,1,2,4,0,1,4,1,0,1,5,5,4,9,51,142,221,240,195,100,14,7,2,2,6,1,1,0,1,2,3,2,0,0,4,4,3,15,107,206,241,208,115,27,6,4,4,2,3,2,3,0,1,5,1,1,3,2,2,4,6,34,185,241,246,151,57,10,3,5,5,4,0,1,5,0,2,4,2,1,7,3,6,4,7,93,219,249,243,200,64,6,2,6,8,2,0,0,2,0,1,0,0,4,3,3,2,5,19,88,221,249,227,154,22,4,2,6,3,5,2,0,0,0,0,0,0,1,6,2,3,9,58,154,238,237,184,81,11,2,1,1,1,2,1,0,0,0,0,1,1,2,4,4,8,31,131,218,246,208,110,29,6,2,2,0,1,0,0,0,0,0,0,1,1,4,2,5,11,102,195,241,244,208,116,33,3,2,3,3,1,0,0,0,0,0,0,2,1,4,2,2,15,90,192,241,239,152,58,10,4,2,3,1,0,0,0,0,0,0,0,0,0,3,0,1,4,166,239,254,232,69,2,6,0,0,0,0,0,0,0,0,0,2
0,0,0,0,0,0,0,0,0,0,4,2,37,149,251,254,129,45,2,1,0,0,0,0,0,0,0,0,0,0,3,8,1,5,8,55,137,219,245,211,127,18,3,1,1,0,0,0,0,0,0,0,1,1,5,3,1,3,11,64,203,224,241,202,113,12,0,1,4,0,0,0,0,0,0,0,0,3,6,6,1,5,13,79,213,247,212,126,40,7,1,2,0,0,0,0,0,0,0,0,1,1,4,4,6,13,63,150,236,244,203,41,16,7,3,2,0,0,0,0,0,0,0,1,1,2,3,2,6,50,145,172,244,238,187,22,3,2,4,4,0,0,0,0,0,0,0,2,2,3,3,2,6,30,162,229,238,206,119,18,3,2,4,4,2,1,0,0,0,0,0,0,0,2,3,4,13,62,220,245,207,124,97,13,7,2,5,4,2,2,4,0,0,0,2,0,0,0,2,10,51,79,228,249,230,103,26,9,3,1,3,2,0,3,4,1,0,1,4,2,2,5,2,15,74,174,240,243,187,42,8,4,5,2,1,0,1,3,2,1,0,1,1,4,9,3,5,22,160,229,242,196,98,29,3,3,6,5,1,0,1,1,0,0,2,0,0,6,2,1,7,80,176,235,242,181,82,9,3,4,6,3,1,1,1,0,0,0,0,0,1,1,3,5,17,101,224,245,225,101,26,5,2,5,1,2,5,0,0,0,0,0,0,5,3,3,6,9,82,176,241,235,178,89,9,3,2,1,0,0,0,0,0,0,0,0,5,4,2,3,6,26,101,195,243,226,164,22,4,2,4,2,0,0,0,0,0,0,0,0,5,6,2,4,8,41,185,240,239,177,83,14,2,0,2,2,1,1,0,0,0,0,0,0,0,4,4,5,26,96,228,251,229,92,63,7,5,1,2,1,1,0,0,0,0,0,0,0,0,1,3,9,34,114,240,251,220,69,13,7,3,6,1,0,1,1,1,0,0,0,0,0,0,0,2,14,105,199,243,240,172,33,5,3,3,3,5,2,1,2,1,0,0,0,0,0,0,0,0,28,186,239,245,176,148,22,6,4,3,5,3,1,3,3,1,0,0,0,0,0,0,0,5,31,199,244,237,155,54,15,5,2,3,4,1,2,4,4,1,1,0,0,0,0,0,0,13,126,231,248,214,76,16,6,5,4,3,0,1,4,4,2,2,2,0,0,0,0,0,0,13,190,232,226,204,67,9,5,4,6,3,0,1,1,0,0,0,0,0,0,0,0,0,0,0,0,255,222,144,57,3,0,11,4,1,1,0,0,0,0,0,0,0,0,0,0,2
0,0,0,0,0,0,0,0,0,0,0,0,0,0,0,0,0,0,0,0,0,0,0,0,0,0,0,0,0,0,0,0,0,0,0,3,1,0,0,0,0,0,0,0,0,0,0,0,0,6,7,3,1,0,3,3,1,1,1,1,0,0,0,0,0,0,0,0,0,0,0,0,0,83,68,44,13,7,5,2,3,3,2,0,0,0,0,0,0,0,0,0,0,0,0,0,0,205,185,161,95,40,11,5,3,2,4,2,0,1,0,0,0,0,0,0,0,1,0,0,0,194,235,236,202,118,50,22,6,3,3,2,1,1,0,0,0,0,0,0,1,1,0,0,0,120,210,235,238,203,150,84,25,10,3,1,2,1,0,0,3,0,0,1,2,2,1,0,0,27,121,172,225,236,232,210,153,58,13,6,2,0,2,4,3,0,0,2,1,4,1,0,0,6,19,27,81,191,238,243,226,157,99,33,7,2,3,6,3,0,2,0,1,1,1,0,0,1,1,3,23,92,173,214,238,223,197,116,41,15,6,3,6,2,1,6,1,0,0,0,0,3,1,2,8,29,68,122,187,227,238,232,189,90,40,11,6,7,1,2,4,0,0,1,0,1,1,3,5,5,10,19,64,157,209,238,241,194,160,52,14,6,4,1,6,2,0,2,0,1,0,2,4,2,3,6,12,62,112,189,232,239,226,165,83,41,24,9,4,1,2,3,0,0,0,0,3,4,1,4,5,10,28,78,145,206,227,235,214,144,107,28,7,1,0,4,0,0,0,0,1,1,1,3,5,4,4,11,38,118,162,224,243,223,202,101,25,10,5,0,0,0,1,3,1,1,0,1,5,3,1,2,7,31,57,160,224,240,238,201,128,76,55,1,0,0,1,2,2,1,0,2,2,0,1,3,2,3,11,46,91,184,205,238,233,187,158,46,0,0,1,2,1,0,0,0,0,0,0,0,3,1,5,8,17,76,110,206,243,239,224,157,0,0,0,1,0,0,0,0,0,0,0,1,1,5,2,2,8,14,28,115,205,235,231,234,0,0,0,0,0,0,0,0,0,0,0,0,0,4,2,4,1,5,8,21,49,140,173,253,0,0,0,0,0,0,0,0,0,0,0,0,0,1,2,4,1,3,4,2,10,21,38,42,0,0,0,0,0,0,0,0,0,0,0,0,2,1,0,0,0,6,0,0,0,1,2,0,0,0,0,0,0,0,0,0,0,0,0,0,0,0,0,0,0,0,0,0,0,0,0,0,0,0,0,0,0,0,0,0,0,0,0,0,0,0,0,0,0,0,0,0,0,0,0,0,2
0,0,4,4,5,3,0,0,0,1,1,0,0,0,1,1,0,0,0,0,0,0,0,0,0,1,4,6,8,3,1,1,1,3,2,1,1,1,1,0,0,0,0,2,0,0,0,0,0,0,9,2,5,6,3,2,0,5,1,1,1,1,1,1,1,1,1,2,5,2,1,3,0,0,8,16,18,13,9,0,1,0,2,1,0,0,1,1,1,1,0,2,2,1,0,1,0,1,13,124,139,134,28,19,18,21,12,7,1,1,1,1,1,1,2,2,4,3,3,0,0,2,12,121,207,230,164,145,147,143,134,24,18,18,12,7,2,3,4,1,6,4,4,1,0,1,5,34,204,239,245,233,235,231,162,152,146,145,134,26,18,18,11,8,1,1,1,2,0,0,1,19,192,217,250,252,252,249,239,236,235,234,223,151,140,138,127,25,17,17,6,0,2,0,3,14,68,217,246,254,252,252,253,253,253,253,248,234,228,227,216,149,132,120,11,4,2,2,2,5,92,226,252,252,253,253,252,253,254,255,253,252,250,249,247,225,211,117,11,2,1,1,4,5,33,218,245,254,254,250,254,252,253,254,255,254,252,254,251,226,209,27,5,5,3,0,4,4,27,212,241,253,253,251,254,253,254,254,252,254,254,249,238,188,31,10,0,1,1,1,2,1,26,173,247,254,252,253,253,254,254,253,251,254,253,242,123,58,11,0,2,4,2,0,6,0,20,212,241,254,254,249,253,255,253,251,252,253,250,225,103,12,2,2,2,1,0,0,4,0,12,78,236,252,253,254,254,255,254,247,252,243,230,166,22,6,0,2,2,2,1,3,1,1,5,27,210,249,253,254,253,255,254,252,252,223,53,18,12,1,1,1,4,5,8,6,1,3,6,16,136,238,252,253,254,254,252,248,240,199,23,1,0,2,5,3,4,0,1,1,5,5,1,9,35,204,253,252,251,252,252,243,224,104,14,0,0,2,2,2,0,0,0,0,2,0,0,3,38,223,250,248,248,248,251,232,199,22,5,0,1,1,0,1,2,0,0,0,0,0,0,1,23,204,246,253,253,246,235,177,27,10,0,6,1,0,1,4,1,0,0,0,0,0,0,0,13,112,237,253,253,236,95,30,8,4,1,1,0,1,9,1,0,0,0,0,0,0,0,0,13,40,227,242,248,213,29,3,1,1,0,0,0,4,1,3,0,0,0,0,0,0,0,1,8,178,206,230,228,136,17,1,0,0,0,0,0,1,0,1,0,0,0,0,0,0,0,0,0,0,255,255,0,8,1,0,0,0,0,0,0,0,0,0,0,0,0
0,0,0,0,0,0,0,0,0,0,0,5,0,0,1,0,0,0,0,0,0,0,0,0,0,0,0,0,0,0,0,0,0,0,2,2,4,4,3,0,2,6,1,4,0,0,0,0,0,0,0,0,0,0,0,0,0,0,1,5,1,1,0,1,2,9,2,5,2,6,6,0,0,0,0,0,0,0,0,0,0,0,0,2,1,1,6,1,7,3,1,5,10,25,121,1,0,0,0,0,0,0,0,0,0,0,1,0,1,3,4,1,3,5,5,7,20,128,208,202,0,1,0,0,0,0,0,0,0,1,1,1,1,6,1,1,10,15,23,31,123,211,244,202,0,3,0,0,0,0,0,0,0,1,2,3,4,4,3,7,20,91,188,205,213,236,235,248,0,0,0,1,2,0,1,2,0,0,3,3,1,6,7,16,91,194,243,248,242,194,99,63,0,1,2,4,4,0,2,5,3,1,4,1,3,6,48,78,190,243,250,243,204,94,21,0,1,0,0,1,1,1,2,9,4,4,1,10,20,56,77,189,239,244,227,203,112,17,9,0,0,0,1,1,8,1,8,1,3,2,10,39,162,225,235,239,222,210,137,109,19,6,0,0,2,0,0,5,2,1,1,6,6,12,37,160,235,250,248,229,150,30,21,12,6,1,4,0,3,1,1,7,1,3,9,7,20,134,158,235,248,248,233,153,30,8,3,5,1,4,0,1,4,3,3,5,3,7,21,36,135,220,235,239,231,167,154,28,8,8,3,1,7,1,0,3,3,2,1,6,9,21,120,207,236,245,237,177,62,26,14,8,5,3,1,2,5,0,1,2,0,0,4,17,84,118,208,245,248,240,181,63,13,2,2,2,7,1,8,1,2,0,0,0,1,13,24,92,189,214,243,242,208,182,75,13,4,0,3,8,3,1,2,1,1,4,1,0,50,79,179,232,241,243,234,194,103,75,14,3,1,0,2,4,4,1,0,3,3,3,2,0,188,191,241,245,226,204,119,26,17,10,4,2,3,3,0,0,3,1,0,2,2,1,1,0,188,246,246,222,141,109,23,8,3,4,3,3,1,1,0,0,0,0,0,0,0,0,2,0,248,241,226,144,25,12,6,8,1,1,6,1,1,2,0,0,0,0,0,0,0,0,0,0,255,162,149,22,6,1,5,2,0,2,4,1,0,1,0,0,0,0,0,0,0,0,0,0,0,23,13,6,0,0,8,0,0,0,2,2,1,0,0,0,0,0,0,0,0,0,0,0,0,0,0,0,0,0,0,0,0,0,0,8,2,0,0,0,0,0,0,0,0,0,0,0,2
0,0,0,0,0,0,0,0,1,1,1,0,0,0,7,1,3,5,6,1,0,0,0,0,0,0,0,0,0,0,1,1,1,0,0,1,2,10,15,23,21,39,6,3,1,0,0,0,0,0,0,1,1,1,0,0,0,1,1,8,13,25,138,149,144,68,9,3,0,0,0,0,0,2,1,0,0,0,1,1,8,13,19,29,142,158,167,236,231,88,20,6,1,0,0,0,11,1,1,0,1,1,7,13,29,142,152,161,234,244,246,248,243,221,73,7,0,0,0,0,2,7,3,8,13,19,29,142,161,234,244,247,251,255,254,254,253,230,85,11,3,0,0,0,3,15,20,29,142,152,161,234,247,251,255,255,254,254,254,255,254,239,95,66,6,0,0,0,4,136,148,161,234,244,247,251,255,255,254,254,254,255,255,255,255,247,225,76,9,0,0,0,77,160,236,246,250,255,255,254,254,254,255,255,255,255,255,255,255,255,239,93,18,3,0,0,122,222,242,251,253,254,254,255,255,255,255,255,255,255,255,255,255,255,247,222,73,6,0,0,2,132,242,254,253,255,255,255,255,255,255,255,255,255,255,255,255,255,255,232,83,9,0,0,1,117,233,249,255,255,255,255,255,255,255,255,255,255,255,255,255,255,255,239,93,18,3,0,1,108,137,244,255,255,255,255,255,255,255,255,255,255,255,255,255,255,255,247,222,73,7,2,0,19,128,239,255,255,255,255,255,255,255,255,255,255,255,255,255,255,254,253,237,92,20,4,0,10,113,229,250,255,255,255,255,255,255,255,255,255,255,255,255,254,254,251,245,220,72,2,0,5,24,133,244,255,255,255,255,255,255,255,255,255,254,254,254,255,254,248,243,222,60,2,0,0,15,123,239,255,255,255,255,255,255,254,254,254,255,255,251,247,243,232,162,140,48,5,0,0,10,113,229,249,255,255,255,254,254,254,255,255,251,247,234,161,152,142,30,17,13,3,0,0,5,24,133,243,254,253,254,255,255,251,247,244,234,161,142,29,19,13,10,5,1,1,0,0,0,10,113,227,246,253,250,247,244,234,161,152,142,29,13,7,1,1,0,1,3,4,0,0,2,6,25,132,238,243,239,167,158,142,29,19,13,8,1,1,0,0,0,1,2,0,0,0,0,4,13,118,218,161,148,138,25,13,8,1,1,0,0,0,1,1,1,0,0,0,0,0,0,3,10,74,135,31,21,13,8,1,1,0,0,1,1,1,0,0,0,0,0,0,0,0,0,0,8,4,4,3,9,4,0,0,0,1,1,1,0,0,0,0,0,0,0,0,3
0,0,0,0,0,0,0,0,0,0,0,0,0,0,0,0,0,0,0,0,0,0,0,0,0,0,0,0,0,0,4,5,4,5,4,3,3,3,5,6,2,0,0,0,0,0,0,0,0,0,0,0,2,7,10,16,29,52,54,37,34,29,15,6,2,3,0,0,0,0,0,0,0,0,0,2,13,31,40,75,155,194,196,193,173,179,72,19,9,5,2,0,0,0,0,0,0,0,0,8,57,152,169,176,227,246,249,247,241,221,204,75,48,11,2,1,1,0,0,0,0,1,6,32,121,215,240,245,249,252,252,253,251,250,242,214,177,31,7,1,1,3,2,1,0,3,30,113,207,244,249,250,252,253,254,254,252,251,250,249,213,97,19,8,4,2,3,0,0,6,69,173,229,250,252,253,254,254,255,254,253,252,253,252,238,180,87,42,8,1,0,0,0,11,82,188,239,251,253,254,255,255,255,254,254,254,254,254,250,234,196,94,15,2,1,0,0,17,102,202,243,252,254,255,255,255,255,255,255,255,255,255,253,249,220,138,40,4,1,0,0,43,146,228,250,251,254,255,255,255,255,255,255,255,255,255,254,252,232,183,52,7,4,0,0,34,148,233,252,253,254,255,255,255,255,255,255,255,255,254,254,251,244,210,62,6,4,0,3,43,148,227,251,254,254,255,255,255,255,255,255,255,254,253,253,252,239,121,27,6,2,0,2,13,65,201,245,251,254,255,255,255,255,255,255,255,254,253,252,249,232,85,50,4,2,0,3,3,17,150,195,246,252,254,254,254,255,255,255,255,254,253,251,245,215,90,9,4,2,0,4,3,8,24,156,208,245,252,252,252,254,254,254,254,253,251,248,230,105,19,4,1,1,0,1,3,5,14,33,121,222,240,249,252,252,252,253,253,249,241,216,166,63,7,2,0,0,0,1,1,3,2,10,43,143,207,233,239,242,246,245,242,236,171,103,45,13,6,4,1,0,0,2,0,4,3,5,12,49,104,160,172,194,195,195,138,178,65,19,10,5,3,2,0,0,0,0,0,1,3,3,5,8,16,52,56,75,126,71,40,60,25,7,3,2,0,0,0,0,0,0,0,0,0,2,4,5,4,5,8,15,34,15,9,7,7,3,2,0,0,0,0,0,0,0,0,0,0,0,0,0,2,3,1,2,11,4,2,1,2,3,2,1,0,0,0,0,0,0,0,0,0,0,0,0,1,2,3,1,2,1,1,1,1,2,0,0,0,0,0,0,0,0,0,0,0,0,0,0,0,0,0,0,0,0,0,0,0,0,0,0,0,0,0,0,0,1
0,0,0,0,0,0,0,0,0,0,0,0,0,0,0,0,0,0,0,0,0,0,0,0,0,0,0,0,1,7,16,24,27,27,27,26,27,27,27,20,12,3,3,3,3,2,1,0,0,0,0,1,8,39,136,200,212,214,204,205,208,211,213,205,65,50,50,52,50,38,8,0,0,0,0,1,6,78,191,238,249,250,246,246,248,249,250,242,227,218,218,220,206,148,11,0,0,0,0,1,4,42,145,227,250,253,252,253,253,253,253,252,251,249,249,241,203,80,12,0,0,0,0,1,2,10,62,173,240,253,252,253,253,252,253,253,253,252,249,226,168,52,4,0,0,0,0,1,1,3,20,133,227,249,252,253,253,253,252,251,253,252,243,204,92,13,3,0,0,0,0,2,2,2,10,81,190,243,251,252,253,254,253,252,253,249,230,148,30,6,3,0,0,0,0,2,2,1,7,47,166,239,251,252,253,254,253,252,249,242,207,108,13,4,1,0,0,0,1,1,1,0,5,84,185,238,251,253,254,254,253,250,236,188,100,40,7,2,1,0,0,0,3,1,2,1,5,30,147,228,249,253,253,253,251,244,199,80,16,7,5,2,1,0,0,0,2,1,2,2,1,12,108,208,246,252,251,251,249,219,161,38,4,0,2,0,0,0,0,0,1,1,1,0,1,6,42,192,243,250,250,249,231,193,103,23,4,1,1,2,0,0,0,0,0,0,0,0,0,1,15,136,224,249,253,246,200,120,40,7,4,2,1,2,0,0,0,0,0,0,0,0,0,0,12,45,174,248,250,233,170,61,9,1,0,1,0,1,1,0,0,0,0,0,0,0,0,0,10,123,216,237,231,183,87,20,2,0,0,0,0,0,1,0,0,0,0,0,0,0,0,0,10,70,179,231,193,88,16,3,0,0,0,0,0,0,0,0,0,0,0,0,0,0,0,0,4,26,135,201,137,44,5,0,0,0,0,0,0,0,0,0,0,0,0,0,0,0,0,1,4,14,80,116,61,12,4,1,0,0,0,0,0,0,0,0,0,0,0,0,0,0,0,0,2,5,13,20,14,4,2,1,0,0,0,0,0,0,0,0,0,0,0,0,0,0,0,0,0,1,1,3,5,4,1,0,0,0,0,0,0,0,0,0,0,0,0,0,0,0,0,0,0,1,1,1,3,3,2,0,0,0,0,0,0,0,0,0,0,0,0,0,0,0,0,0,0,1,1,1,2,2,2,0,0,0,0,0,0,0,0,0,0,0,0,0,0,0,0,0,0,1,1,3,0,0,0,0,0,0,0,0,0,0,0,0,0
0,0,0,251,208,123,31,4,3,5,8,2,2,0,1,0,0,0,0,0,0,0,0,0,0,15,192,234,211,192,102,29,4,3,5,2,1,1,4,0,0,3,1,0,0,0,0,0,0,15,146,222,242,205,108,34,5,4,4,1,0,0,2,4,2,1,0,0,0,0,0,0,0,7,37,154,242,244,187,42,10,4,2,2,4,1,1,4,2,1,0,0,0,0,0,0,0,1,25,144,230,249,231,99,21,8,6,2,7,2,2,3,2,1,0,0,0,0,0,0,0,4,15,146,220,247,241,181,81,13,2,1,2,6,0,0,1,0,0,0,0,0,0,0,0,0,9,66,159,226,244,188,95,17,6,2,7,1,0,0,0,0,0,0,0,0,0,0,0,2,4,13,76,168,226,226,168,78,14,7,2,4,1,1,1,0,0,0,0,0,0,0,0,4,2,4,17,94,187,243,226,158,59,7,1,2,1,2,1,0,0,0,0,0,0,0,0,5,2,3,8,86,189,247,249,212,67,7,1,1,3,1,0,0,0,0,0,0,0,0,0,5,2,3,6,32,181,238,248,222,63,11,3,0,1,1,0,1,0,0,0,0,0,0,1,3,6,2,6,17,95,194,243,236,153,34,9,1,1,3,4,3,0,0,0,0,0,0,0,1,5,2,3,9,35,112,207,244,218,140,29,8,4,8,5,1,1,1,2,0,0,2,2,0,2,3,4,4,29,104,195,214,241,210,117,22,4,3,6,4,0,2,4,1,1,4,6,1,0,4,5,4,8,39,121,210,243,215,122,34,5,4,4,4,1,0,1,4,2,0,1,0,0,1,7,7,4,9,46,143,240,244,195,42,8,6,3,4,5,1,2,5,2,0,0,0,4,5,4,2,3,2,20,133,220,246,235,108,34,10,4,2,4,3,1,2,1,0,0,0,2,1,0,2,1,2,14,138,166,238,240,188,88,22,3,2,3,4,0,0,0,0,0,0,0,0,1,2,3,1,9,37,155,228,246,199,92,24,8,3,4,4,1,0,1,0,0,0,0,0,1,2,3,3,2,11,55,167,228,234,182,80,13,7,2,4,0,1,0,0,0,0,0,1,1,2,2,3,4,5,16,75,176,239,231,163,68,6,1,1,0,2,0,0,0,0,0,0,0,1,2,6,1,3,6,75,103,227,247,214,77,10,0,0,4,0,0,0,0,0,0,0,0,0,1,4,1,3,7,19,99,222,249,218,81,14,4,2,2,2,0,0,0,0,0,0,0,0,0,0,0,0,11,2,91,193,245,253,153,52,2,1,2,0,0,0,2
0,6,1,0,6,4,0,0,0,0,0,0,0,0,0,0,0,0,0,0,0,0,0,0,0,3,5,2,3,8,42,58,31,9,3,2,2,1,1,1,1,0,0,0,0,0,0,0,0,3,6,3,2,13,108,169,113,52,37,27,19,17,16,14,11,6,4,1,1,0,0,0,0,4,2,1,2,17,143,229,207,174,163,154,147,139,129,118,103,44,17,9,6,2,1,0,0,0,0,0,2,19,148,239,248,246,245,244,243,241,236,227,214,142,101,79,17,6,1,1,0,0,0,0,0,19,151,242,253,254,254,254,254,254,253,253,248,230,212,184,27,3,2,8,0,0,0,0,5,27,163,246,254,253,254,254,254,254,254,254,253,252,247,221,28,3,1,4,0,0,0,0,12,124,215,249,255,255,255,255,255,255,255,255,255,252,253,221,29,2,0,0,0,0,0,0,19,163,242,254,255,255,255,255,255,255,255,255,255,254,244,210,20,0,0,0,0,0,0,0,21,168,245,255,255,255,255,255,255,255,255,255,255,254,233,39,9,0,0,0,0,0,0,0,22,171,246,255,255,255,255,255,255,255,255,255,255,253,218,29,0,0,0,0,0,0,0,0,22,173,246,255,255,255,255,255,255,255,255,255,255,252,209,28,0,0,0,0,0,0,0,0,22,175,246,255,255,255,255,255,255,255,255,255,255,250,201,26,0,0,0,0,0,0,0,0,23,178,247,255,255,255,255,255,255,255,255,255,255,249,192,25,0,0,0,0,1,0,0,4,26,182,247,254,254,255,255,255,255,255,255,255,255,248,183,24,0,0,0,0,2,0,1,12,82,204,248,253,254,254,254,254,254,254,254,254,254,246,174,22,0,0,0,0,7,2,2,16,175,228,243,249,253,254,254,254,254,254,254,254,250,231,147,14,0,0,0,0,7,2,4,14,115,151,163,221,241,243,243,243,244,244,245,247,243,182,31,8,0,1,0,0,1,1,4,8,28,39,47,119,144,148,150,153,156,158,162,178,224,160,19,2,3,4,0,0,0,2,1,3,3,7,9,24,32,34,35,36,37,38,40,62,129,90,13,3,5,3,0,0,0,4,1,1,3,2,2,2,3,3,3,3,3,3,4,12,26,19,7,3,1,3,0,0,0,1,1,0,8,2,1,0,0,0,0,0,0,0,0,2,4,2,2,2,0,0,0,0,0,0,0,0,0,0,0,0,0,1,1,1,1,1,1,1,1,1,0,3,1,0,0,0,0,0,0,0,0,0,0,0,0,0,0,0,0,0,0,0,0,0,0,0,0,0,0,0,3
0,0,0,0,0,0,0,0,4,3,3,2,2,3,0,2,10,10,6,2,0,0,0,0,0,0,0,0,0,1,3,2,3,1,1,3,4,5,4,6,2,3,7,1,0,0,0,0,0,0,0,1,6,7,4,5,7,6,6,9,7,21,11,12,3,8,6,3,4,0,0,0,0,0,6,6,4,4,6,9,22,70,62,46,42,46,136,30,10,5,3,1,4,0,0,0,0,1,2,4,3,4,15,73,93,222,225,214,199,205,209,138,96,23,8,0,2,2,0,0,4,5,1,1,3,10,58,217,239,246,251,240,250,249,246,241,229,174,17,0,3,3,0,0,6,4,4,1,11,38,159,241,254,253,253,253,254,254,254,254,250,200,47,18,9,1,1,0,6,3,1,1,29,184,213,250,254,251,251,254,254,254,255,254,252,240,222,177,19,1,0,0,7,5,4,7,32,206,249,253,254,251,253,254,255,255,255,255,254,251,246,204,37,9,2,3,9,3,2,7,106,205,248,254,253,254,254,255,255,255,255,255,254,252,250,237,187,17,2,14,5,3,5,11,32,179,248,252,255,255,255,255,255,255,255,255,254,252,252,251,206,35,10,9,0,1,5,15,64,193,247,254,254,255,255,255,255,255,255,255,254,252,254,252,232,180,19,4,3,1,6,18,170,199,245,251,254,255,255,255,255,255,255,255,255,255,254,249,222,114,27,5,0,4,5,23,158,235,246,252,254,255,255,255,255,255,255,255,255,255,254,250,210,181,28,3,0,1,1,15,177,234,249,252,254,255,255,255,255,255,255,255,255,255,255,252,246,196,35,10,2,0,1,9,36,199,249,251,253,255,255,255,255,255,255,255,255,255,254,254,248,199,171,11,0,1,1,2,19,179,238,251,253,255,255,255,255,255,255,255,255,255,254,251,244,196,69,8,0,1,1,2,11,34,198,249,254,254,254,255,255,255,255,255,255,254,252,254,244,113,26,8,0,0,3,10,2,17,173,231,245,252,253,254,255,255,255,254,254,254,253,251,239,186,19,7,0,0,1,7,2,9,25,109,196,249,254,254,255,254,254,254,251,252,253,240,172,113,16,10,0,0,0,2,3,2,8,26,176,238,249,253,254,254,254,252,251,254,253,212,40,12,5,0,0,0,0,2,1,4,5,12,35,186,238,246,246,247,246,246,249,243,233,203,18,0,0,0,0,0,0,0,4,1,3,2,18,64,179,196,195,170,174,203,225,215,39,19,9,0,0,0,0,0,0,0,0,0,2,2,8,5,1,2,122,0,11,145,0,0,0,0,0,0,0,0,1
0,0,3,254,252,226,55,4,5,4,9,0,0,0,0,0,0,0,0,0,0,0,0,0,0,2,25,184,236,227,133,50,11,5,4,3,0,1,1,0,0,0,0,0,0,0,0,0,0,3,60,102,196,238,200,120,42,6,4,1,2,1,2,2,1,0,0,0,0,0,0,0,0,3,15,80,171,237,224,152,40,8,3,3,4,3,2,2,1,0,0,0,0,0,0,0,0,0,4,24,104,222,239,192,65,12,4,3,4,3,1,0,0,0,0,0,0,0,0,0,0,1,2,7,41,178,235,225,139,51,12,5,3,2,0,0,0,0,0,0,0,0,0,0,0,6,4,4,23,157,226,240,206,130,43,6,2,2,1,1,0,0,0,0,0,0,0,0,0,6,3,3,14,86,179,232,230,170,68,10,1,2,2,1,0,0,0,0,0,0,0,0,0,5,2,1,6,26,89,181,235,215,125,22,3,2,2,0,0,0,0,0,0,0,0,0,0,7,3,1,5,6,30,100,234,241,182,58,12,2,1,1,2,0,0,0,0,0,0,0,4,1,1,3,3,4,21,140,226,245,206,83,22,8,2,5,5,2,0,0,0,0,0,0,2,0,0,2,4,3,13,65,172,231,225,148,61,14,4,5,4,1,0,0,1,0,0,0,0,1,2,3,6,6,5,20,78,181,239,215,143,54,7,4,2,0,0,2,2,2,1,0,0,0,2,2,3,1,1,9,51,154,237,240,188,76,9,4,3,2,3,2,3,3,1,0,0,0,0,0,0,1,2,5,21,92,216,242,200,90,18,5,2,2,3,1,1,2,1,0,0,0,0,0,0,1,2,2,7,43,153,219,223,160,70,14,3,2,3,1,0,0,0,0,0,0,0,0,1,0,2,1,4,20,78,163,223,216,151,57,8,4,3,1,0,1,0,0,0,0,0,1,1,1,2,3,4,12,56,139,214,231,178,81,17,3,3,2,1,1,0,0,0,0,0,0,0,0,1,5,3,6,20,75,169,239,219,123,29,4,2,3,1,1,0,0,0,0,0,0,1,2,3,3,3,2,9,48,149,223,240,179,80,23,5,2,2,0,0,0,0,0,0,2,4,1,1,4,3,3,7,37,134,213,238,219,155,71,16,2,1,0,0,0,0,0,0,0,2,4,0,0,0,1,4,14,56,148,218,231,176,87,21,4,2,0,0,0,0,0,0,0,0,4,1,0,0,3,5,4,10,55,164,234,222,117,29,7,1,0,0,0,0,0,0,0,0,0,0,0,0,5,10,4,4,2,88,225,247,186,75,10,0,0,0,0,2
0,0,0,0,0,0,0,0,0,0,0,0,0,0,0,0,0,0,0,0,0,0,0,0,0,0,0,0,0,0,0,0,0,0,0,0,0,0,0,0,0,0,0,0,0,0,0,0,0,0,0,0,0,0,0,0,0,2,3,1,2,2,1,0,1,0,1,1,0,0,0,0,0,0,0,0,0,0,0,1,5,3,4,3,2,2,2,1,2,1,0,0,0,0,0,0,0,0,0,0,0,1,5,4,3,4,3,3,4,1,1,3,7,2,2,2,0,0,0,0,0,0,0,0,1,2,3,3,5,8,9,11,9,4,4,1,2,4,3,2,0,0,0,0,0,1,0,0,2,2,4,7,17,74,76,57,47,47,18,7,7,1,3,2,0,0,0,0,0,1,3,1,3,7,13,70,102,158,194,151,143,167,63,105,19,5,3,2,1,0,0,0,0,0,4,1,5,8,47,163,212,224,241,229,230,235,196,205,92,15,3,1,2,0,0,0,0,2,2,1,3,14,65,194,247,251,248,251,252,251,248,240,178,31,9,1,4,0,0,0,0,2,3,2,5,28,134,238,251,253,251,253,254,254,254,251,234,141,16,3,0,2,0,0,0,3,1,3,11,74,209,244,252,253,254,254,255,255,254,253,245,166,38,7,5,2,0,0,0,0,1,2,20,120,202,250,252,254,255,255,255,255,254,250,249,218,124,31,8,1,0,0,0,0,1,3,13,61,230,251,254,255,255,255,255,255,254,253,252,246,224,76,8,2,0,0,0,0,1,1,7,53,223,250,254,255,255,255,255,255,255,255,253,251,237,91,17,2,0,0,0,0,1,0,5,41,188,249,254,255,255,255,255,255,255,255,253,252,243,189,36,2,0,0,0,0,0,2,4,33,217,249,253,254,255,255,255,255,255,255,254,252,242,203,36,2,0,0,0,0,0,4,3,22,199,243,252,252,254,255,255,255,255,255,254,250,236,106,18,5,0,0,0,0,0,1,5,12,58,235,252,253,254,255,255,255,255,255,254,253,232,88,11,5,0,0,0,0,0,1,1,3,37,218,245,252,254,255,255,254,254,254,254,252,232,89,13,5,0,0,0,0,0,0,0,1,16,111,223,246,254,254,254,253,251,253,251,242,218,77,9,1,0,0,0,0,0,0,1,2,5,28,136,241,254,254,254,247,234,226,223,173,48,19,3,0,0,0,0,0,0,0,0,1,2,9,87,213,224,224,224,219,105,32,27,18,8,1,0,0,0,0,0,0,0,0,0,0,0,0,0,0,0,0,0,0,0,0,0,0,0,0,0,0,0,0,1
0,0,0,0,0,0,0,0,0,0,0,0,0,0,0,0,0,0,0,0,0,0,0,0,0,0,0,0,0,0,0,0,0,0,0,0,1,0,1,0,0,2,2,0,0,0,0,0,0,0,1,0,0,0,0,0,0,0,0,0,1,4,5,4,3,2,1,2,5,0,0,0,5,1,0,0,0,0,0,2,4,6,6,6,11,29,46,44,22,8,3,4,6,3,0,0,0,2,6,8,8,8,8,18,52,60,60,60,64,126,193,179,78,12,3,2,3,5,0,0,2,13,51,71,74,74,74,85,196,204,204,204,208,224,241,221,103,18,3,1,0,1,0,0,0,76,157,206,210,210,210,217,243,250,250,250,250,251,250,226,109,19,2,0,0,0,0,0,0,172,228,247,250,251,251,252,253,254,254,254,254,253,252,231,119,24,3,0,0,0,0,0,0,188,245,252,254,254,254,254,254,254,255,255,254,254,253,238,179,70,10,0,0,0,0,0,0,177,239,252,254,255,255,255,255,255,255,255,255,255,254,249,222,106,16,0,0,0,0,0,0,61,200,250,255,255,255,255,255,255,255,255,255,255,255,253,229,113,19,1,0,0,0,0,0,25,181,247,255,255,255,255,255,255,255,255,255,255,255,253,230,117,19,1,0,0,0,0,0,22,173,246,255,255,255,255,255,255,255,255,255,255,255,253,231,121,20,1,0,0,0,0,0,21,158,243,254,255,255,255,255,255,255,255,255,255,254,253,234,129,29,5,0,0,0,0,0,15,136,230,251,254,255,255,255,255,255,255,255,255,254,252,242,181,72,13,2,1,2,0,0,7,51,171,242,253,254,255,255,254,254,254,254,254,253,251,244,219,106,17,3,3,5,0,0,1,17,130,229,250,253,253,252,250,247,244,244,244,242,227,189,167,83,13,2,1,2,0,0,0,12,110,210,232,233,232,232,215,178,161,158,158,156,132,31,21,13,7,3,1,0,0,0,0,8,82,165,141,124,122,121,117,74,22,19,19,18,13,8,3,1,1,1,2,0,0,0,0,4,29,65,40,17,15,15,13,8,2,0,0,0,1,1,2,4,2,1,2,1,0,0,0,1,4,6,5,1,0,0,0,0,0,0,0,0,0,0,1,2,0,4,1,0,0,0,0,0,0,0,3,2,1,1,0,0,0,0,0,0,0,0,0,0,0,0,0,0,0,0,0,0,0,0,0,0,0,0,0,0,0,0,0,0,0,0,0,0,0,0,0,0,0,0,0,0,0,0,0,0,0,0,0,0,0,0,0,0,0,0,0,0,0,0,0,0,0,3
0,0,0,0,0,0,0,0,0,0,0,2,2,1,4,3,1,5,5,1,0,0,0,0,0,0,0,0,0,0,0,0,1,1,1,0,0,3,5,6,4,6,4,2,0,0,0,0,0,0,0,0,0,0,1,1,1,0,0,1,7,12,19,26,45,16,5,2,0,0,0,0,0,0,0,0,1,1,1,0,0,1,6,11,22,121,131,142,207,71,8,3,0,0,0,0,3,0,1,1,1,0,0,1,6,11,22,121,136,150,235,243,234,92,19,4,1,0,0,0,1,2,0,0,0,1,6,11,22,121,136,150,237,246,248,252,246,221,72,6,0,0,0,0,0,1,1,1,6,11,22,121,136,150,237,246,250,255,254,254,254,239,93,18,3,0,0,0,3,6,9,12,26,126,141,150,237,246,250,255,254,254,255,255,255,247,222,73,6,0,0,0,2,14,29,126,145,231,241,246,250,255,254,254,255,255,255,255,255,255,239,93,18,3,0,0,4,124,145,231,246,250,255,255,254,254,255,255,255,255,255,255,255,255,247,222,73,6,0,0,67,212,237,250,253,254,254,254,255,255,255,255,255,255,255,255,255,255,255,239,93,18,3,0,1,130,242,250,253,254,255,255,255,255,255,255,255,255,255,255,255,255,255,247,222,73,6,0,2,113,227,249,254,255,255,255,255,255,255,255,255,255,255,255,255,255,255,255,239,93,19,2,3,24,133,244,255,255,255,255,255,255,255,255,255,255,255,255,255,255,255,255,247,221,73,3,0,10,113,229,250,255,255,255,255,255,255,255,255,255,255,255,255,255,254,254,253,238,90,3,0,5,24,133,244,255,255,255,255,255,255,255,255,255,255,255,254,254,254,252,248,240,213,49,0,0,10,113,229,250,255,255,255,255,255,255,255,255,254,254,254,254,251,249,235,178,154,2,0,0,5,24,133,244,255,255,255,255,255,255,254,254,254,254,251,249,236,178,159,33,19,7,0,0,0,10,113,229,250,255,255,255,254,254,254,254,251,249,236,178,159,31,15,8,6,1,0,0,0,5,24,133,244,254,253,254,254,254,251,249,236,178,159,31,14,8,2,4,0,1,0,0,0,0,15,118,232,249,253,254,251,249,236,178,159,31,14,8,1,1,0,0,0,0,0,0,0,0,10,108,136,241,247,248,236,178,159,31,14,8,1,1,0,0,0,0,0,0,0,0,0,0,8,20,121,227,228,178,159,31,14,8,1,1,0,0,0,0,0,0,0,0,0,0,0,0,4,1,122,87,181,2,1,3,2,0,0,0,0,0,0,0,0,0,0,0,3
0,0,0,0,0,0,1,12,1,9,4,2,0,0,0,0,0,0,0,0,0,0,0,0,0,0,0,0,0,0,0,3,4,8,10,10,4,1,1,0,0,0,0,0,0,0,0,0,0,0,0,0,0,0,0,0,7,36,88,56,13,3,0,0,0,0,0,0,0,0,0,0,0,0,0,0,0,0,0,1,12,76,188,151,51,11,4,0,0,0,0,0,0,0,0,0,0,0,0,0,0,0,0,4,38,136,224,234,147,82,22,6,2,0,0,0,0,0,0,0,0,0,0,0,0,0,1,10,75,206,246,247,242,227,93,59,12,2,0,0,1,1,1,0,0,0,0,0,0,0,6,38,134,228,252,253,254,247,238,194,54,10,3,0,0,2,2,0,0,0,0,0,0,2,28,115,211,247,254,255,254,254,252,242,170,69,25,7,3,3,3,0,0,0,0,0,0,8,63,194,233,253,255,255,255,254,254,251,243,228,100,60,15,5,0,0,0,0,0,0,2,27,120,223,252,254,255,255,255,255,254,254,254,247,237,188,47,8,0,0,0,0,0,1,7,58,201,246,254,255,255,255,255,255,255,255,254,253,247,211,94,7,0,0,0,0,0,7,28,119,224,253,255,255,255,255,255,255,255,255,255,252,239,172,53,7,1,0,0,0,1,19,101,204,245,254,255,255,255,255,255,255,255,255,254,250,222,103,14,3,1,0,0,0,5,33,182,223,250,254,254,255,255,255,255,255,255,255,253,240,163,46,6,0,0,0,0,0,6,26,132,232,248,253,254,254,255,255,255,255,255,254,248,201,106,12,1,0,0,0,0,0,4,9,43,154,233,245,251,254,254,255,255,255,255,251,232,141,31,5,0,0,0,0,0,0,2,2,11,46,107,175,236,246,253,254,254,255,255,246,169,37,7,0,0,0,0,0,0,0,4,2,3,6,15,55,85,213,244,254,253,254,251,232,133,12,0,0,0,0,0,0,0,0,4,2,1,0,2,5,14,53,219,236,245,251,243,168,27,5,0,0,0,0,0,0,0,0,0,1,0,0,0,0,2,12,24,93,204,223,214,112,11,0,0,0,0,0,0,0,0,0,0,0,0,0,0,0,0,0,4,13,27,133,113,19,6,0,0,0,0,0,0,0,0,0,0,0,0,0,0,0,0,0,0,2,9,12,11,8,4,1,4,0,0,0,0,0,0,0,0,0,0,0,0,0,0,0,1,1,2,0,1,1,2,0,0,0,0,0,0,0,0,0,0,0,0,0,0,0,0,0,0,0,0,0,0,0,0,0,0,0,0,0,0,0,3
0,0,0,0,0,0,0,0,0,0,0,0,0,0,0,0,0,0,0,0,0,0,0,0,0,0,0,7,81,189,167,76,18,4,5,4,0,0,0,0,0,0,0,0,0,0,0,0,0,0,1,16,106,212,236,150,41,8,4,4,2,0,0,0,0,0,0,0,0,0,0,0,0,0,1,21,112,211,240,203,92,11,2,4,1,0,1,2,1,1,0,0,0,0,0,0,0,0,1,7,46,153,235,207,96,18,4,1,2,0,2,2,2,0,0,0,0,0,0,0,0,0,0,4,20,77,225,231,139,35,8,2,4,3,2,3,0,0,0,0,0,0,0,0,0,0,0,2,11,124,220,237,157,67,15,3,2,3,1,0,0,0,0,0,0,0,0,0,0,0,1,1,8,69,181,233,192,89,18,5,3,2,0,0,0,0,0,0,0,0,0,0,0,0,2,2,5,26,123,215,228,153,49,10,3,1,0,0,0,0,0,0,0,0,0,0,0,0,2,2,4,20,116,208,239,207,106,11,2,2,1,1,0,0,0,0,0,0,0,0,0,0,0,4,2,10,56,173,239,211,94,13,2,2,2,1,0,0,0,0,0,0,0,0,0,0,2,2,1,4,26,126,223,232,121,31,5,2,0,1,0,0,0,0,0,0,0,0,0,1,1,5,1,4,14,108,213,237,164,82,17,2,2,3,2,0,0,0,0,0,0,0,0,1,0,2,1,2,10,77,186,235,188,111,32,5,5,6,3,1,0,0,0,0,0,0,0,1,0,0,2,3,6,27,114,210,223,149,49,8,4,4,1,0,1,1,0,1,0,0,0,2,0,0,3,4,4,27,58,158,239,202,86,11,4,3,0,1,2,2,1,0,0,0,0,0,0,1,3,5,4,6,58,199,238,205,87,14,4,2,3,3,1,3,1,0,0,0,0,0,0,1,2,1,1,3,22,151,228,229,133,33,7,1,3,3,0,1,1,0,0,0,0,0,0,0,0,2,1,1,14,105,207,239,187,81,12,2,3,2,0,0,0,0,0,0,0,0,0,0,0,2,2,1,12,90,190,236,220,136,27,3,3,2,0,0,0,0,0,0,0,0,0,0,0,1,2,2,8,42,130,215,223,145,23,5,2,2,1,1,0,0,0,0,0,0,0,0,0,0,0,0,2,13,63,162,218,185,44,5,1,1,2,0,0,0,0,0,0,0,0,0,0,0,0,0,0,2,9,19,34,187,71,6,0,1,1,0,0,0,0,0,0,0,0,0,0,0,0,0,0,0,0,0,0,0,0,0,0,0,0,0,0,0,0,0,2
0,0,0,0,4,1,1,5,204,214,229,138,139,0,0,0,0,0,0,0,0,0,0,0,0,0,0,0,2,2,0,25,183,231,241,229,216,145,128,26,17,11,6,0,0,0,0,0,0,0,0,2,3,2,1,24,167,240,252,250,245,232,220,150,138,129,23,11,6,0,0,0,0,0,0,3,3,3,0,23,189,244,252,253,253,251,247,236,230,158,148,133,28,15,6,0,0,0,1,0,1,3,1,21,130,227,253,254,254,254,254,254,249,238,234,224,153,133,28,2,0,0,1,2,3,1,4,20,167,240,253,254,254,254,254,254,253,254,253,242,238,224,153,160,0,1,2,3,3,2,4,20,161,237,253,252,253,254,254,253,253,253,252,253,252,248,246,251,0,1,2,0,2,0,3,62,91,236,252,253,253,254,253,254,253,253,253,252,252,251,250,245,1,1,0,0,2,1,3,18,151,235,250,251,252,252,254,254,253,252,254,253,252,243,227,224,2,6,1,0,1,0,1,18,135,235,249,251,253,254,254,254,251,251,253,250,246,235,201,205,4,1,2,0,4,1,2,31,151,237,252,252,254,255,254,253,253,252,251,240,205,206,121,77,0,3,1,0,4,1,5,26,151,235,249,254,254,255,253,253,251,251,243,231,186,36,18,2,0,1,0,0,0,3,4,87,209,234,249,253,254,254,254,252,250,226,200,97,148,17,4,5,0,0,0,0,0,1,5,26,188,243,250,250,251,253,252,250,235,173,112,25,11,9,5,0,0,0,0,0,0,0,0,19,136,234,251,250,252,252,250,233,160,31,12,5,1,3,3,0,0,0,0,0,0,0,1,17,148,240,253,253,248,239,206,175,66,9,0,0,6,1,2,2,0,0,0,0,0,0,5,23,137,237,253,253,244,165,39,20,12,5,4,1,1,1,3,0,0,0,0,0,0,1,6,74,180,235,242,234,216,129,13,2,0,4,3,1,4,4,1,0,0,0,0,0,0,0,9,28,139,234,231,153,72,17,6,0,0,1,3,1,4,1,0,0,0,0,0,0,1,2,9,96,121,222,201,106,13,2,0,0,0,1,0,0,1,2,0,0,0,0,0,0,1,3,9,42,91,137,46,15,5,1,0,0,0,0,0,0,1,0,0,0,0,0,0,0,1,2,4,6,15,50,11,3,0,0,0,0,0,0,0,0,0,0,0,0,0,0,0,0,0,0,0,1,8,5,5,2,4,0,0,0,0,0,0,0,0,0,0,0,0,0,0,0,0,0,0,0,8,8,0,5,0,0,0,0,0,0,0,0,0,0,0,0,0
0,0,0,0,0,0,0,0,0,0,0,0,0,0,0,0,0,0,0,0,0,0,0,0,0,0,0,0,0,0,0,0,0,0,0,0,0,0,0,0,0,0,0,0,0,0,0,0,0,0,0,0,0,0,0,0,0,0,0,0,0,1,1,0,0,0,0,0,0,0,0,0,0,0,0,0,0,0,0,0,0,0,0,0,0,2,2,2,0,0,2,2,0,0,0,0,0,0,0,0,0,0,0,0,0,0,0,0,0,1,2,1,0,0,3,5,2,1,0,0,0,0,0,0,1,0,0,0,0,0,0,0,0,0,2,5,5,1,5,3,2,1,1,0,0,0,0,0,1,2,1,0,0,0,0,1,0,1,4,4,2,4,4,5,13,22,19,0,0,0,0,2,3,2,1,0,4,4,0,1,3,3,3,3,2,10,26,24,63,121,169,0,0,0,0,2,2,2,0,0,2,7,1,1,2,2,7,12,16,44,121,129,167,200,201,0,0,0,0,0,2,3,1,0,3,4,2,1,4,8,20,89,139,154,217,228,234,229,191,0,0,0,0,1,3,4,1,3,4,4,8,22,34,71,132,189,227,240,242,224,162,148,125,0,0,0,2,2,2,1,1,6,18,28,40,106,145,207,227,236,233,218,211,137,36,22,16,0,0,2,2,2,5,9,13,28,91,116,146,203,219,234,235,212,171,86,46,18,14,1,0,0,0,4,4,7,17,70,101,146,198,213,237,238,221,183,158,123,78,24,7,5,2,2,3,0,0,13,20,63,94,169,203,236,243,240,198,183,163,106,46,17,12,6,3,4,1,2,2,0,0,63,137,192,213,232,236,236,231,183,88,66,57,37,7,2,3,1,1,5,1,1,1,1,0,158,220,240,243,220,201,126,98,51,20,9,7,4,4,3,3,3,2,2,0,0,1,0,0,214,232,219,208,135,108,32,17,9,3,1,2,1,5,5,1,1,0,1,1,0,0,0,0,198,170,134,50,31,19,8,4,4,1,2,2,0,3,4,0,2,3,1,4,0,0,0,0,19,24,17,13,3,7,1,1,5,2,0,1,1,1,1,0,1,1,1,1,0,0,0,0,0,0,0,0,0,1,1,3,4,0,1,1,0,0,0,0,0,0,0,2,0,0,0,0,0,0,0,0,0,0,7,1,1,0,0,0,0,0,0,0,0,0,1,0,0,0,0,0,0,0,0,0,0,0,0,0,0,0,0,0,0,0,0,0,0,0,0,0,0,0,0,0,0,0,0,0,0,0,0,0,0,0,0,0,0,0,0,0,0,0,0,0,0,0,0,2
0,0,0,0,0,0,0,0,4,4,1,5,4,5,1,1,2,1,1,1,0,0,0,0,0,0,0,0,0,0,3,0,0,2,4,2,2,3,1,3,6,6,2,1,1,0,0,0,0,0,0,1,0,2,2,3,3,1,2,2,2,3,3,2,3,5,4,1,1,0,0,0,0,2,1,1,7,4,6,6,9,5,8,7,9,8,5,3,1,7,4,2,0,0,0,0,4,4,4,4,4,3,7,13,25,92,38,26,84,53,25,11,6,2,3,2,1,3,0,0,0,2,3,5,5,9,22,107,124,213,123,123,224,224,136,117,26,7,1,2,2,1,0,0,6,1,1,6,40,54,118,227,243,242,242,243,248,248,243,224,129,27,10,7,2,2,1,0,4,3,2,11,80,144,236,248,252,252,254,254,254,254,254,248,232,138,95,11,2,2,1,0,3,2,10,51,99,234,250,251,247,247,254,254,254,255,255,253,245,213,153,27,7,0,2,3,3,3,35,138,166,244,254,254,253,252,254,255,255,255,255,253,249,245,229,142,14,2,3,3,2,3,22,147,238,249,252,255,255,254,255,255,255,255,255,254,252,251,243,152,19,3,8,1,4,8,21,152,241,253,254,255,255,255,255,255,255,255,255,254,252,253,247,160,28,8,2,7,9,3,23,146,232,250,254,255,255,255,255,255,255,255,255,254,254,254,245,216,126,10,5,0,6,8,30,207,245,250,253,255,255,255,255,255,255,255,255,255,255,253,243,159,48,20,2,1,2,6,123,225,248,252,253,254,255,255,255,255,255,255,255,255,255,254,244,153,124,16,6,3,2,6,33,192,249,252,253,255,255,255,255,255,255,255,255,255,255,254,249,232,129,17,4,3,0,2,26,183,245,250,254,255,255,255,255,255,255,255,255,255,255,254,253,234,83,17,3,2,0,2,16,172,200,248,254,254,254,255,255,255,255,255,255,254,252,254,250,226,75,10,6,3,0,0,8,24,172,234,250,252,252,255,255,255,255,254,254,253,251,249,238,169,26,7,2,2,0,0,0,10,40,173,238,251,254,254,255,254,254,253,250,253,251,200,169,72,16,6,5,3,0,0,2,3,12,36,177,245,252,254,254,252,251,250,248,250,246,227,64,13,14,7,1,0,0,0,0,5,3,24,155,188,232,241,246,244,210,242,237,199,188,172,21,6,11,1,0,0,0,0,0,4,3,16,72,32,101,183,169,168,184,183,178,35,27,17,8,1,0,0,0,0,0,0,0,0,1,7,4,2,2,96,1,8,70,2,0,0,0,0,0,0,0,0,0,0,1
0,0,0,0,0,0,0,0,1,1,0,2,3,1,4,1,2,4,5,2,0,0,0,0,0,0,0,0,0,0,0,0,1,1,1,0,1,3,1,1,6,12,22,107,102,10,0,0,0,0,0,1,1,0,1,1,1,0,0,0,1,6,12,17,26,126,136,125,111,10,0,0,0,4,3,1,1,1,0,0,0,1,1,6,11,21,114,123,139,230,233,197,34,12,0,0,2,1,2,2,1,0,0,1,6,11,15,24,118,132,143,227,237,247,245,213,124,5,0,0,0,5,5,3,1,3,7,10,20,113,123,137,223,233,238,248,253,251,236,192,28,6,0,0,5,2,4,7,10,15,25,113,128,139,227,238,248,253,253,252,253,250,226,141,20,2,4,0,1,7,12,19,107,115,131,217,228,235,248,254,253,253,253,254,253,251,234,162,18,5,4,0,1,19,108,123,134,219,229,246,251,252,254,254,253,253,253,252,254,248,231,147,22,1,2,0,0,73,160,205,221,240,251,253,254,254,254,253,252,254,251,252,253,248,232,145,21,2,6,0,5,12,32,151,228,250,252,254,254,252,253,254,254,254,253,253,252,246,157,42,8,1,2,0,7,1,11,90,181,207,238,248,252,253,251,251,254,255,254,250,253,245,152,23,2,2,2,1,2,0,4,12,24,36,132,241,253,252,253,254,254,253,254,254,253,245,209,46,5,5,3,0,1,2,2,1,1,9,96,205,229,245,246,253,254,254,254,253,250,237,142,20,3,3,2,0,4,3,3,1,3,6,13,34,103,218,241,246,252,254,250,253,249,166,65,12,1,0,0,0,4,5,1,5,3,1,1,8,78,110,219,237,252,250,252,252,245,216,86,7,0,0,0,0,0,0,3,1,2,1,0,5,23,68,86,212,240,249,254,254,241,157,53,5,0,0,0,0,0,1,1,1,0,1,4,4,4,9,38,112,139,231,243,246,238,94,19,3,1,0,0,0,0,0,2,1,2,0,2,2,2,2,7,29,44,63,222,243,225,157,43,3,1,0,0,0,0,0,1,7,3,1,1,0,0,0,1,2,6,32,138,220,232,74,20,3,3,0,0,0,0,0,2,3,1,1,0,0,0,0,0,1,2,10,29,148,170,155,12,1,0,0,0,0,0,0,0,1,0,0,0,0,0,0,0,0,0,1,8,15,22,20,16,3,0,0,0,0,0,0,0,0,0,0,0,0,0,0,0,0,0,3,5,1,0,3,1,0,0,0,0,0,0,0,0,0,0,0,0,0,0,0,0,0,1,1,4,4,0,0,0,0,0,0,0,0,0
0,0,2,1,1,9,2,0,0,0,0,0,0,0,0,0,3,6,1,2,0,0,0,0,0,2,5,13,10,7,1,2,3,2,1,1,1,1,1,1,1,1,1,1,0,2,8,8,0,1,9,96,107,23,15,15,16,16,16,16,16,16,15,16,17,18,17,12,9,5,5,2,0,4,17,112,195,133,122,123,125,126,128,130,131,131,131,131,132,131,132,130,27,17,12,4,8,1,22,180,223,226,224,226,227,229,231,231,233,233,234,233,233,231,233,229,140,113,91,3,1,1,16,137,225,247,250,250,251,252,253,253,253,253,253,253,252,252,248,232,197,113,15,2,3,0,6,29,180,242,253,254,254,254,254,254,254,253,252,253,252,252,239,213,175,28,6,3,3,4,1,9,45,228,252,254,252,253,254,252,253,253,253,254,253,249,227,168,133,14,2,1,1,1,1,4,26,185,247,253,252,253,254,254,254,251,251,254,249,240,190,45,13,7,4,0,2,4,2,2,17,164,236,250,253,252,253,255,254,253,252,252,249,230,159,19,2,3,1,4,2,2,2,0,10,72,192,245,250,251,254,255,254,253,251,252,243,189,68,10,4,4,0,1,1,0,2,0,3,21,157,232,248,252,254,254,254,254,252,248,201,91,15,3,2,3,0,2,5,1,1,3,1,11,93,195,240,251,254,254,253,253,252,238,157,22,3,1,4,1,2,1,12,2,1,5,1,4,23,153,230,247,252,252,252,251,246,204,103,12,2,1,4,1,2,1,0,4,1,0,2,1,12,118,210,245,251,249,251,249,221,129,18,7,5,1,1,3,0,1,0,0,0,0,0,3,6,20,146,231,250,254,253,243,154,26,7,0,1,2,1,5,2,0,0,0,0,0,0,0,0,6,35,161,245,253,249,223,126,12,0,0,0,3,0,1,6,1,0,0,0,0,0,0,0,2,14,131,226,241,236,161,43,6,0,0,0,0,0,0,1,0,0,0,0,0,0,0,0,1,15,67,177,235,215,119,15,2,0,0,0,0,0,0,0,0,0,0,0,0,0,0,0,2,10,117,210,169,75,56,9,0,0,0,0,0,0,0,0,0,0,0,0,0,0,0,1,2,9,68,121,77,17,7,5,0,0,0,0,0,0,0,0,0,0,0,0,0,0,0,1,4,5,8,13,12,6,3,4,0,0,0,0,0,0,0,0,0,0,0,0,0,0,0,0,2,2,1,2,6,6,2,0,0,0,0,0,0,0,0,0,0,0,0,0,0,0,0,0,0,1,4,2,0,4,6,0,0,0,0,0,0,0,0,0,0,0
0,0,0,0,0,0,0,0,11,4,2,0,9,1,7,0,3,2,4,0,0,0,0,0,0,0,0,0,0,0,1,5,2,6,4,10,6,9,4,2,2,2,3,1,0,0,0,0,0,0,0,0,5,4,5,7,13,20,70,32,91,27,20,14,12,7,4,0,0,0,0,0,0,0,0,5,5,2,13,20,39,189,199,205,193,199,116,112,26,10,5,3,1,0,0,0,0,2,2,2,3,12,30,187,207,240,250,249,249,243,240,225,146,29,14,7,4,8,0,0,3,3,3,4,12,59,186,235,251,251,253,254,251,253,253,246,170,120,98,13,2,5,1,0,3,3,3,10,26,85,211,249,253,249,253,254,253,254,254,251,241,209,168,29,9,2,0,0,1,2,5,22,177,202,244,252,254,252,254,255,255,255,255,254,251,248,235,159,15,2,2,0,1,2,9,99,227,250,253,255,254,255,255,255,255,255,255,254,253,253,246,174,29,6,2,3,5,2,17,115,239,254,255,255,255,255,255,255,255,255,255,254,253,252,247,225,104,9,2,1,1,8,25,197,242,254,255,255,255,255,255,255,255,255,255,255,253,253,250,212,113,15,1,2,8,11,105,161,245,253,253,255,255,255,255,255,255,255,255,255,254,253,250,236,145,17,2,3,2,9,26,155,240,252,254,255,255,255,255,255,255,255,255,255,255,254,251,212,113,15,2,8,6,4,21,116,213,251,254,255,255,255,255,255,255,255,255,255,255,254,250,205,101,9,2,3,0,4,11,107,227,249,252,253,255,255,255,255,255,255,255,255,254,252,246,198,33,5,3,1,5,1,6,29,175,247,252,253,254,254,255,255,254,253,254,254,253,240,190,164,20,3,0,4,0,8,3,15,160,234,248,250,251,254,254,254,254,250,249,251,240,192,39,20,11,3,2,0,0,5,3,9,30,169,207,236,246,252,254,252,253,252,252,247,192,69,14,5,4,1,2,4,0,0,0,1,13,95,109,117,204,245,248,249,248,249,239,197,171,18,6,2,1,4,4,2,0,0,1,0,6,11,14,24,126,194,197,187,195,191,178,36,17,9,1,2,4,0,0,0,0,0,0,2,3,5,4,11,16,27,86,32,65,27,17,9,6,3,3,3,1,0,0,0,0,0,0,0,3,1,3,2,2,4,4,8,3,3,1,2,1,3,1,0,0,0,0,0,0,0,0,0,0,1,2,2,3,2,1,1,3,3,3,8,2,4,0,0,0,0,0,0,0,0,0,0,0,0,8,3,3,1,7,4,5,7,1,0,0,0,0,0,0,0,0,0,1
0,0,0,0,2,1,59,141,47,1,1,1,0,1,7,3,0,0,0,0,0,0,0,0,0,0,0,0,1,6,41,102,138,142,67,21,14,9,4,2,0,0,0,0,0,0,0,0,0,0,0,0,1,4,41,136,198,214,180,147,134,65,18,8,3,0,0,0,0,0,0,0,0,0,0,1,1,3,30,102,188,231,235,228,219,173,134,61,15,7,1,0,0,0,0,0,0,0,1,1,1,3,14,75,167,223,243,249,245,234,220,170,131,56,19,11,7,1,0,0,0,0,0,1,1,3,8,58,153,218,246,252,251,250,247,235,219,166,135,124,39,13,7,3,0,0,0,0,1,2,7,28,99,198,244,251,252,253,252,251,247,235,224,180,145,127,30,1,0,0,1,1,2,1,4,27,93,167,237,249,253,253,253,253,252,252,248,233,226,215,148,144,0,0,1,1,1,3,5,16,61,145,235,251,252,251,252,253,253,253,253,251,250,239,229,235,0,0,0,2,2,1,3,4,20,95,226,252,252,252,253,253,254,253,254,254,253,251,250,253,0,0,1,2,2,0,1,1,12,83,227,251,253,251,252,253,254,254,253,252,253,253,253,254,0,0,1,1,0,0,3,3,12,77,210,243,252,253,253,254,254,253,253,252,253,253,251,253,0,0,0,0,0,0,1,2,6,36,110,219,251,253,254,253,254,253,252,252,250,244,228,204,0,0,0,0,0,0,0,0,1,10,67,221,250,252,252,253,254,253,249,248,243,206,121,0,0,0,0,0,0,0,0,0,0,5,35,184,249,251,248,250,251,246,242,228,205,116,23,0,0,0,0,0,0,0,0,0,0,2,50,204,238,251,252,251,248,242,226,141,87,26,5,0,0,0,0,0,0,0,0,0,0,2,23,146,238,251,252,245,229,204,174,95,23,5,0,0,0,0,0,0,0,0,0,0,0,2,16,98,222,241,245,221,147,69,40,16,5,0,0,0,0,0,0,0,0,0,0,0,2,4,35,115,211,235,210,169,81,13,4,2,1,0,0,0,0,0,0,0,0,0,0,0,3,5,10,41,137,194,102,51,14,4,0,0,0,0,0,0,0,0,0,0,0,0,0,0,1,4,5,14,84,89,43,8,3,0,0,0,0,0,0,0,0,0,0,0,0,0,0,0,2,4,5,6,8,9,7,4,1,0,0,0,0,0,0,0,0,0,0,0,0,0,0,0,1,3,2,0,1,1,1,1,0,0,0,0,0,0,0,0,0,0,0,0,0,0,0,0,0,2,0,0,0,0,0,0,0,0,0,0,0,0,0,0,0
0,0,0,0,0,0,1,6,4,2,2,1,2,1,0,0,0,0,0,0,0,0,0,0,0,0,0,0,0,6,22,49,41,15,5,2,2,2,1,0,0,0,0,0,0,0,0,0,0,0,0,0,2,11,76,183,159,63,25,9,5,1,0,1,0,0,0,0,0,0,0,0,0,0,0,1,3,19,94,214,226,178,92,52,13,3,0,0,0,0,0,0,0,0,0,0,0,0,0,0,3,29,176,224,247,237,210,152,63,22,8,2,0,0,0,1,1,0,0,0,0,0,0,0,3,27,149,228,248,251,241,223,170,122,51,12,3,0,1,0,1,3,0,0,0,0,0,1,4,20,119,234,249,252,251,247,236,214,158,51,19,3,2,2,2,2,0,0,0,1,0,2,5,23,123,235,252,253,252,252,251,242,227,170,55,27,11,2,3,3,0,0,0,1,0,2,4,50,210,241,253,253,252,253,252,252,247,230,185,167,38,19,4,4,0,0,0,1,0,2,3,56,224,251,252,252,250,253,252,253,252,249,241,228,174,55,34,10,1,0,1,1,0,0,2,33,224,253,252,250,252,253,254,254,253,253,251,244,231,188,119,37,4,0,1,0,1,3,4,32,222,252,252,253,253,254,253,253,253,253,252,250,234,199,89,60,4,0,0,0,2,3,13,100,231,252,253,254,254,253,251,252,252,252,248,232,192,133,39,8,3,0,0,1,0,0,17,173,229,252,252,254,254,253,251,248,249,241,205,144,89,18,7,4,3,0,0,0,0,0,18,112,234,252,252,252,253,252,248,241,223,185,79,21,9,3,1,2,0,0,0,0,0,0,14,133,235,251,249,249,251,248,238,210,132,42,13,5,0,1,1,1,0,0,0,0,0,0,17,137,235,252,252,252,249,229,182,87,18,6,2,2,2,1,2,0,0,0,0,0,0,3,23,160,234,252,247,237,223,163,27,10,3,0,1,2,2,1,1,0,0,0,0,0,0,6,79,205,234,246,224,109,38,28,8,0,1,2,0,1,1,1,0,0,0,0,0,0,0,7,83,210,231,178,194,33,5,1,3,0,1,2,0,1,2,0,0,0,0,0,0,0,0,4,25,183,212,79,52,13,0,0,1,0,0,0,3,4,1,0,0,0,0,0,0,0,0,0,11,84,88,22,5,2,0,0,0,0,0,1,4,3,0,0,0,0,0,0,0,0,0,0,3,7,7,4,0,0,0,0,0,0,0,1,0,0,0,0,0,0,0,0,0,0,0,0,0,0,0,0,0,0,0,0,0,0,0,0,0,0,0,0,0,0,0,0,0
0,0,0,0,0,0,0,0,0,3,6,0,4,3,4,1,0,0,0,0,0,0,0,0,0,0,0,0,0,2,5,1,1,5,5,5,1,3,3,2,3,3,11,7,1,3,0,0,0,0,2,1,0,4,4,1,3,3,2,2,2,3,3,3,1,1,1,5,6,1,0,0,1,2,6,1,6,1,2,8,15,17,21,17,18,15,15,5,2,6,2,3,4,6,0,0,0,1,1,4,12,21,32,31,39,207,147,47,40,210,118,32,26,17,16,6,3,1,0,0,3,11,5,9,27,212,224,225,235,238,240,232,235,235,237,224,160,179,38,6,3,5,0,0,9,4,13,29,163,241,254,254,254,253,254,255,254,254,254,249,245,196,40,6,6,5,1,0,8,20,82,224,241,250,253,252,248,254,254,254,255,255,254,254,250,208,58,19,6,2,6,0,5,116,231,246,254,252,254,254,253,254,255,255,255,255,251,252,250,216,223,81,16,6,10,0,6,226,247,254,250,252,255,255,255,255,255,255,255,255,254,254,253,253,242,223,73,6,3,0,175,228,251,254,254,254,255,255,255,255,255,255,255,255,255,255,254,253,254,233,83,10,1,1,3,175,246,254,254,255,255,255,255,255,255,255,255,255,255,255,252,251,252,233,86,11,0,0,16,177,245,252,255,255,255,255,255,255,255,255,255,255,255,254,254,252,250,230,79,6,4,1,249,239,250,254,254,255,255,255,255,255,255,255,255,255,255,253,253,247,238,190,32,4,4,2,255,243,252,251,252,255,255,255,255,255,255,255,255,255,254,254,254,246,168,34,10,6,4,0,0,234,249,250,254,254,255,255,255,255,255,255,255,255,254,251,253,244,157,21,8,5,2,3,0,219,249,247,252,254,255,255,255,255,254,252,253,254,254,254,254,240,151,19,1,2,3,7,0,209,186,247,252,255,255,254,254,254,254,248,250,253,253,243,232,215,103,11,2,5,2,5,0,23,157,223,240,249,254,254,255,255,254,253,254,254,243,192,41,28,17,5,1,1,6,3,0,7,19,32,127,232,235,235,229,239,238,235,225,224,212,28,10,1,0,2,6,5,4,3,0,0,0,5,22,89,209,41,40,118,204,39,31,32,21,11,3,3,1,1,1,1,1,5,0,0,0,4,6,16,19,15,10,18,14,15,7,3,1,8,1,6,6,2,3,0,1,0,0,0,0,0,2,3,3,1,1,1,1,3,4,2,3,1,1,1,1,0,0,0,0,0,0,0,0,0,0,1,1,5,7,3,2,0,0,5,3,0,0,0,0,0,0,0,0,0,1
0,0,0,0,0,0,0,0,0,0,0,0,0,0,0,2,5,11,1,3,1,0,0,0,0,6,1,0,2,1,0,1,1,1,1,1,1,1,1,1,2,2,1,1,4,0,0,0,1,3,1,8,3,1,1,1,0,0,0,0,0,0,0,4,5,1,3,1,2,0,0,0,6,1,1,2,1,1,0,0,1,1,1,1,1,1,10,16,23,17,8,6,1,1,5,0,3,1,3,1,5,4,2,9,15,23,23,23,23,23,33,171,176,129,14,2,3,8,2,0,0,7,8,18,24,24,24,33,171,181,181,181,181,181,190,236,238,176,22,3,1,4,6,0,3,3,15,136,177,181,181,191,238,248,248,248,248,248,250,251,245,178,23,3,0,0,2,0,1,3,23,183,238,246,248,250,252,254,254,254,254,254,254,253,249,188,34,8,0,0,0,0,0,4,17,176,237,251,254,254,255,255,255,255,255,255,255,254,252,237,170,16,0,0,0,0,0,0,9,35,197,251,254,254,255,255,255,255,255,255,255,255,255,247,179,24,0,0,0,0,0,0,0,25,188,249,255,255,255,255,255,255,255,255,255,255,255,247,179,24,0,0,0,0,0,0,0,25,188,249,255,255,255,255,255,255,255,255,255,255,255,247,179,24,0,0,0,0,0,0,0,25,188,249,255,255,255,255,255,255,255,255,255,255,255,247,179,24,0,0,0,0,0,0,0,25,188,249,255,255,255,255,255,255,255,255,255,255,255,247,179,24,0,0,0,0,0,0,0,25,188,249,255,255,255,255,255,255,255,255,255,255,255,249,189,34,7,0,0,0,0,0,0,17,178,239,253,255,255,255,255,255,255,255,255,255,254,251,237,169,16,1,0,0,0,0,0,8,35,198,251,255,254,255,255,255,255,255,255,255,254,253,245,178,23,3,0,0,0,0,0,1,25,187,249,254,254,254,254,254,254,254,254,252,251,247,238,176,22,4,2,4,0,0,0,4,25,186,247,253,252,251,249,249,249,249,249,239,198,188,184,135,14,2,3,11,0,2,2,4,23,185,239,247,239,198,188,188,188,188,188,179,34,25,25,18,8,6,1,1,0,8,3,2,15,142,185,188,179,34,24,24,24,24,24,16,10,4,5,1,3,1,2,0,0,0,1,7,8,19,25,25,16,9,1,1,1,1,1,1,0,1,1,2,1,1,4,0,0,0,2,1,3,1,5,4,2,0,0,0,0,0,0,0,1,1,4,8,1,2,1,0,0,0,7,1,0,2,0,0,0,1,1,1,1,1,1,1,1,0,0,0,0,0,0,0,3
0,0,0,0,0,0,0,0,0,0,0,3,1,4,4,0,0,3,0,6,0,0,0,0,0,0,0,0,0,0,0,0,0,1,1,0,2,6,1,3,6,1,6,4,1,0,0,0,0,0,0,0,0,0,1,1,1,0,0,1,3,11,15,12,6,4,2,6,4,0,0,0,0,0,2,0,1,1,0,0,0,1,1,6,12,27,126,122,15,3,2,1,5,0,0,0,0,1,1,2,0,0,0,1,6,11,17,26,126,145,228,224,35,14,4,0,0,0,0,0,0,9,3,1,2,1,6,11,22,121,131,145,231,245,249,240,214,20,2,0,0,0,0,0,1,1,1,6,8,12,26,126,141,150,237,246,250,255,254,254,232,40,10,0,0,0,0,0,0,3,10,14,29,126,145,231,241,246,250,255,254,254,253,254,245,214,21,0,0,0,0,0,1,6,17,122,145,231,246,250,255,255,254,254,255,255,255,255,255,234,40,10,0,0,0,0,2,4,16,205,232,249,254,255,254,254,255,255,255,255,255,255,255,243,214,21,0,0,0,0,2,3,12,39,233,250,253,254,255,255,255,255,255,255,255,255,255,254,224,31,0,0,0,0,8,1,4,20,213,244,254,255,255,255,255,255,255,255,255,255,255,255,234,40,11,0,0,0,0,0,2,11,40,234,255,255,255,255,255,255,255,255,255,255,255,255,245,214,21,0,0,0,0,0,0,0,31,224,254,255,255,255,255,255,255,255,255,255,255,255,255,234,40,11,1,0,0,0,0,0,21,214,243,255,255,255,255,255,255,255,255,255,255,255,254,244,213,20,4,0,0,0,0,0,10,40,234,255,255,255,255,255,255,255,255,255,254,254,253,250,232,39,13,1,0,0,0,0,0,21,214,245,255,255,255,255,255,255,254,254,254,254,250,244,232,209,17,4,0,0,0,0,0,10,40,234,255,255,255,255,254,254,254,254,251,249,243,185,175,152,18,10,0,0,0,0,0,0,21,214,245,254,253,254,254,254,251,249,236,178,166,156,30,19,8,4,0,0,0,0,0,0,10,40,232,254,253,254,252,249,236,178,159,31,21,14,10,7,1,0,0,0,0,0,0,0,1,20,213,238,249,246,236,178,159,31,14,7,1,1,0,0,0,0,0,0,0,0,0,0,4,10,36,226,185,175,159,31,14,8,1,1,0,0,0,0,0,0,0,0,0,0,4,1,1,3,17,149,157,29,14,8,1,0,0,0,0,0,0,0,0,0,0,0,0,0,7,5,2,4,1,6,6,10,4,0,0,0,0,0,0,0,0,0,0,0,3
0,0,0,0,0,2,1,6,5,4,0,0,0,0,0,0,0,0,0,0,0,0,0,0,0,0,0,0,2,1,1,3,3,3,2,1,1,4,3,3,1,0,0,0,0,0,0,0,0,0,0,0,1,2,0,2,1,2,2,2,3,3,3,6,5,0,0,0,0,0,0,0,0,0,0,0,2,1,0,2,7,8,18,31,36,25,15,8,8,2,2,0,0,0,0,0,0,0,0,1,1,2,2,5,13,73,84,108,146,116,108,67,26,10,4,1,1,0,0,0,0,0,0,0,0,1,7,17,67,118,201,212,231,216,217,186,108,61,10,3,2,2,0,0,0,1,1,0,3,10,46,123,169,213,242,251,252,252,249,244,208,122,38,6,2,2,0,0,0,0,1,2,8,68,143,197,237,245,251,253,254,254,251,249,242,169,82,20,7,3,0,0,0,3,5,3,15,75,190,242,248,251,253,254,254,253,250,252,250,233,200,87,36,8,2,0,0,2,3,4,43,166,237,250,252,253,254,254,255,254,252,253,253,252,241,166,118,11,3,0,0,0,2,9,45,172,245,251,252,254,255,255,255,255,254,254,254,254,249,228,81,15,1,0,0,1,3,11,89,190,245,253,254,255,255,255,255,255,255,255,255,254,253,232,157,28,3,0,0,2,5,12,43,158,247,254,254,255,255,255,255,255,255,255,255,254,253,242,173,45,6,0,0,2,6,26,120,223,248,252,253,255,255,255,255,255,255,255,254,254,251,233,175,60,6,0,0,5,10,88,140,222,251,252,254,255,255,255,255,255,255,255,254,253,251,235,169,62,8,0,0,3,9,35,112,208,248,253,254,255,255,255,255,255,255,255,253,252,250,234,167,65,4,0,0,2,4,27,61,172,243,253,254,254,254,255,255,255,255,254,254,253,249,217,98,13,2,0,0,0,2,5,39,145,230,249,253,253,254,254,254,255,254,254,253,250,241,187,24,3,0,0,0,0,1,3,25,84,169,225,241,251,252,252,253,253,254,253,249,234,190,102,16,1,0,0,0,0,0,3,6,16,70,153,209,248,251,252,253,251,253,252,239,172,84,30,7,0,0,0,0,0,0,0,0,7,25,87,189,232,248,251,252,251,249,243,224,130,23,9,2,0,0,0,0,0,0,0,0,2,11,40,119,160,214,228,226,229,214,196,122,55,13,2,0,0,0,0,0,0,0,0,0,0,1,6,14,47,111,128,128,124,104,94,36,13,5,2,0,0,0,0,0,0,0,0,0,0,0,0,0,0,3,22,0,0,0,0,0,0,0,0,0,0,0,0,1
0,0,0,0,0,0,0,0,0,0,0,0,0,0,0,0,0,0,0,0,0,0,0,0,0,0,0,0,1,5,1,1,0,0,0,0,0,0,0,0,0,0,0,0,0,0,0,0,0,0,0,1,8,8,3,4,1,1,0,0,0,0,0,0,0,0,0,0,0,0,0,0,0,0,0,1,7,2,3,12,19,21,11,4,0,0,0,0,0,0,0,0,0,0,0,0,0,0,0,0,0,1,8,68,173,172,95,22,10,3,0,0,0,0,0,0,0,0,0,0,0,0,0,0,0,2,19,93,233,238,214,172,77,19,9,2,0,0,0,1,0,0,0,0,0,0,0,0,0,5,62,221,244,252,251,242,207,167,59,17,8,1,0,1,3,4,0,0,0,0,0,0,1,20,100,239,254,254,254,253,250,240,199,163,40,15,8,3,2,4,0,0,0,0,0,0,6,41,223,247,255,255,255,254,254,252,250,239,191,158,31,16,6,2,0,0,0,0,0,0,16,127,239,254,255,255,255,255,255,254,254,252,249,235,186,126,16,1,0,0,0,0,0,7,32,226,249,255,255,255,255,255,255,255,255,254,254,251,237,169,23,4,0,0,0,0,0,16,163,238,254,255,255,255,255,255,255,255,255,255,255,251,234,157,14,2,0,0,0,0,8,35,202,249,255,255,255,255,255,255,255,255,255,255,253,245,180,29,8,0,0,0,0,1,14,158,236,252,254,255,255,255,255,255,255,255,255,255,251,219,114,12,0,0,0,0,0,2,19,151,232,248,253,254,254,254,255,255,255,255,255,253,241,178,23,4,0,0,0,0,0,1,11,70,127,217,241,248,254,254,254,254,255,255,254,251,209,65,9,0,0,0,0,0,0,0,3,11,22,79,115,226,242,249,254,254,254,254,253,238,181,19,2,0,0,0,0,0,0,2,6,1,3,7,20,72,123,227,242,250,254,254,246,210,31,8,0,0,0,0,0,0,0,0,2,2,1,0,2,8,21,55,142,229,242,248,236,117,15,0,0,0,0,0,0,0,0,0,0,0,0,0,0,0,1,8,18,39,173,220,208,24,7,0,0,0,0,0,0,0,0,0,0,0,0,0,0,0,0,0,0,9,18,31,20,10,1,4,3,0,0,0,0,0,0,0,0,0,0,0,0,0,0,0,1,0,0,1,0,6,5,8,3,0,0,0,0,0,0,0,0,0,0,0,0,0,0,0,0,0,0,0,0,1,3,3,0,0,0,0,0,0,0,0,0,0,0,0,0,0,0,0,0,0,0,0,0,0,0,0,0,0,0,0,0,0,3
0,0,0,0,0,0,0,0,0,0,0,0,1,6,3,0,0,0,0,0,0,0,0,0,0,0,0,0,0,0,0,0,0,0,0,0,0,2,2,0,0,0,0,0,0,0,0,0,0,0,0,0,0,0,0,0,0,0,0,0,0,1,2,3,3,2,5,5,0,0,0,0,0,0,0,0,0,0,0,0,0,0,1,1,1,0,3,4,3,2,4,5,3,3,9,0,0,0,1,1,2,0,0,1,0,0,1,1,0,4,3,2,3,3,6,10,19,43,56,179,0,0,2,5,4,0,2,2,1,0,1,3,3,3,4,2,2,8,21,40,112,192,153,227,0,2,2,2,1,1,1,5,4,2,2,2,2,2,6,12,17,32,81,106,197,241,244,249,0,0,2,0,0,0,6,8,8,2,1,3,3,4,12,54,137,170,220,197,242,243,234,215,0,0,1,2,4,1,3,4,3,2,2,8,28,37,59,135,166,229,247,246,230,216,133,1,1,0,4,2,1,4,3,5,6,12,15,25,92,187,203,235,241,242,233,220,161,139,36,10,0,1,6,2,1,6,4,5,41,66,145,99,182,233,247,246,239,202,176,87,26,14,8,10,3,3,5,4,6,10,21,41,67,150,214,228,241,244,220,211,198,120,91,16,5,1,1,0,0,2,3,6,15,92,119,197,213,222,244,242,228,216,153,67,46,19,12,9,2,2,2,3,0,8,15,26,89,175,204,239,248,246,235,182,97,146,68,42,9,6,3,3,2,4,0,1,0,38,132,163,219,233,244,242,234,204,184,93,25,12,12,7,6,2,1,2,5,1,0,3,2,134,216,230,247,245,230,165,134,59,38,29,9,2,3,5,2,2,4,3,0,0,1,2,214,233,245,241,201,218,168,136,52,10,5,3,3,6,7,7,6,2,6,1,1,0,1,0,248,245,242,197,111,79,30,17,9,3,1,2,1,4,7,3,1,1,0,2,2,2,0,0,232,156,194,113,40,22,5,5,3,1,2,3,0,2,5,3,1,1,4,2,6,2,0,0,187,58,44,17,11,5,2,3,4,3,2,1,0,0,3,1,0,2,2,4,3,2,0,0,0,10,3,5,5,3,3,4,3,1,1,1,1,0,0,0,0,1,0,1,2,0,0,0,0,0,0,0,0,1,3,4,2,0,0,1,0,0,0,0,0,0,0,0,2,0,0,0,0,0,0,0,0,0,4,1,1,0,0,0,0,0,0,0,0,0,0,0,0,0,0,0,0,0,0,0,0,0,0,0,1,0,1,0,0,0,0,0,0,0,0,0,0,0,0,0,2
0,0,5,1,0,3,1,2,2,1,1,1,1,1,1,1,1,2,0,0,0,0,0,0,0,0,2,1,3,2,3,1,0,0,0,0,0,0,0,0,0,0,2,5,6,1,2,1,0,0,1,5,6,10,11,9,2,1,1,1,1,1,1,1,1,2,1,2,3,1,1,5,0,5,2,5,11,70,102,26,14,14,14,14,14,14,14,14,14,10,9,3,2,3,1,3,0,7,3,3,16,142,218,125,115,115,115,115,115,115,115,115,115,106,26,15,10,6,5,1,0,0,1,10,29,160,239,242,238,238,238,238,238,238,238,238,238,229,125,111,70,11,5,2,0,0,2,13,140,232,250,252,254,255,255,255,255,255,255,255,254,249,238,218,132,10,3,3,0,0,0,19,151,243,254,253,254,254,254,254,254,254,254,254,253,252,244,160,29,10,0,0,0,0,0,19,151,243,255,255,255,255,255,255,255,255,255,255,254,254,242,149,19,2,0,0,0,0,0,19,151,243,255,255,255,255,255,255,255,255,255,255,255,255,243,151,19,0,0,0,0,0,0,19,151,243,255,255,255,255,255,255,255,255,255,255,255,255,243,151,19,0,0,0,0,0,0,19,151,243,255,255,255,255,255,255,255,255,255,255,255,255,243,151,19,0,0,0,0,0,0,19,151,243,255,255,255,255,255,255,255,255,255,255,255,255,243,151,19,0,0,0,0,0,0,19,151,243,255,255,255,255,255,255,255,255,255,255,255,255,243,151,19,0,0,0,0,0,0,19,151,243,255,255,255,255,255,255,255,255,255,255,255,255,243,151,19,0,0,0,0,0,0,19,151,243,255,255,255,255,255,255,255,255,255,255,255,255,243,151,19,0,0,0,0,0,8,29,160,245,254,255,255,255,255,255,255,255,255,255,255,255,243,151,19,0,0,0,0,4,14,141,231,248,253,254,254,254,254,254,254,254,254,253,254,251,233,142,13,0,0,0,2,3,17,144,230,244,249,255,255,255,255,255,255,255,255,254,252,245,160,29,8,0,0,0,2,4,12,85,135,149,232,242,242,242,242,242,242,242,242,242,244,236,150,20,4,1,0,0,1,5,7,12,19,29,130,139,139,139,139,139,139,139,139,139,149,220,144,17,3,2,6,0,3,1,3,2,4,11,12,17,17,17,17,17,17,17,17,18,29,126,85,12,4,2,6,0,6,1,0,1,0,0,2,1,1,1,1,1,1,1,1,2,11,13,12,7,5,1,0,0,0,0,0,0,0,0,0,0,0,0,0,0,0,0,0,0,0,5,2,3,0,3,0,0,3
0,0,0,0,0,0,0,0,0,0,0,0,0,0,0,0,0,0,0,0,0,0,0,0,0,0,0,0,0,0,0,0,0,1,12,105,204,180,146,12,0,0,0,0,0,0,0,0,0,0,0,0,0,0,0,2,2,7,46,149,225,204,117,15,0,1,1,0,0,0,0,0,0,0,0,0,0,0,1,4,3,9,64,168,229,165,93,12,2,2,1,0,0,0,0,0,0,0,0,0,0,0,1,3,1,7,64,163,224,162,46,10,1,2,1,0,0,0,0,0,0,0,0,0,0,0,1,4,2,11,57,210,225,151,52,8,3,2,1,0,0,0,0,0,0,0,0,0,0,0,1,2,3,19,129,217,226,151,46,7,2,2,2,1,1,0,0,0,0,0,0,0,0,1,1,2,2,19,129,231,214,129,45,6,1,2,0,1,3,1,0,0,0,0,0,0,0,0,2,3,1,22,174,221,218,121,27,5,1,1,1,2,3,1,0,0,0,0,0,0,0,0,1,1,6,42,182,238,200,96,18,4,3,1,0,2,2,0,0,0,0,0,0,0,0,0,1,2,11,73,195,239,194,69,10,5,5,2,0,0,0,0,0,0,0,0,0,0,1,2,5,3,14,90,186,241,189,42,7,6,4,3,1,0,0,0,0,0,0,0,0,0,0,1,4,4,19,119,210,237,167,33,6,3,2,2,0,0,0,0,0,0,0,0,1,1,0,2,3,5,28,128,225,232,151,22,5,1,1,0,0,0,0,0,0,0,0,0,3,2,1,2,2,7,39,134,226,229,107,40,3,2,1,0,0,0,0,0,0,0,0,0,3,1,1,2,1,8,58,171,234,221,87,18,3,1,1,1,0,0,0,0,0,0,0,0,1,0,2,3,2,10,66,186,233,198,45,10,4,1,1,1,0,0,0,0,0,0,0,0,0,0,1,3,4,16,83,191,236,190,84,8,6,3,1,0,0,0,0,0,0,0,0,0,0,0,2,3,4,18,87,194,235,148,34,6,3,4,3,0,1,1,0,0,0,0,0,0,0,0,2,2,2,22,137,218,232,137,30,6,2,5,3,0,3,2,0,0,0,0,0,0,0,0,1,2,2,19,103,225,220,92,20,6,3,2,3,1,2,2,0,0,0,0,0,0,0,0,0,0,3,30,149,231,215,130,23,4,3,1,0,2,1,0,0,0,0,0,0,0,0,0,0,0,7,27,146,236,184,78,17,5,4,3,0,0,0,0,0,0,0,0,0,0,0,0,0,0,0,10,219,252,192,75,8,1,8,0,0,0,0,0,0,0,0,0,2
0,0,0,0,3,2,1,131,131,1,1,1,2,2,0,0,0,0,0,0,0,0,0,0,0,0,0,0,1,1,24,194,228,148,129,26,13,7,1,1,0,0,0,0,0,0,0,0,0,0,0,0,1,9,33,206,237,245,222,143,122,26,11,6,1,1,0,0,0,0,0,0,0,0,0,3,4,7,155,204,244,252,248,237,223,141,122,25,11,7,2,2,0,0,0,0,0,0,1,0,1,12,34,202,246,253,252,253,248,238,224,141,121,25,11,7,4,0,1,10,0,0,1,0,4,4,37,222,246,253,252,253,253,253,249,237,221,138,118,25,11,5,3,6,0,1,2,1,3,5,26,202,234,253,254,253,252,253,254,254,248,233,216,134,113,23,11,1,0,1,2,1,4,4,74,102,241,254,254,248,254,252,254,255,253,252,245,230,214,134,113,7,0,0,0,1,4,3,22,213,242,253,253,253,254,254,253,254,254,254,251,252,246,218,200,128,1,2,5,0,1,0,23,124,247,253,251,254,255,254,254,254,252,254,253,254,237,225,126,0,8,6,1,1,3,3,20,205,243,252,252,254,254,254,252,254,254,252,245,235,222,154,24,0,1,0,0,4,5,5,25,152,247,253,253,254,255,253,253,253,252,243,225,52,32,17,7,1,0,0,0,0,1,1,15,178,239,252,252,253,254,254,250,252,238,216,32,11,2,0,0,3,0,0,0,0,0,0,19,46,242,253,249,252,252,249,244,233,206,81,12,4,0,3,2,3,0,0,0,0,0,0,10,187,233,252,249,249,251,242,221,133,27,13,4,2,1,1,1,4,0,0,0,0,0,0,19,76,241,253,253,252,235,224,192,23,6,1,0,2,2,2,2,6,0,0,0,0,0,1,19,198,243,239,243,233,204,37,19,10,0,0,3,2,0,2,1,0,0,0,0,0,0,1,23,200,240,245,211,42,32,10,0,4,0,5,1,0,4,1,1,0,0,0,0,0,5,2,22,107,226,221,78,17,2,1,0,0,0,0,0,2,4,1,0,0,0,0,0,0,1,1,13,119,115,27,16,7,2,0,0,0,0,0,3,1,9,1,0,0,0,0,0,0,2,8,14,15,11,5,3,0,0,0,0,0,0,0,0,1,3,0,0,0,0,0,0,0,7,1,2,1,1,4,2,1,0,0,0,0,0,0,0,0,0,0,0,0,0,0,0,0,0,0,0,3,1,2,0,0,0,0,0,0,0,0,0,0,0,0,0,0,0,0,0,0,0,0,0,0,0,0,0,0,0,0,0,0,0,0,0,0,0,0,0,0,0
0,0,0,0,0,0,0,0,2,3,1,0,0,0,0,0,0,0,0,0,0,0,0,0,0,0,0,0,0,0,4,2,1,2,1,1,2,1,0,0,0,0,0,0,0,0,0,0,0,0,0,0,0,0,2,5,6,7,6,6,5,2,0,0,0,0,0,0,0,0,0,0,0,0,0,0,0,0,1,3,11,44,74,50,9,1,1,0,0,0,0,0,0,0,0,0,0,0,0,0,0,0,4,4,18,119,193,144,37,17,6,0,0,0,0,0,0,0,0,0,0,0,0,0,0,0,3,3,38,185,231,202,183,120,21,1,1,1,0,0,0,0,0,0,0,0,0,0,0,0,0,2,19,117,224,235,240,194,49,29,12,5,1,1,2,1,0,0,0,0,0,0,0,0,0,3,25,126,226,248,251,232,157,177,87,25,4,0,1,1,0,0,0,0,0,0,0,0,0,3,67,169,231,250,253,247,244,227,182,68,20,10,2,1,1,0,0,0,0,0,0,0,0,5,32,137,229,250,250,250,251,242,213,126,149,55,5,0,0,0,0,0,0,0,0,0,0,6,56,161,233,250,250,253,253,250,245,235,199,89,20,8,4,0,0,1,0,0,2,2,3,12,75,179,239,251,252,253,254,253,249,249,232,170,109,77,11,0,0,1,2,2,2,2,3,15,116,217,246,252,253,254,254,253,252,251,249,242,217,139,49,0,0,1,2,2,1,1,2,13,80,192,247,252,252,254,254,254,253,252,253,252,248,224,146,60,0,1,1,1,1,3,5,21,79,181,247,252,252,253,254,254,253,252,252,253,253,248,234,237,0,0,1,1,1,3,13,58,147,223,247,252,251,252,253,253,253,253,252,252,251,247,235,235,0,0,1,1,1,2,10,52,150,232,247,253,253,252,253,253,253,253,253,248,238,222,180,182,0,0,0,1,1,3,7,43,148,236,251,253,253,252,252,253,251,244,238,228,173,149,70,55,0,0,0,1,0,3,9,52,146,233,250,252,252,252,251,245,236,189,166,151,63,45,13,2,0,0,0,0,1,2,11,63,192,231,249,252,248,242,234,192,154,133,66,37,14,5,4,0,0,0,0,0,0,3,17,113,209,239,246,241,229,198,146,88,34,26,13,4,1,0,0,0,0,0,0,0,1,1,11,43,148,227,216,150,133,97,25,12,4,1,1,0,0,0,0,0,0,0,0,0,0,1,6,82,151,133,117,25,15,11,4,2,1,0,0,0,0,0,0,0,0,0,0,0,0,0,0,0,0,0,0,0,0,0,0,0,0,0,0,0,0,0,0,0,0
0,0,0,0,0,0,0,0,14,6,3,3,55,167,253,254,106,23,1,0,0,0,0,0,0,0,0,0,0,0,0,3,2,2,5,19,163,229,245,198,107,27,3,0,0,0,0,0,0,0,0,0,1,1,0,3,7,5,9,84,175,238,240,177,78,9,2,4,0,0,0,0,0,0,0,4,4,0,0,1,3,7,17,109,195,247,228,81,24,5,1,2,2,0,0,0,0,1,3,1,1,1,6,1,3,5,29,185,235,244,208,60,10,3,2,2,1,0,0,0,0,2,4,1,2,5,3,3,3,9,50,209,244,221,148,54,9,4,4,3,0,0,0,0,0,1,1,0,2,2,7,5,3,14,135,216,246,231,121,42,6,3,5,3,1,1,3,0,0,0,0,0,1,2,2,5,5,25,155,228,243,195,52,9,3,2,5,4,1,2,4,0,0,0,1,1,3,3,1,4,14,83,216,242,201,110,31,7,3,1,5,2,3,3,3,1,0,0,0,2,3,3,1,4,79,164,229,244,178,79,10,5,4,1,1,0,2,3,2,0,0,0,0,1,2,2,2,11,35,186,235,230,171,25,5,3,4,3,0,0,2,0,0,0,0,0,0,0,1,1,3,29,105,224,238,213,141,16,1,5,5,2,2,1,0,0,0,0,0,2,3,6,3,2,9,52,133,241,243,146,62,11,2,3,5,3,3,0,0,0,0,0,1,2,2,5,4,2,14,128,208,243,235,122,44,5,1,0,0,2,0,0,0,0,0,0,0,0,3,4,4,3,21,156,225,247,205,116,17,3,2,2,1,0,0,0,0,0,0,0,0,0,2,2,5,13,75,166,242,235,182,93,9,2,3,3,2,1,0,0,0,0,0,0,0,5,2,3,6,27,164,191,242,220,94,16,6,2,3,3,1,1,0,0,0,0,0,0,0,4,1,3,8,46,192,240,230,170,30,9,5,3,3,0,1,0,0,0,0,0,0,0,0,0,3,5,34,106,229,245,220,147,62,6,5,6,4,2,0,1,1,0,0,0,0,0,0,0,3,7,23,133,215,248,214,68,13,5,3,3,4,1,1,4,2,0,0,0,0,0,0,0,0,5,54,199,244,239,198,42,7,5,2,7,2,1,2,3,2,3,1,0,0,0,0,0,0,11,76,220,245,204,120,19,7,3,2,0,0,4,5,3,1,1,0,0,0,0,0,0,0,10,167,232,239,183,95,10,5,3,4,0,0,0,1,0,0,0,0,0,0,0,0,0,0,0,0,255,244,189,3,8,1,7,5,0,2,0,0,0,0,0,0,0,0,0,2
0,0,0,0,0,0,0,0,0,0,0,0,1,1,0,1,2,2,0,0,0,0,0,0,0,0,0,0,0,0,0,0,0,0,0,0,0,0,0,3,3,1,2,5,1,0,0,0,0,0,0,0,0,0,0,0,0,0,0,0,1,2,10,17,22,20,11,7,1,0,0,0,0,1,0,1,1,1,0,0,0,1,2,9,15,24,66,162,159,138,107,10,2,0,0,0,0,1,2,3,1,0,1,1,8,15,24,59,161,175,202,237,239,210,115,17,3,0,0,0,0,1,1,3,4,2,8,16,41,161,175,200,238,247,249,251,250,222,135,38,5,0,0,0,0,1,1,8,17,24,34,171,189,207,245,250,252,254,254,254,253,245,204,100,9,0,0,0,0,3,6,22,143,181,195,238,248,250,252,254,254,255,255,255,255,250,210,104,15,1,0,0,0,1,4,66,187,237,249,252,254,254,255,255,255,255,255,255,255,252,223,139,46,5,0,0,0,1,4,22,133,240,253,254,255,255,255,255,255,255,255,255,255,254,245,197,87,8,0,0,0,0,1,13,128,234,251,255,255,255,255,255,255,255,255,255,255,255,250,204,91,14,1,0,0,0,0,8,72,189,248,255,255,255,255,255,255,255,255,255,255,255,251,225,144,49,4,0,0,0,0,4,32,155,241,252,255,255,255,255,255,255,255,255,255,255,254,245,190,74,8,0,0,0,0,1,29,132,192,249,255,255,255,255,255,255,255,255,255,254,254,248,196,78,14,0,0,0,0,1,10,62,180,246,255,255,255,255,255,255,255,255,254,254,252,246,221,145,46,0,0,0,0,0,3,51,168,238,252,255,255,255,255,254,254,252,251,249,242,213,195,148,49,0,0,0,0,0,2,14,86,202,250,254,254,254,253,252,250,247,212,202,187,79,56,45,17,0,0,0,0,0,0,8,81,196,244,251,249,243,241,234,193,185,178,48,31,14,8,7,3,0,0,0,0,0,1,6,57,159,216,228,223,167,159,156,33,24,17,10,2,2,0,0,1,0,0,0,1,3,2,4,15,89,119,126,124,31,20,13,7,1,1,0,0,0,1,1,3,0,0,0,2,6,4,3,7,37,23,18,13,6,1,1,0,0,0,0,0,0,0,0,0,0,0,0,0,2,1,1,3,4,4,3,2,0,0,0,0,0,0,0,0,0,0,0,0,0,0,0,0,0,0,0,0,0,0,0,0,0,0,0,0,0,0,0,0,0,0,0,0,0,0,0,0,0,0,0,0,0,0,0,0,0,0,0,0,0,0,0,0,0,0,0,0,0,3
0,0,0,0,0,0,0,0,0,0,0,0,0,0,0,0,0,0,0,0,0,0,0,0,0,0,0,0,0,0,0,0,0,0,0,1,0,0,0,0,0,0,0,0,0,0,0,0,0,0,0,0,0,0,0,0,0,0,0,1,2,2,1,1,1,1,0,0,0,0,0,0,0,0,0,0,0,0,0,0,0,0,0,1,2,2,1,0,2,3,3,2,0,0,0,0,0,0,0,0,0,0,0,0,0,0,0,1,2,1,1,0,1,4,6,1,1,4,9,0,0,0,0,0,0,0,0,0,0,0,0,0,0,1,3,2,3,4,3,3,10,26,74,136,0,0,0,0,0,0,0,0,0,0,1,0,2,3,3,3,3,7,12,19,34,96,176,244,0,0,1,0,0,0,0,0,0,0,1,1,2,3,3,4,12,34,62,84,124,193,212,0,0,0,1,1,2,1,0,1,2,0,1,2,2,3,5,13,48,116,173,198,229,222,164,0,0,1,2,3,2,1,0,1,4,3,1,2,3,10,35,57,129,202,233,237,220,160,67,0,0,1,2,1,2,2,2,4,4,2,3,8,19,60,117,144,204,231,234,212,150,63,18,0,0,1,0,1,3,3,3,4,4,5,13,54,131,186,206,216,205,163,166,131,56,13,4,0,0,1,0,2,3,2,3,6,16,54,69,151,217,240,235,203,134,63,56,39,11,4,2,0,0,1,2,2,4,5,10,27,74,149,165,221,236,226,198,121,48,16,8,6,4,3,2,0,0,3,1,4,16,33,65,115,175,221,222,212,179,143,105,37,10,5,2,2,5,1,1,0,0,0,4,19,70,119,167,217,232,231,190,114,48,33,27,8,4,3,1,4,3,0,0,0,0,5,20,76,167,210,229,230,194,177,100,34,8,4,4,5,3,1,4,1,2,2,0,0,0,41,90,182,230,237,223,175,94,80,27,6,2,1,2,3,2,0,0,2,2,2,0,0,0,165,224,228,218,178,93,33,19,13,7,3,2,2,1,0,1,0,1,1,1,0,0,0,0,199,225,180,129,76,21,8,3,2,3,2,0,1,0,0,0,0,0,0,0,0,0,0,0,145,157,75,32,15,6,4,2,2,2,1,0,1,0,0,0,0,0,0,0,0,0,0,0,27,34,14,4,3,4,5,2,2,2,1,0,0,0,0,0,0,0,0,0,0,0,0,0,1,2,1,0,0,2,1,0,1,1,1,1,1,0,0,0,0,0,0,0,0,0,0,0,0,0,0,0,0,0,0,0,0,0,0,0,0,0,0,0,0,0,0,0,0,0,0,2
0,0,0,0,0,0,0,0,0,0,0,0,0,0,0,0,0,0,0,0,0,0,0,0,0,0,0,0,0,0,0,1,1,0,1,3,2,2,0,0,0,0,0,0,0,0,0,0,0,0,0,0,1,2,1,3,6,1,2,1,2,3,4,3,2,1,1,0,0,0,0,0,0,0,0,0,2,3,5,4,4,3,1,2,3,4,4,4,3,3,3,2,0,1,0,0,0,0,0,0,2,3,4,4,3,5,7,11,14,18,18,14,11,10,4,3,3,2,0,0,0,0,0,1,1,2,4,9,14,28,82,83,113,118,104,110,112,29,18,10,6,2,0,0,0,0,1,2,1,3,5,28,92,150,194,191,219,223,209,215,216,148,134,81,16,5,0,0,0,0,1,3,2,4,9,45,156,231,243,244,249,251,248,248,246,237,228,188,84,21,7,0,0,0,1,4,5,8,31,98,178,245,252,253,253,254,254,253,251,251,249,229,184,147,16,0,0,0,2,5,2,17,144,204,217,249,253,253,255,254,254,254,254,252,253,249,244,205,25,0,0,0,2,1,3,26,165,241,250,252,254,255,255,255,255,255,254,254,254,253,251,223,28,0,0,0,1,1,3,34,171,244,252,253,254,255,255,255,255,255,255,255,255,254,253,224,29,0,0,1,1,2,8,47,179,245,252,252,254,255,255,255,255,255,255,255,255,254,254,224,29,0,0,1,2,2,6,92,184,241,251,253,254,255,255,255,255,255,255,255,255,255,253,223,28,0,0,1,2,1,8,27,122,230,249,253,254,255,255,255,255,255,255,255,255,254,250,211,25,0,0,0,0,1,6,15,84,208,248,253,254,254,255,255,255,255,255,255,255,253,246,164,23,0,0,2,4,2,4,15,92,211,246,252,253,254,254,254,254,255,255,255,255,253,244,170,21,0,0,2,5,1,1,8,60,164,223,246,252,253,252,253,254,254,255,255,255,254,245,179,21,0,0,2,1,2,2,4,11,64,147,219,248,252,250,251,253,254,254,254,254,253,236,157,14,0,0,2,3,3,2,1,2,9,30,159,230,245,250,249,252,253,253,253,253,253,228,35,6,0,0,2,1,4,5,3,0,0,12,115,169,187,234,243,238,236,241,244,247,246,216,26,0,0,0,0,0,0,0,0,1,2,7,13,21,34,174,182,162,149,176,182,209,203,158,17,0,0,0,0,0,0,0,0,2,4,3,2,2,11,17,23,21,25,26,31,90,54,18,7,0,0,0,0,0,0,0,0,0,0,0,8,8,3,8,6,2,4,6,4,7,3,0,0,0,0,1
0,0,0,0,0,0,0,0,0,0,0,0,0,0,0,0,0,0,0,0,0,0,0,0,0,0,1,2,3,3,1,0,1,3,2,1,5,6,0,0,0,0,0,0,0,0,0,0,0,0,1,3,4,3,0,2,7,10,15,21,20,14,8,1,0,1,0,1,1,0,0,0,0,0,0,3,3,3,2,11,51,52,109,118,117,102,26,6,2,2,1,5,1,0,0,0,0,0,1,2,3,1,9,43,176,133,228,237,237,219,85,23,11,5,1,5,3,1,0,0,0,0,2,0,2,4,19,156,231,234,247,253,252,244,210,89,57,13,3,2,5,1,0,0,0,0,1,1,3,7,35,218,249,253,253,250,252,252,245,217,157,40,6,6,5,1,0,0,0,0,0,3,7,17,92,232,252,253,253,251,253,254,253,248,218,115,23,7,2,4,0,0,0,0,0,7,37,86,196,242,253,253,254,253,254,254,254,253,243,187,62,6,1,2,0,0,0,1,0,11,99,211,240,250,254,255,255,255,255,255,255,254,247,193,67,6,1,0,0,0,0,1,0,16,131,235,250,253,254,255,255,255,255,255,255,254,246,167,46,8,1,1,0,0,0,1,1,18,133,239,252,254,255,255,255,255,255,255,255,254,247,210,83,8,2,1,0,0,0,2,3,17,132,239,251,254,255,255,255,255,255,255,254,253,250,231,101,11,1,1,0,0,0,3,6,16,131,237,252,254,255,255,255,255,255,255,254,252,251,234,103,12,0,1,0,0,0,3,5,16,125,234,253,254,254,255,255,255,255,255,254,253,252,235,102,12,4,2,0,0,0,2,3,25,136,237,251,251,254,255,255,255,255,255,254,253,249,228,96,9,7,2,0,0,0,0,4,23,137,240,251,253,254,255,255,255,255,255,254,250,233,153,42,8,4,1,0,0,0,0,4,19,134,239,253,254,255,255,255,255,255,255,254,247,190,66,14,4,0,0,0,0,0,1,3,15,120,226,250,254,254,254,254,254,254,252,253,245,167,31,5,1,2,0,0,0,0,4,2,12,49,179,240,252,254,253,253,253,254,250,253,242,161,23,3,1,4,0,0,0,0,3,3,5,15,87,208,244,250,253,251,251,253,253,252,231,142,19,5,1,4,0,0,0,0,2,4,2,5,21,124,164,237,249,251,253,250,250,242,198,52,14,2,3,1,0,0,0,0,3,4,0,1,6,14,40,179,247,252,246,234,176,217,92,17,6,1,2,2,0,0,0,0,0,0,0,0,0,0,18,244,255,253,253,70,0,155,1,6,1,2,2,3,0,0,0,1
0,0,0,0,0,0,0,0,0,0,0,0,0,0,0,0,0,0,0,0,0,0,0,0,0,0,7,67,111,29,17,11,2,0,1,1,0,0,0,0,0,0,0,0,0,0,0,0,0,3,25,106,217,190,159,57,15,7,0,0,0,0,0,0,0,0,0,0,0,0,0,0,0,6,75,220,244,247,237,192,146,28,15,9,3,0,0,0,1,1,1,0,0,0,0,0,0,13,95,233,252,252,251,247,233,167,137,88,21,10,5,1,0,2,2,2,1,0,0,0,0,43,151,234,251,253,252,252,249,244,236,206,130,98,39,11,7,1,3,1,1,1,0,0,0,30,128,214,247,253,253,253,253,253,252,246,235,216,147,87,23,8,6,7,4,1,0,0,0,8,46,165,245,252,251,251,253,251,251,253,252,244,232,215,111,79,46,13,3,2,0,0,0,3,47,162,242,252,251,252,253,254,254,254,253,252,251,244,228,211,173,67,25,5,0,0,0,6,25,141,233,250,251,252,254,254,254,253,252,253,253,253,249,233,194,130,74,10,1,0,0,1,11,73,197,247,252,253,254,254,253,250,252,252,248,245,235,185,155,39,27,16,1,0,0,0,4,34,160,239,251,251,253,253,252,249,249,247,233,164,133,64,57,14,3,4,1,0,0,0,1,19,136,226,249,252,251,252,249,242,236,230,146,93,38,14,5,5,2,1,0,0,0,0,0,11,50,199,247,253,251,252,242,220,180,164,103,26,5,1,0,1,2,2,0,0,0,0,1,10,110,210,239,252,249,242,225,169,90,24,13,5,1,0,1,3,1,2,0,0,0,0,0,11,107,204,241,244,224,154,116,69,13,6,0,0,1,2,1,1,1,0,1,0,0,5,2,5,29,117,212,220,113,48,15,7,3,2,1,1,4,2,0,0,1,1,0,0,0,0,1,6,9,30,61,91,30,9,3,1,0,0,0,0,0,0,0,5,1,1,0,0,1,1,5,4,7,4,7,14,7,2,1,0,0,0,0,0,0,1,2,1,0,0,0,0,0,0,2,1,1,1,0,1,3,2,0,0,0,0,0,0,0,0,0,0,2,0,0,0,0,0,0,1,0,1,1,0,1,1,0,0,0,0,0,0,0,0,0,0,0,0,0,0,0,0,0,0,0,0,1,0,0,0,0,0,0,0,0,0,0,0,0,0,0,0,0,0,0,0,0,0,0,0,0,0,0,0,0,0,0,0,0,0,0,0,0,0,0,0,0,0,0,0,0,0,0,0,0,0,0,0,0,0,0,0,0,0,0,0,0,0,0,0,0,0,0
0,0,0,0,0,0,0,0,0,0,0,0,0,0,0,0,0,0,0,0,0,0,0,0,0,0,0,0,0,0,1,8,31,113,25,11,7,2,1,0,0,0,0,0,0,0,0,0,0,0,0,2,1,0,3,20,170,202,142,119,36,28,10,4,2,0,1,0,0,0,0,0,0,0,0,0,0,1,10,35,228,243,240,222,159,138,54,46,15,7,6,4,4,3,0,0,0,0,0,0,0,1,18,174,241,253,254,250,246,228,172,159,73,64,64,33,12,7,2,3,0,0,0,0,0,7,34,220,251,252,254,254,253,250,248,236,185,176,150,99,77,47,8,2,0,0,0,0,0,16,169,238,253,254,254,254,254,254,254,251,248,243,203,190,179,102,12,3,0,0,0,0,6,32,193,249,255,255,255,255,254,254,254,254,254,251,249,242,226,119,13,3,0,0,0,1,14,148,236,253,255,255,255,255,255,255,255,254,254,253,253,241,174,71,9,1,0,0,0,5,43,172,247,255,255,255,255,255,255,255,255,255,255,255,251,231,91,15,4,0,0,0,0,9,105,230,251,255,255,255,255,255,255,255,255,255,255,255,242,161,49,5,1,0,0,0,2,16,109,240,255,255,255,255,255,255,255,255,255,255,254,249,228,61,10,1,0,0,0,0,4,40,181,245,255,255,255,255,255,255,255,255,255,255,253,236,137,29,2,0,0,0,0,3,15,54,232,251,254,255,255,255,255,255,255,255,255,255,252,219,38,7,0,0,0,0,0,1,19,212,237,251,254,254,255,255,255,255,255,255,255,253,244,203,22,0,0,0,0,0,0,3,20,167,207,241,250,253,254,254,255,255,255,255,255,251,218,89,12,0,0,0,0,0,0,2,11,41,74,166,212,243,250,253,254,254,254,254,253,241,190,21,3,0,0,0,0,0,0,1,5,7,14,39,96,160,221,242,248,251,254,253,249,200,50,9,0,0,0,0,0,0,0,2,4,1,2,5,17,38,112,151,172,237,247,246,232,166,17,2,0,0,0,0,0,0,0,0,0,1,0,0,1,6,19,33,74,144,177,228,186,30,10,0,0,0,0,0,0,0,0,0,0,0,0,0,0,0,1,4,18,31,59,136,103,13,2,0,0,1,0,0,0,0,0,0,0,0,0,0,0,0,0,0,1,4,14,25,13,7,1,2,2,5,0,0,0,0,0,0,0,0,0,0,0,0,0,1,1,0,1,3,3,4,2,5,2,0,0,0,0,0,0,0,0,0,0,0,0,0,0,0,0,0,0,0,0,0,0,0,5,0,0,0,0,0,3
0,0,0,0,0,0,0,0,0,2,1,0,0,0,3,0,2,119,123,0,0,0,0,0,0,0,0,0,0,0,1,0,1,1,0,0,3,5,14,107,123,181,116,16,0,0,0,0,0,0,0,0,0,1,1,1,0,0,1,7,11,24,114,134,217,220,150,17,0,0,0,0,0,0,0,0,0,1,1,0,0,1,6,20,112,131,215,228,238,227,112,18,0,0,0,0,0,0,0,1,1,0,0,1,6,10,24,124,216,230,244,252,251,231,101,12,0,0,0,0,0,1,1,2,0,0,1,6,20,116,135,223,237,251,252,253,253,205,35,8,4,0,0,0,2,1,3,3,1,6,10,25,127,222,236,247,252,253,254,254,251,233,84,14,1,1,2,0,0,0,2,2,6,20,118,137,228,242,253,253,254,252,253,254,249,216,188,16,0,1,1,0,2,1,6,12,26,128,223,238,249,254,253,254,254,252,253,253,250,208,64,18,0,1,1,0,2,6,20,118,138,227,242,253,253,254,253,253,254,254,253,252,247,228,163,14,1,3,4,3,2,26,135,222,236,248,253,252,252,254,253,254,253,251,254,248,248,227,69,18,1,0,2,0,132,144,233,240,252,253,252,254,252,253,254,254,254,254,254,252,241,225,140,16,5,1,0,0,239,229,239,250,253,252,253,253,253,254,253,254,255,254,255,252,246,227,145,56,2,2,0,0,195,221,224,243,247,251,250,254,252,254,249,254,254,254,253,253,248,231,143,16,2,0,0,0,154,119,174,188,229,235,250,253,254,253,253,254,253,253,250,252,249,162,69,11,1,0,0,0,0,21,79,33,85,195,220,233,242,250,253,253,254,251,252,252,250,229,72,13,3,0,0,0,0,4,6,11,53,46,52,62,168,225,236,245,249,253,253,254,250,222,131,32,4,1,0,0,0,4,5,7,4,5,6,15,120,68,141,141,229,237,247,247,242,217,42,16,3,1,1,0,0,0,2,1,4,4,0,6,10,16,44,63,70,127,206,225,234,192,129,14,5,4,0,0,0,0,0,0,2,1,3,5,3,3,4,7,28,21,32,129,192,173,120,12,1,2,0,0,0,0,0,0,2,2,3,3,0,0,0,1,1,2,8,22,106,29,16,6,1,0,0,0,0,0,0,0,4,1,2,2,0,0,0,0,1,2,3,7,6,8,2,0,0,0,0,0,0,0,0,0,0,0,0,0,0,0,0,0,0,1,6,0,0,8,0,0,0,0,0,0,0,0,0,0,0,0,0,0,0,0,0,0,0,0,4,0,0,0,0,0,0,0,0,0,0
0,0,0,0,0,0,0,0,0,0,0,0,0,0,0,0,0,0,0,3,1,5,0,0,0,0,0,0,0,0,4,2,2,3,1,5,6,3,3,2,2,3,2,2,0,1,0,0,0,2,2,2,3,2,2,1,1,4,6,4,4,3,2,2,3,4,4,1,2,1,0,0,0,2,3,1,1,2,3,6,10,16,27,37,37,17,5,3,2,3,4,3,2,1,0,0,0,1,5,2,3,8,13,31,90,137,150,157,145,75,46,17,5,2,3,4,1,1,0,0,0,3,4,3,10,50,97,125,193,236,242,242,230,181,140,65,17,4,2,2,0,3,0,0,0,5,5,6,38,135,221,240,246,251,251,252,250,246,219,139,44,8,3,1,1,2,0,0,0,2,6,21,105,216,247,253,254,253,249,253,254,252,245,183,68,15,6,1,3,0,0,0,0,1,4,52,191,244,253,254,254,254,253,254,254,253,250,224,148,46,9,5,1,0,0,0,0,2,10,58,205,249,254,255,255,255,255,255,255,254,251,244,216,137,33,2,0,1,0,0,0,1,16,160,232,250,254,255,255,255,255,255,255,254,253,250,241,175,47,4,1,1,0,0,0,1,24,185,244,252,253,255,255,255,255,255,255,254,253,252,245,179,50,6,1,2,0,0,0,0,24,184,247,252,253,255,255,255,255,255,255,255,254,252,245,179,50,7,5,2,0,0,0,0,21,178,245,252,254,254,255,255,255,255,255,255,254,253,241,173,47,6,7,2,0,0,0,0,17,147,229,250,254,255,255,255,255,255,255,254,253,250,221,134,34,4,3,2,0,0,0,0,12,54,189,248,254,254,255,255,255,255,255,254,252,247,190,71,14,4,1,2,0,0,0,0,3,25,173,244,253,254,254,254,254,254,254,254,253,245,185,64,9,3,0,2,0,0,0,0,5,18,145,227,248,251,253,253,252,253,254,253,249,225,146,46,8,2,2,1,0,0,0,0,2,12,51,157,226,247,251,252,251,251,249,245,229,163,68,17,6,3,3,1,0,0,0,0,1,4,14,60,147,199,238,245,245,238,201,175,153,73,19,6,3,4,2,1,0,0,0,0,2,1,6,15,40,86,167,180,179,170,99,52,37,16,5,3,4,4,2,1,0,0,0,0,1,3,2,7,10,16,28,36,35,29,22,13,5,4,2,3,7,2,0,1,0,0,0,0,1,4,3,1,1,3,1,3,7,4,1,1,3,2,2,1,0,0,0,4,0,0,0,0,0,0,0,0,0,0,0,0,0,0,0,0,0,0,0,0,0,0,0,0,0,0,1
0,0,0,0,0,0,0,0,0,0,191,191,191,255,251,251,148,1,1,0,0,0,0,0,0,0,0,0,0,7,14,29,164,181,193,245,250,251,254,249,231,133,13,0,0,0,0,0,0,0,0,7,14,29,164,181,193,245,250,252,255,254,253,254,246,153,28,7,0,0,0,0,0,7,15,29,164,181,193,245,250,252,255,254,254,255,255,255,251,232,133,13,0,0,0,0,7,25,165,181,193,245,250,252,255,254,254,255,255,255,255,255,255,246,153,28,7,0,0,0,48,170,194,244,249,252,255,254,254,255,255,255,255,255,255,255,255,251,232,133,13,0,0,0,48,215,239,248,253,254,254,255,255,255,255,255,255,255,255,255,255,255,246,153,28,7,0,0,2,87,237,254,254,255,255,255,255,255,255,255,255,255,255,255,255,255,251,232,133,13,0,0,3,69,220,246,255,255,255,255,255,255,255,255,255,255,255,255,255,255,255,246,153,28,7,2,2,18,89,238,254,255,255,255,255,255,255,255,255,255,255,255,255,255,255,250,232,133,12,2,0,6,69,221,246,255,255,255,255,255,255,255,255,255,255,255,255,255,255,254,245,152,27,1,0,2,18,89,238,254,255,255,255,255,255,255,255,255,255,255,255,254,253,253,247,230,133,2,0,0,6,69,221,246,255,255,255,255,255,255,255,255,255,254,254,254,254,252,249,233,129,0,0,0,2,18,89,238,254,255,255,255,255,255,255,254,254,254,254,253,253,243,220,199,44,17,0,0,0,6,69,221,246,255,255,255,255,254,254,254,254,253,253,243,221,203,54,36,30,3,0,0,0,2,18,89,238,254,255,255,254,254,254,253,253,243,221,203,54,36,26,6,7,3,0,0,0,0,6,69,221,246,254,254,254,253,253,243,221,203,54,36,26,5,3,3,3,4,0,0,0,0,2,18,88,237,251,252,253,243,221,203,54,36,26,5,3,2,1,0,1,2,0,0,0,0,1,6,68,220,244,238,220,203,54,36,26,5,3,2,1,0,0,1,1,2,0,0,0,0,0,5,19,78,205,203,54,36,26,5,3,2,1,0,0,1,1,1,0,0,0,0,0,0,2,3,6,53,43,40,27,7,3,2,1,0,0,1,1,1,0,0,0,0,0,0,0,3,5,5,4,8,10,6,8,3,1,0,0,1,1,1,0,0,0,0,0,0,0,0,0,1,9,1,5,3,3,2,1,1,1,1,1,1,0,0,0,0,0,0,0,0,0,0,0,0,1,2,2,2,1,2,6,2,3,2,0,0,0,0,0,0,0,0,0,0,3
0,0,0,0,0,0,0,0,0,0,0,0,0,0,3,1,10,7,1,2,5,0,0,0,0,0,1,2,0,0,0,0,1,1,1,1,1,1,0,1,2,2,1,2,3,0,0,0,3,1,7,2,2,1,1,1,0,0,0,0,0,0,2,6,3,3,3,3,5,1,0,0,1,6,2,1,1,0,0,0,1,1,1,1,1,9,15,24,25,22,14,7,3,4,8,0,1,1,2,3,6,2,1,9,15,23,23,23,23,32,171,181,181,170,81,9,3,2,3,0,0,3,11,19,25,24,23,30,169,178,181,181,181,191,238,248,243,230,111,14,3,0,0,0,8,8,25,167,181,181,181,188,198,246,248,248,248,250,252,253,252,235,114,14,3,0,0,0,3,11,109,228,244,248,248,248,250,252,254,254,254,254,254,254,254,242,124,23,5,0,0,0,5,16,138,238,252,253,254,254,254,255,255,255,255,255,255,255,255,248,228,106,9,0,0,0,4,12,129,230,250,254,254,255,255,255,255,255,255,255,255,255,255,255,237,115,13,0,0,0,0,6,27,149,245,255,255,255,255,255,255,255,255,255,255,255,255,255,237,115,13,0,0,0,0,0,17,139,241,255,255,255,255,255,255,255,255,255,255,255,255,255,237,115,13,0,0,0,0,0,17,139,241,255,255,255,255,255,255,255,255,255,255,255,255,255,237,115,13,0,0,0,0,0,17,139,241,255,255,255,255,255,255,255,255,255,255,255,255,255,243,125,23,4,0,0,0,0,17,139,241,255,255,255,255,255,255,255,255,255,255,255,255,255,249,228,106,9,1,0,0,0,12,129,231,250,255,255,255,255,255,255,255,255,255,255,255,254,254,236,115,14,3,0,0,0,5,27,149,245,255,255,255,255,255,255,255,255,255,254,254,253,252,236,114,14,3,1,0,0,0,17,138,240,254,254,255,254,254,254,254,254,254,253,251,249,245,231,112,13,2,4,0,0,1,17,138,239,252,253,254,252,251,249,249,249,249,239,198,188,188,178,85,9,5,0,0,0,3,16,136,234,245,249,249,239,198,188,188,188,188,179,34,25,25,24,15,7,1,2,0,1,4,12,104,181,188,188,188,179,34,24,24,24,24,16,9,3,3,7,3,2,0,2,0,1,3,6,16,24,28,25,25,16,9,1,1,1,1,1,0,0,1,1,2,1,1,2,0,0,0,7,3,2,4,6,3,1,0,0,0,0,0,0,1,1,2,1,8,5,0,0,0,0,3,0,0,1,2,0,0,0,1,1,1,1,1,1,0,0,0,0,0,0,0,0,3
0,0,5,2,2,2,3,7,1,11,8,2,2,5,7,6,6,0,4,0,0,0,0,0,0,0,4,3,2,5,2,3,4,3,3,5,6,4,3,3,3,4,2,2,0,2,4,6,0,2,2,2,4,7,7,3,7,9,14,16,16,13,11,10,6,4,3,2,2,2,2,2,0,4,2,1,5,7,10,9,24,96,112,113,112,107,77,26,13,7,5,2,2,5,6,0,0,1,4,7,17,33,46,78,98,218,236,237,236,230,183,95,80,70,24,5,2,5,7,3,1,1,13,23,102,208,228,231,239,246,254,253,252,248,244,238,232,215,72,8,2,2,3,7,5,7,15,104,202,244,253,254,253,254,250,251,254,254,254,253,250,226,90,17,4,3,4,2,3,5,18,138,238,252,253,251,254,254,253,253,254,254,255,254,252,243,190,25,9,7,2,7,3,7,26,145,241,254,254,252,254,255,255,255,255,255,255,255,254,251,231,94,14,3,2,2,5,16,67,173,245,254,254,255,255,255,255,255,255,255,255,254,252,254,237,118,17,4,4,0,0,19,155,234,248,252,254,255,255,255,255,255,255,255,255,254,251,254,239,121,21,6,4,0,0,20,164,244,253,254,254,255,255,255,255,255,255,255,255,255,255,254,244,155,56,10,2,2,2,20,164,245,253,252,255,255,255,255,255,255,255,255,255,255,255,254,250,232,131,14,2,8,1,21,163,242,251,253,254,255,255,255,255,255,255,255,255,255,254,252,251,239,139,17,3,14,1,20,160,238,249,253,254,255,255,255,255,255,255,255,255,255,254,253,253,241,139,18,4,4,1,12,121,211,246,253,254,255,255,255,255,255,255,255,255,255,253,252,252,241,141,20,2,1,4,6,25,147,243,252,254,255,255,255,255,255,255,255,255,255,253,249,250,237,138,17,1,1,2,2,20,142,241,252,254,255,255,255,255,255,255,255,254,254,254,251,243,203,102,11,2,0,4,3,39,137,234,251,254,254,254,254,253,253,254,254,251,251,247,238,211,103,17,6,4,1,8,4,9,60,157,241,254,255,255,254,251,250,254,254,254,249,232,100,35,17,9,1,4,0,6,2,4,14,70,224,242,245,249,253,252,252,253,250,246,232,132,43,9,6,4,1,1,0,4,2,3,5,20,133,145,157,217,242,246,246,244,221,153,135,42,9,4,3,2,2,0,0,12,4,0,2,9,17,21,35,136,171,177,176,173,139,27,17,8,2,2,1,2,5,0,0,0,0,0,0,0,4,7,8,2,0,1,3,3,0,2,0,0,0,3,4,4,6,1,0,1
0,0,0,0,0,0,0,0,0,0,0,0,0,0,0,0,0,0,0,0,0,0,0,0,0,0,0,0,0,0,0,0,0,0,0,0,0,0,0,0,0,0,0,0,0,0,0,0,0,0,0,0,0,0,0,0,0,0,0,1,1,1,0,0,0,0,0,0,0,0,0,0,0,0,0,0,1,1,3,4,1,0,2,2,2,1,0,0,0,0,0,0,0,0,0,0,0,9,18,8,5,4,5,3,2,0,1,1,2,1,0,0,0,0,0,0,0,0,0,0,0,61,111,62,19,5,3,4,4,2,3,1,0,0,0,0,0,0,0,0,0,0,0,0,0,141,208,155,72,28,9,5,3,2,3,2,0,1,0,0,0,0,0,0,0,0,0,0,0,187,238,221,156,108,44,16,10,2,2,3,3,2,1,0,0,0,0,0,0,0,0,0,0,177,220,223,233,213,189,106,22,5,4,4,2,2,1,0,1,1,0,1,1,0,0,0,0,30,113,156,220,242,237,196,106,27,15,7,2,2,1,0,3,2,0,3,3,0,0,0,0,6,21,66,151,216,236,232,190,131,92,41,13,4,2,2,4,3,0,0,0,0,0,0,0,1,4,17,61,123,156,204,228,233,213,143,55,24,6,3,4,3,2,2,1,1,0,0,0,1,1,3,9,25,43,110,201,240,244,218,142,100,37,13,7,5,3,4,4,3,0,0,0,1,3,3,3,5,8,34,112,190,217,234,216,194,160,88,37,20,7,3,3,5,0,0,0,1,1,4,3,2,3,11,27,50,84,164,225,236,234,184,113,69,19,4,4,1,0,0,0,0,1,0,2,3,1,2,5,10,22,71,169,210,238,235,205,154,59,18,8,6,0,0,0,0,0,0,1,3,2,2,4,3,4,17,75,152,180,219,237,220,156,75,92,26,5,0,0,0,0,1,1,2,2,2,3,3,3,4,11,19,37,125,206,234,231,205,172,106,13,0,0,0,0,1,2,2,1,0,2,4,2,1,2,1,8,44,129,189,220,234,209,181,22,0,0,0,0,0,1,1,1,0,1,1,0,2,2,1,4,13,51,103,154,193,219,207,19,0,0,0,0,1,0,0,0,0,0,0,1,1,2,2,5,3,11,26,43,90,170,66,12,0,0,0,0,0,0,0,0,0,0,0,0,1,1,0,5,1,2,5,5,15,23,10,2,0,0,0,0,0,0,0,0,0,0,0,0,0,0,0,0,0,0,0,0,0,0,0,0,0,0,0,0,0,0,0,0,0,0,0,0,0,0,0,0,0,0,0,0,0,0,0,0,0,2
0,0,0,0,0,0,0,0,0,0,0,0,0,0,0,0,0,0,0,0,0,0,0,0,0,0,0,2,3,2,1,0,0,0,0,0,0,0,0,0,0,0,0,0,0,0,0,0,0,0,1,6,17,22,15,6,1,0,0,0,0,0,0,0,0,0,0,0,0,0,0,0,0,0,7,32,100,131,95,28,15,6,2,1,0,0,0,0,0,0,0,0,0,0,0,0,0,0,12,133,172,218,160,147,101,35,26,14,5,2,1,0,0,0,1,1,2,2,0,0,0,1,18,135,233,243,245,239,212,156,144,92,35,25,13,4,1,0,0,1,3,7,2,0,0,5,45,153,237,253,253,253,249,246,239,204,153,135,77,29,14,5,3,2,1,2,2,0,0,8,92,206,247,254,253,254,254,254,252,249,243,207,161,147,84,36,27,16,7,3,0,0,0,13,89,207,250,255,255,255,254,254,254,254,252,249,245,238,197,155,144,80,30,13,4,0,0,33,128,221,251,255,255,255,255,255,254,254,254,254,254,252,248,244,235,184,116,50,10,0,0,43,174,242,254,255,255,255,255,255,255,255,255,254,254,254,254,252,248,224,124,33,9,0,0,109,179,247,255,255,255,255,255,255,255,255,255,255,255,255,254,253,250,225,128,27,4,0,0,146,224,250,255,255,255,255,255,255,255,255,255,255,255,255,255,253,245,200,104,20,3,3,0,152,243,253,255,255,255,255,255,255,255,255,255,255,255,255,255,253,238,158,40,7,1,1,0,218,246,253,253,255,255,255,255,255,255,255,255,255,255,255,254,252,233,156,33,2,0,0,0,209,242,249,253,253,254,254,255,255,255,255,255,255,255,255,254,248,207,105,21,1,0,0,0,123,191,225,236,247,252,253,254,254,254,255,255,255,255,255,253,241,183,43,6,0,0,0,0,15,74,122,139,213,231,240,250,253,253,254,254,255,255,255,252,218,98,33,2,0,0,0,0,2,9,14,24,98,131,179,226,238,248,252,253,253,253,254,250,207,54,13,1,0,0,0,0,0,0,1,5,9,20,103,121,152,218,231,241,249,251,251,242,197,51,3,0,0,0,0,0,0,0,0,0,0,4,9,15,33,110,128,171,223,233,241,217,85,20,3,0,0,0,0,0,0,0,0,0,0,0,0,0,5,10,18,53,119,156,201,195,79,13,3,0,0,0,0,0,0,0,0,0,0,0,0,0,0,0,2,7,16,60,113,109,54,11,2,0,0,0,0,0,0,0,0,0,0,0,0,0,0,0,0,0,0,0,4,3,2,2,2,1,0,0,0,3
0,0,0,0,0,0,0,0,0,0,0,0,0,0,0,0,0,0,0,0,0,0,0,0,0,0,0,0,0,0,0,0,0,0,0,2,2,0,1,1,1,1,1,1,0,0,0,0,0,0,0,0,0,1,0,0,2,3,3,3,2,0,1,1,4,0,0,4,0,0,0,0,0,0,0,1,2,3,3,2,3,4,4,3,2,2,3,2,3,2,2,0,2,0,0,0,1,2,2,2,3,4,4,3,3,3,2,2,2,5,8,5,2,1,2,2,2,0,0,0,4,5,2,2,3,4,3,5,9,13,15,13,11,10,9,7,2,1,0,2,3,0,0,0,3,2,3,2,4,5,10,15,57,118,126,108,92,80,44,22,14,6,2,3,3,2,0,0,2,2,3,3,3,11,34,90,158,220,228,208,209,227,196,157,71,21,7,3,2,2,1,0,10,4,2,2,4,25,104,175,207,244,249,249,251,250,243,222,160,62,13,4,1,3,2,0,9,5,2,3,12,80,216,240,246,248,250,251,253,252,250,238,210,119,37,8,2,3,1,0,7,3,2,8,41,178,241,253,253,253,252,253,253,252,252,250,244,205,94,17,5,2,1,0,5,3,7,16,141,222,248,254,254,254,254,254,254,254,254,254,250,223,136,46,11,5,3,0,0,5,8,83,136,221,250,254,254,254,255,255,255,255,255,254,252,240,198,128,55,8,4,6,0,2,7,26,157,235,251,254,255,255,255,255,255,255,255,254,253,250,236,204,110,12,3,5,0,2,3,21,146,234,251,253,254,255,255,255,255,255,255,255,254,253,250,224,125,15,1,0,0,2,3,17,124,222,249,253,254,255,255,255,255,255,255,254,254,252,250,229,138,22,3,0,0,0,2,16,113,215,250,254,255,255,255,255,255,255,255,254,254,253,251,239,185,83,5,1,0,2,3,13,119,221,248,253,254,255,255,255,255,255,255,255,255,254,252,242,189,61,7,3,0,2,5,8,58,169,239,251,253,254,255,255,255,255,255,255,255,254,252,241,175,44,8,3,0,0,2,4,19,125,229,250,253,254,255,255,255,255,255,255,255,254,253,247,215,126,12,2,0,0,0,2,15,112,221,247,250,253,254,255,255,255,255,254,254,254,253,247,208,111,11,4,0,0,0,1,9,85,177,217,242,251,253,254,254,254,254,254,254,254,243,226,155,26,5,0,0,0,0,0,4,15,40,134,209,239,252,253,253,251,243,235,226,224,213,40,19,7,0,0,0,0,0,0,2,6,3,40,156,240,253,253,253,248,249,31,0,0,0,0,0,0,0,0,1
0,0,0,0,0,0,0,0,4,155,234,255,245,100,2,2,0,5,1,0,0,0,0,0,0,0,0,0,0,0,2,3,16,69,214,248,200,36,11,5,2,2,1,0,0,0,0,0,0,0,0,0,0,4,3,5,35,123,208,242,207,116,14,5,3,5,0,0,0,0,0,0,0,0,0,1,0,3,4,5,22,114,238,243,157,128,14,3,2,5,1,0,0,0,0,0,0,0,1,1,1,3,2,2,34,181,208,243,214,67,14,2,1,3,1,2,5,0,0,0,0,0,0,1,2,2,2,5,29,174,235,232,210,73,9,5,2,7,2,1,3,3,0,0,0,0,0,0,0,2,2,6,71,159,229,236,167,26,5,4,1,1,2,3,3,3,0,0,0,0,1,1,1,1,2,8,63,159,240,231,172,18,2,3,5,1,0,1,3,0,0,0,0,1,1,5,3,6,2,8,53,148,244,234,107,16,3,3,6,3,1,0,1,0,0,0,0,0,2,1,7,5,4,6,55,200,245,232,114,24,3,5,6,6,4,0,0,0,0,0,1,0,1,0,4,4,3,24,50,206,249,210,64,14,3,1,1,2,0,0,0,0,0,0,5,4,0,0,1,2,5,11,107,226,244,209,121,10,2,1,0,0,0,0,0,0,0,0,3,3,1,3,2,2,3,18,102,228,246,167,70,11,1,3,4,2,0,0,0,0,0,0,6,1,1,6,2,0,3,22,163,229,244,208,70,6,1,3,3,1,1,0,0,0,0,0,5,0,2,5,2,2,3,25,157,233,240,173,29,6,3,4,2,1,1,0,0,0,0,0,1,0,0,1,6,4,6,57,202,228,239,183,33,6,4,4,4,0,0,1,0,0,0,0,0,1,1,2,3,4,11,47,155,246,238,114,42,5,2,4,3,0,1,0,1,0,0,0,0,1,0,0,3,2,7,108,206,242,232,124,36,7,2,2,5,1,2,3,0,0,0,0,0,0,1,2,1,1,9,37,198,246,207,66,40,7,4,5,5,1,0,3,1,1,0,0,0,0,0,1,0,0,9,100,186,238,215,67,14,5,3,4,2,2,2,2,1,1,0,0,0,0,0,3,1,1,15,94,228,243,175,147,14,4,5,2,0,0,1,1,0,0,0,0,0,0,0,0,1,1,18,162,233,246,192,72,13,2,5,5,2,0,0,0,0,0,0,0,0,0,0,0,0,5,22,157,235,248,226,83,7,3,6,5,4,3,0,0,0,0,0,0,0,0,0,0,0,0,28,150,234,253,204,19,2,2,3,0,0,0,0,0,0,0,0,0,2
0,0,0,0,0,0,0,4,2,2,7,12,3,6,6,0,8,7,5,3,1,0,0,0,5,4,4,4,5,1,2,3,6,6,1,2,3,3,2,2,1,2,7,4,2,3,1,0,0,1,2,1,1,1,9,17,27,28,28,19,12,3,0,0,1,4,3,5,4,1,0,0,0,3,3,3,5,12,26,182,197,196,195,189,73,26,15,5,3,1,2,4,3,1,1,0,5,6,15,25,27,40,155,235,249,250,249,243,209,187,115,21,7,6,4,2,1,1,4,0,1,22,96,184,189,198,229,250,251,249,253,253,251,245,212,137,23,10,6,3,2,3,1,0,1,117,207,242,248,250,252,254,252,251,253,254,253,252,245,191,154,42,21,11,5,2,0,0,140,202,244,252,254,254,254,255,254,254,254,255,254,254,250,233,234,221,153,48,5,1,1,2,1,191,249,254,255,255,255,255,255,255,255,255,255,255,253,250,250,247,228,77,8,1,1,2,165,221,249,253,255,255,255,255,255,255,255,255,255,255,254,252,252,253,233,80,10,2,1,3,253,246,250,253,254,255,255,255,255,255,255,255,255,255,254,253,253,252,232,79,8,4,5,2,253,252,252,253,253,255,255,255,255,255,255,255,255,255,255,254,253,248,226,74,7,4,7,2,255,253,253,253,254,255,255,255,255,255,255,255,255,255,255,254,253,233,150,47,6,2,4,3,252,248,252,254,255,255,255,255,255,255,255,255,255,255,253,253,252,216,56,14,6,3,1,3,147,217,248,254,255,255,255,255,255,255,255,255,255,255,253,252,248,208,45,7,4,3,1,5,11,183,247,254,254,255,255,255,255,255,254,254,255,255,254,253,230,157,38,7,3,2,2,1,2,165,233,247,252,253,254,254,254,252,252,254,254,255,254,251,233,131,13,3,6,4,3,5,0,27,132,208,244,251,251,254,254,251,251,253,252,250,247,241,202,30,6,4,2,3,4,2,0,15,22,110,200,241,250,249,250,249,247,244,233,197,183,177,106,15,2,2,3,5,5,3,0,1,9,18,87,176,193,225,197,189,188,186,163,56,29,21,13,8,1,3,10,6,1,0,0,0,6,9,13,20,45,157,35,26,26,25,19,17,9,4,3,1,4,1,2,2,1,2,0,2,2,7,8,5,10,9,9,5,6,4,3,2,3,4,3,4,2,1,4,5,3,0,0,0,3,2,1,2,4,2,6,3,2,4,6,5,5,3,2,2,7,5,2,0,1,2,0,0,0,0,3,6,1,10,1,4,4,0,1,7,2,3,3,0,0,0,0,0,0,0,1
0,0,0,0,0,0,0,0,0,0,0,5,5,0,19,0,9,1,0,0,0,0,0,0,0,0,0,0,0,0,0,1,4,5,5,1,4,1,1,2,4,2,2,2,0,0,0,0,0,0,0,0,0,5,4,5,2,2,9,12,10,12,6,6,9,1,0,0,0,0,0,0,0,0,0,0,1,6,1,5,11,21,28,31,206,32,20,11,11,3,6,0,0,0,0,0,0,1,0,1,9,1,17,20,39,199,62,226,235,225,49,196,30,5,2,1,4,0,0,0,1,1,6,5,1,11,33,216,235,233,245,246,253,245,241,226,51,24,13,1,6,1,0,0,0,1,1,1,2,20,214,245,254,254,254,255,255,254,254,244,232,212,31,11,10,1,3,0,0,5,13,15,20,49,234,254,248,254,253,253,255,254,250,254,254,244,215,20,4,1,1,0,2,3,10,11,196,225,243,253,254,253,255,255,255,254,254,254,254,250,234,39,11,1,0,0,4,1,9,20,49,244,254,254,255,255,255,255,255,255,255,254,250,250,241,215,19,0,1,0,6,5,11,30,223,244,249,254,255,255,255,255,255,255,255,254,253,253,250,225,30,0,0,6,0,2,23,207,235,253,254,254,255,255,255,255,255,255,255,255,254,252,238,215,21,7,1,0,4,2,19,31,226,245,254,255,255,255,255,255,255,255,255,255,254,254,241,52,24,8,4,5,0,5,3,22,60,241,252,254,255,255,255,255,255,255,255,255,255,251,234,202,10,1,2,10,8,1,5,18,202,232,254,254,252,255,255,255,255,255,255,255,255,255,244,49,20,1,5,11,8,1,1,10,39,235,254,251,253,254,255,255,255,255,252,254,254,245,226,194,10,1,1,0,0,3,6,1,20,216,244,248,251,254,255,255,254,254,254,247,254,235,49,25,10,0,6,7,0,1,10,1,11,33,212,231,241,252,255,255,254,255,254,254,245,213,20,2,3,1,1,0,0,0,4,1,1,10,19,48,225,245,245,253,245,244,234,235,216,32,10,1,4,8,5,0,0,0,0,0,3,0,0,22,195,50,225,236,226,59,198,39,20,16,1,9,1,1,5,0,0,0,0,2,2,3,2,10,10,21,39,207,37,25,16,10,5,1,5,1,0,0,0,0,0,0,0,0,3,0,1,4,0,1,16,11,13,6,1,1,3,3,4,0,0,0,0,0,0,0,0,0,0,0,1,6,1,1,1,4,2,1,5,1,0,0,0,0,0,0,0,0,0,0,0,0,0,1,0,6,0,15,0,0,5,5,0,0,0,0,0,0,0,0,0,0,1
0,0,0,0,0,0,0,0,0,4,6,0,0,0,0,0,0,0,0,0,0,0,0,0,0,0,0,0,0,0,0,1,3,9,14,19,60,33,20,43,23,5,2,1,0,0,0,0,0,1,0,0,0,0,2,8,16,64,115,119,163,116,89,162,93,33,18,10,3,0,0,0,0,3,3,1,3,9,11,39,115,176,227,230,232,221,212,232,202,157,116,51,9,0,0,0,0,2,2,1,6,8,29,135,211,244,249,250,251,251,252,251,248,240,206,98,14,1,0,0,0,2,2,2,7,17,59,222,248,252,252,250,252,253,254,255,254,251,226,123,27,7,1,0,0,1,2,2,11,48,151,240,252,253,253,254,254,254,255,255,252,251,245,217,134,40,5,0,0,1,1,5,19,131,219,246,252,253,254,255,255,255,255,255,254,252,252,246,214,93,10,0,0,1,3,5,19,110,221,249,253,254,255,255,255,255,255,255,255,254,253,250,230,131,27,0,0,1,1,2,14,81,212,250,253,254,255,255,255,255,255,255,255,255,254,251,245,212,88,0,0,1,2,4,15,107,212,247,252,254,255,255,255,255,255,255,255,255,254,253,249,221,103,0,0,0,3,3,14,85,203,247,253,254,255,255,255,255,255,255,255,255,254,253,248,223,112,0,0,0,3,4,9,75,195,246,253,252,253,255,255,255,255,255,255,255,254,253,243,196,90,0,0,0,2,3,5,53,162,234,250,253,254,255,255,255,255,254,254,254,254,253,242,139,38,0,0,0,0,1,3,13,79,194,244,250,253,255,255,255,254,254,254,254,252,251,242,201,85,2,0,0,0,1,0,6,53,154,211,238,251,254,254,254,254,254,252,251,253,253,237,123,34,2,0,0,0,0,1,3,21,66,123,205,246,253,254,254,254,253,251,249,250,244,195,49,7,2,0,0,0,0,1,2,4,10,54,163,226,239,243,245,244,244,245,241,214,186,99,17,1,0,0,0,0,0,1,1,1,3,19,57,88,129,204,158,159,189,174,169,116,62,27,7,0,2,0,0,0,0,0,1,3,4,7,7,13,34,97,50,45,89,47,42,27,8,3,1,0,0,0,0,0,0,0,1,2,4,4,2,3,8,13,11,11,13,6,6,5,1,0,0,0,0,0,0,0,0,0,1,1,4,3,3,2,1,3,1,1,0,0,0,0,0,0,0,0,0,0,0,0,0,0,0,0,0,0,0,0,0,0,0,0,0,0,0,0,0,0,0,0,0,0,0,0,0,0,0,0,0,0,0,0,0,0,0,0,0,0,0,0,0,0,0,0,0,1
0,0,0,0,0,0,0,0,0,0,0,0,0,0,0,0,0,0,0,0,0,0,0,0,0,0,0,2,10,19,25,21,14,6,2,0,0,0,0,0,0,0,0,0,0,0,0,0,0,0,0,3,60,154,206,189,101,54,9,3,4,5,0,0,0,0,0,0,0,0,0,0,0,0,0,3,26,96,188,231,197,116,36,7,4,4,0,0,3,3,1,0,0,0,0,0,0,0,0,1,6,31,113,221,234,198,114,18,5,3,1,2,1,1,2,1,0,0,0,0,0,0,0,0,2,11,59,166,229,236,182,55,13,4,1,4,3,1,1,1,0,0,0,0,0,0,0,1,2,3,36,128,208,243,211,95,26,5,2,1,4,1,0,0,0,0,0,0,0,0,0,2,2,3,10,54,142,220,230,168,80,20,5,3,2,1,0,0,0,0,0,0,0,0,1,1,2,3,4,11,54,146,233,228,170,75,13,2,2,1,1,1,0,0,0,0,0,0,0,0,1,3,4,5,12,64,203,239,228,168,27,4,1,2,1,1,0,0,0,0,0,0,0,0,1,3,1,2,7,39,152,223,242,209,69,16,3,2,1,0,2,0,0,0,0,0,2,2,0,2,3,2,5,21,94,184,233,209,121,46,11,3,2,3,3,1,0,0,0,2,2,2,2,2,2,2,5,7,28,95,184,232,206,124,46,10,6,5,3,0,0,0,0,0,1,2,1,0,0,1,4,5,7,29,96,225,241,205,128,41,6,4,3,0,0,0,0,0,0,0,0,0,2,3,3,4,3,10,50,178,235,239,185,72,10,4,3,0,0,0,0,0,0,0,0,0,1,1,0,1,1,3,20,140,216,241,200,96,25,6,4,0,0,0,0,0,0,0,0,0,0,0,0,1,2,1,9,56,148,216,225,168,81,20,6,0,0,0,0,0,0,0,0,0,0,0,0,1,2,2,3,11,60,146,219,223,167,82,14,0,0,0,0,0,0,0,0,0,0,0,0,1,1,3,1,5,16,67,170,237,226,165,30,4,0,0,0,0,0,0,0,0,0,0,0,0,1,4,3,3,7,45,151,228,243,214,92,5,0,0,0,0,0,0,0,0,0,0,1,0,1,2,2,1,4,16,91,196,240,226,47,5,0,0,0,0,0,0,0,0,0,0,1,2,2,1,3,1,3,9,41,121,201,214,37,1,0,0,0,0,0,0,0,0,0,0,1,4,3,1,3,3,2,5,10,44,121,176,30,1,0,0,0,0,0,0,0,0,0,0,0,0,0,0,0,4,5,7,3,1,32,121,6,0,0,0,2
0,0,0,0,0,0,0,0,0,0,0,0,0,0,1,1,0,0,0,0,0,0,0,0,0,0,0,0,0,0,0,0,0,0,0,0,0,0,3,5,5,4,0,0,0,0,0,0,0,0,0,0,1,0,0,0,0,0,0,0,0,0,2,1,1,1,0,0,0,0,0,0,0,0,0,2,2,2,0,0,0,0,0,0,1,1,0,2,1,1,1,0,1,0,0,0,0,0,0,5,4,4,1,1,0,1,0,1,1,1,1,1,4,6,2,6,3,7,1,0,0,0,0,2,1,1,2,0,3,2,0,2,2,1,3,6,1,1,2,3,4,2,4,7,0,0,0,0,0,1,1,2,5,5,3,1,3,2,1,3,1,3,5,4,7,9,8,2,0,1,1,4,3,4,4,4,5,7,3,1,3,1,3,5,8,6,11,17,20,66,67,54,5,3,2,6,3,1,6,3,2,2,5,5,7,7,9,50,22,70,76,80,151,162,165,170,0,2,2,4,4,3,8,10,14,12,22,48,54,57,65,77,162,167,214,176,221,228,241,254,2,1,4,7,16,17,26,65,63,154,71,163,172,174,221,224,228,231,238,242,229,231,225,238,1,16,27,70,78,150,162,168,175,182,235,240,245,239,243,242,233,228,178,173,209,162,155,60,63,152,161,208,172,178,228,233,242,243,239,245,240,235,182,175,168,162,150,78,71,26,17,2,239,225,231,228,241,237,231,228,224,221,174,172,163,71,154,63,65,26,17,16,7,4,1,6,254,241,230,222,176,213,167,162,77,65,57,54,48,22,12,14,10,8,3,4,4,2,2,0,174,167,164,154,81,76,70,22,50,9,7,7,5,5,2,2,3,6,1,3,6,2,3,5,56,68,69,20,17,11,6,8,5,3,1,3,1,3,7,5,4,4,4,3,4,1,1,0,3,9,7,5,4,5,3,1,3,1,2,3,1,3,5,5,2,1,1,0,0,0,0,0,0,2,2,4,2,2,1,1,6,3,1,2,2,0,2,3,0,2,1,1,2,0,0,0,0,0,7,4,6,2,6,4,1,1,1,1,1,0,1,0,1,1,4,4,5,0,0,0,0,0,0,1,0,1,1,1,2,0,1,1,0,0,0,0,0,0,2,2,2,0,0,0,0,0,0,0,0,0,1,1,1,2,0,0,0,0,0,0,0,0,0,1,0,0,0,0,0,0,0,0,0,0,4,5,5,3,0,0,0,0,0,0,0,0,0,0,0,0,0,0,0,0,0,0,0,0,0,0,1,1,0,0,0,0,0,0,0,0,0,0,0,0,0,0,2
0,0,0,0,0,0,0,0,0,0,0,0,0,0,0,0,0,0,0,0,0,0,0,0,0,0,0,0,0,0,0,0,0,0,0,0,0,0,0,0,0,0,0,0,0,0,0,0,0,0,0,0,0,0,0,0,0,0,0,0,1,1,0,0,0,0,0,0,0,0,0,0,0,0,0,0,0,0,0,0,0,0,0,0,1,3,3,2,0,1,2,0,0,0,0,0,0,0,0,0,0,0,0,0,0,0,0,0,0,1,1,0,0,1,3,4,2,1,0,0,0,0,0,1,0,0,0,0,0,0,0,0,0,1,3,5,1,5,2,3,4,2,1,0,0,0,0,1,2,0,0,0,0,0,0,1,0,1,3,3,2,2,5,5,12,31,7,0,0,0,0,2,3,2,1,0,1,1,0,2,1,2,3,3,5,11,15,43,77,120,15,0,0,0,0,2,2,2,0,0,2,4,3,2,2,2,5,13,42,51,83,124,157,190,23,0,0,0,0,0,1,2,2,1,3,5,3,3,7,9,18,58,136,152,205,229,231,197,23,0,0,0,0,0,2,3,3,2,4,2,3,11,52,85,78,150,201,221,233,228,209,139,17,0,0,0,1,1,3,4,3,5,9,13,18,60,143,197,204,226,233,217,166,133,134,61,8,0,0,2,2,1,3,6,16,32,51,84,91,155,219,243,241,224,206,146,69,34,42,16,2,0,0,1,2,2,6,23,57,95,156,207,194,220,230,222,203,142,107,58,19,8,5,4,0,0,0,4,13,27,35,85,141,172,223,238,236,209,160,142,65,23,20,12,6,4,1,3,0,0,0,29,84,148,154,193,220,229,232,208,195,135,67,51,12,3,3,3,3,2,4,2,1,0,0,115,186,207,233,235,229,208,157,119,95,48,12,6,3,1,3,4,3,2,4,0,0,0,0,188,233,239,236,204,161,121,57,35,16,8,3,2,2,2,3,4,2,0,0,1,0,0,0,202,202,204,187,114,55,36,14,5,3,4,3,3,2,0,1,2,1,0,1,2,0,0,0,87,106,104,49,30,12,6,3,2,1,3,4,2,0,1,0,0,0,0,0,0,0,0,0,8,16,21,10,5,3,4,3,2,3,2,2,0,0,0,0,0,0,0,0,0,0,0,0,0,1,1,1,0,3,5,2,1,2,0,0,0,0,0,0,0,0,0,0,0,0,0,0,0,0,0,0,0,1,2,0,0,0,1,1,2,1,0,0,0,0,0,0,0,0,0,0,0,0,0,0,0,0,0,0,0,0,5,1,7,2,0,0,0,0,0,0,0,0,0,2
0,0,0,0,0,0,3,2,1,1,1,1,1,1,1,1,1,0,0,2,2,0,0,0,1,2,2,3,10,2,0,0,0,0,0,0,0,0,0,0,0,2,5,3,2,3,0,0,5,2,0,2,3,1,4,2,1,1,1,1,1,1,1,1,8,13,21,20,13,6,6,0,3,1,2,3,1,12,14,19,19,19,19,19,19,19,19,19,29,142,152,146,87,11,4,0,1,4,6,10,18,31,142,152,152,152,152,152,152,152,152,152,161,234,240,230,137,16,3,0,4,3,7,47,140,162,233,244,244,244,244,244,244,244,244,244,247,250,251,243,153,28,10,0,3,3,6,64,213,236,250,254,255,255,255,255,255,255,255,255,255,253,253,249,231,133,12,3,0,0,5,19,88,237,251,254,254,254,254,254,254,254,254,254,254,255,255,254,242,143,18,0,0,0,1,9,78,230,254,254,255,255,255,255,255,255,255,255,255,255,255,255,242,143,18,0,0,0,0,8,79,231,254,255,255,255,255,255,255,255,255,255,255,255,255,255,242,143,18,0,0,0,0,8,79,231,255,255,255,255,255,255,255,255,255,255,255,255,255,255,242,143,18,0,0,0,0,8,79,231,255,255,255,255,255,255,255,255,255,255,255,255,255,255,242,143,18,0,0,0,0,8,79,231,255,255,255,255,255,255,255,255,255,255,255,255,255,255,242,143,18,0,0,0,0,8,79,231,255,255,255,255,255,255,255,255,255,255,255,255,255,255,242,143,18,0,0,0,0,8,79,231,255,255,255,255,255,255,255,255,255,255,255,255,255,254,242,143,18,0,0,0,0,8,79,231,254,255,255,255,255,255,255,255,255,255,255,254,253,254,241,142,18,3,0,0,0,8,79,231,254,254,254,254,254,254,254,254,254,254,254,255,254,251,243,152,28,6,0,0,1,6,69,220,244,251,253,254,255,255,255,255,255,255,255,251,247,243,236,221,128,1,0,0,0,5,19,88,234,243,243,244,244,244,244,244,244,244,244,234,161,152,152,146,87,1,0,5,3,3,8,74,213,162,152,152,152,152,152,152,152,152,152,142,29,19,21,20,13,3,0,7,4,3,7,47,131,31,20,19,19,19,19,19,19,19,19,13,8,2,5,3,2,3,0,0,1,4,6,10,12,12,4,2,1,1,1,1,1,1,1,1,0,0,1,2,2,0,0,0,2,1,2,3,1,1,1,0,0,0,0,0,0,0,0,0,1,2,2,7,7,1,0,0,5,3,0,1,3,2,3,2,1,1,1,1,1,1,1,1,0,0,0,0,0,0,3
0,0,0,0,0,0,0,4,3,0,1,9,3,0,0,0,0,0,0,0,0,0,0,0,0,0,0,0,0,0,2,0,1,5,9,2,1,0,0,0,0,0,0,0,0,0,0,0,0,0,0,0,0,3,6,12,20,18,8,1,6,3,0,0,0,0,0,0,0,0,0,0,0,0,0,1,2,5,12,99,173,146,27,9,2,1,0,0,0,0,0,0,0,0,0,0,0,0,0,0,1,1,19,140,233,221,148,26,3,1,0,0,0,0,0,0,0,0,0,0,0,0,0,0,2,9,30,201,240,236,208,47,9,1,0,0,0,0,0,0,0,0,0,0,0,0,0,1,2,14,125,231,248,248,234,167,57,13,2,0,0,3,1,0,2,3,1,0,0,0,0,0,1,20,168,229,253,253,250,240,217,73,13,3,1,5,4,1,2,3,2,0,0,0,1,3,8,39,163,245,251,250,250,253,244,180,77,14,5,3,2,1,2,2,1,1,6,2,1,4,43,146,225,247,252,251,252,253,250,241,174,79,10,0,1,4,3,1,2,1,5,1,3,12,74,213,239,252,254,254,254,253,253,251,232,138,25,11,5,4,3,1,2,2,0,1,7,58,151,230,247,252,254,255,255,254,251,253,248,197,113,92,20,3,3,2,1,2,0,3,16,104,220,245,249,252,254,255,255,254,251,253,251,243,211,190,40,8,5,3,0,2,3,9,72,168,239,252,250,252,253,254,254,253,252,252,253,249,242,223,114,35,8,4,2,2,4,20,138,232,249,252,253,253,254,254,254,253,250,253,254,250,246,238,211,117,41,7,2,0,4,88,188,247,253,254,251,254,254,253,253,253,253,253,253,253,252,247,229,212,104,22,8,2,81,187,242,251,254,254,252,254,254,254,253,253,253,252,252,252,250,245,245,238,208,123,43,1,0,204,240,250,252,251,253,250,243,241,242,243,243,242,242,242,232,181,180,179,165,150,87,2,0,209,227,231,236,236,237,229,175,167,169,170,170,169,169,170,159,32,24,23,23,19,14,5,0,141,161,159,159,161,162,155,30,21,21,22,21,21,21,23,16,8,0,2,4,5,4,4,0,13,20,20,21,21,21,14,8,1,1,1,1,1,2,2,1,1,2,0,2,5,7,6,0,1,3,1,2,4,2,2,0,0,0,0,0,0,0,4,4,2,0,0,4,3,1,2,0,4,6,3,0,0,0,0,1,1,1,1,1,1,2,1,1,0,1,1,3,2,0,1,0,1,0,2,2,1,2,1,0,1,1,1,0,0,0,2,2,0,0,0,0,0,0,0,0
0,0,0,4,1,0,0,0,0,0,0,0,0,0,0,0,0,0,0,0,0,0,0,0,0,0,0,5,7,10,10,10,9,8,8,5,3,3,0,0,0,0,0,0,0,0,0,0,0,0,6,16,87,79,89,92,63,85,69,30,12,3,1,3,2,1,0,0,0,0,0,0,0,6,15,43,143,201,217,214,188,214,210,137,69,39,10,2,1,2,2,1,0,0,0,0,0,67,97,152,172,243,250,248,249,248,245,232,212,178,50,13,6,2,2,1,0,1,0,0,0,152,218,228,230,249,254,253,254,253,250,251,248,226,132,75,37,10,0,0,1,1,0,0,0,170,242,249,250,252,254,254,254,254,253,252,253,247,230,210,153,23,6,1,2,2,0,0,0,174,247,252,252,254,254,255,255,255,254,254,254,253,252,248,224,94,11,1,3,3,0,0,243,230,246,253,254,254,255,255,255,255,255,255,255,255,254,253,242,168,36,4,5,5,4,0,119,185,237,252,254,255,255,255,255,255,255,255,255,255,254,254,248,213,72,12,4,3,3,0,63,139,226,251,253,254,255,255,255,255,255,255,255,254,254,253,251,232,160,49,6,2,2,0,0,181,235,250,252,253,255,255,255,255,255,255,255,254,253,252,250,239,142,67,12,1,1,0,0,112,197,239,251,254,255,255,255,255,255,255,255,254,254,252,252,241,154,39,6,1,1,0,0,31,104,193,244,252,253,254,254,254,255,255,255,254,253,251,247,238,163,41,4,1,2,0,0,6,27,112,212,234,247,252,253,252,253,254,253,254,253,250,228,186,118,32,5,4,2,0,0,2,8,39,106,153,215,246,250,250,252,253,252,253,253,250,217,91,31,11,5,3,0,0,0,2,4,9,19,49,133,215,229,240,247,246,246,244,239,221,197,40,9,4,2,2,1,0,0,2,2,2,5,12,40,108,129,172,221,202,174,186,154,68,48,22,6,3,1,2,2,0,0,1,2,3,4,5,8,14,20,53,122,102,44,57,48,15,12,7,3,2,2,2,1,0,0,0,0,2,4,3,3,3,5,9,12,12,9,7,7,7,3,2,2,1,2,1,0,0,0,0,0,0,1,0,1,2,3,3,4,3,3,5,4,1,1,2,2,2,2,2,0,0,0,0,0,0,0,0,0,0,1,0,3,2,3,2,1,1,2,2,1,0,2,0,0,0,0,0,0,0,0,0,0,0,0,0,0,0,0,3,0,0,2,4,2,1,3,1,0,0,0,0,0,0,0,0,0,0,0,0,0,0,0,0,0,0,0,0,0,0,0,0,0,0,1
0,0,0,0,0,0,0,0,0,0,0,3,6,2,3,23,107,203,248,214,108,5,0,0,0,0,0,0,0,0,2,2,1,2,2,2,4,6,22,78,170,230,238,158,40,5,0,0,0,0,0,0,0,0,1,2,1,3,3,2,4,8,47,137,217,245,229,143,21,2,0,0,0,0,0,0,0,0,0,1,2,3,2,3,4,11,54,150,227,246,225,141,19,1,1,0,0,0,0,0,0,0,0,0,1,2,3,3,4,15,88,182,236,237,191,89,15,0,1,0,0,0,0,0,0,0,0,0,0,2,3,3,5,32,138,221,238,207,126,31,6,0,0,0,0,0,0,0,0,0,0,1,1,2,3,5,18,71,183,238,223,151,52,7,1,2,0,0,0,0,0,0,0,0,0,1,2,2,2,9,47,129,214,230,178,78,12,3,2,2,0,0,0,0,0,0,0,0,0,1,2,2,3,25,95,185,228,200,112,28,5,1,3,2,1,2,0,0,0,0,1,1,0,0,2,2,5,40,125,207,232,182,84,14,3,3,4,0,1,0,0,0,0,0,1,3,2,2,2,2,14,61,147,218,231,157,58,8,3,3,4,0,0,0,0,0,0,1,0,0,3,5,4,7,39,116,198,236,215,98,22,6,1,2,2,0,0,0,0,1,2,3,0,0,3,4,4,22,87,179,232,231,171,52,10,4,1,3,0,2,1,0,0,3,3,2,1,0,3,3,6,43,151,222,235,193,104,25,6,3,2,3,0,3,2,0,0,4,2,0,2,1,2,4,11,75,200,237,214,135,49,10,4,3,4,0,1,3,2,0,0,0,1,1,4,2,3,4,16,87,196,239,204,117,32,5,4,6,1,0,1,2,1,0,0,0,0,1,3,2,2,7,32,118,207,229,169,73,16,2,3,5,3,0,0,0,0,0,0,0,0,0,3,3,5,13,88,187,226,192,101,29,5,1,0,1,2,0,0,0,0,0,0,0,0,1,3,4,11,61,161,227,223,130,40,6,2,2,0,0,0,0,0,0,0,0,0,0,0,1,2,7,39,132,216,241,198,62,10,2,2,1,1,0,0,0,0,0,0,0,0,0,1,1,1,15,89,193,242,237,163,32,8,3,3,2,1,0,0,0,0,0,0,0,0,0,0,0,1,12,84,193,241,230,155,28,3,4,3,1,0,0,0,0,0,0,0,0,0,0,0,0,2,20,118,221,233,180,79,14,3,2,3,0,0,0,0,0,0,0,0,0,0,0,0,0,0,33,163,250,237,0,0,0,0,0,0,0,0,0,0,0,0,0,0,0,2
0,0,0,0,0,0,0,0,0,0,0,0,0,0,0,0,0,0,0,0,0,0,0,0,0,0,0,0,0,2,4,4,4,4,3,2,3,2,0,0,0,0,0,0,0,0,0,0,0,0,0,0,1,4,4,3,1,2,1,3,3,3,3,2,3,1,0,0,0,0,0,0,0,0,0,0,1,2,1,3,0,0,1,3,4,4,4,2,3,1,1,0,0,0,0,0,0,0,0,1,1,2,2,5,7,13,23,30,40,32,11,7,5,2,2,2,1,0,0,0,0,0,1,2,3,6,11,29,70,111,136,160,180,127,67,29,9,3,1,2,3,2,0,0,0,0,1,5,11,29,52,112,197,229,234,239,242,230,148,95,43,11,3,2,2,2,0,0,0,0,2,18,65,111,162,224,245,251,251,251,252,249,242,225,120,42,13,5,3,1,0,0,0,1,8,61,176,193,232,245,253,253,253,253,250,251,253,245,201,142,50,24,5,2,0,0,8,6,27,114,215,246,248,251,253,254,254,253,251,251,253,252,242,222,163,38,8,1,0,0,7,17,76,173,243,250,252,253,254,255,255,254,253,254,254,253,253,244,202,79,12,3,0,0,1,28,123,217,247,251,253,254,255,255,255,255,255,254,254,254,254,251,234,105,22,5,0,0,4,31,125,223,252,253,254,255,255,255,255,255,255,255,255,255,254,253,240,175,71,5,0,0,3,37,138,242,253,253,254,255,255,255,255,255,255,255,255,255,254,250,237,155,28,5,0,0,10,105,227,249,252,253,254,255,255,255,255,255,255,255,255,254,252,247,205,165,24,0,0,0,8,88,229,250,253,254,255,255,255,255,255,255,255,255,253,252,252,245,224,169,21,0,0,0,3,66,200,241,253,254,255,255,255,255,255,255,255,255,254,252,251,241,189,103,13,0,0,0,4,44,161,230,250,253,254,254,255,255,255,255,255,255,253,252,249,217,114,22,4,0,0,0,1,22,100,188,226,248,253,253,253,254,254,254,255,254,251,241,229,180,41,5,0,0,0,0,0,5,25,58,153,235,250,251,252,252,254,253,254,252,242,201,167,87,17,1,0,0,0,0,0,0,3,39,152,220,243,248,251,252,251,250,250,246,205,108,59,23,5,0,0,0,0,0,0,0,1,8,23,133,179,229,233,216,207,210,203,195,146,53,11,3,0,0,0,0,0,0,0,0,0,0,5,12,31,196,38,28,27,26,26,23,16,8,2,0,0,0,0,0,0,0,0,0,0,0,0,0,0,0,0,0,0,0,0,0,0,0,0,0,0,0,0,0,0,0,1
0,0,0,0,0,0,0,0,0,0,0,0,0,0,0,0,0,0,0,0,0,0,0,0,0,0,0,0,0,0,0,1,2,2,2,0,0,0,0,0,0,0,0,0,0,0,0,0,0,1,2,4,3,3,3,1,1,2,3,4,4,2,2,2,1,3,3,3,2,0,0,0,2,2,1,1,2,2,1,3,7,9,12,13,11,9,9,6,2,2,2,3,5,3,0,0,1,5,3,1,2,3,4,13,44,83,95,93,87,79,65,50,23,5,1,3,4,5,0,0,1,4,2,2,7,15,26,59,135,206,226,222,215,203,196,179,84,21,5,2,2,2,0,0,4,5,2,5,24,71,121,171,236,247,251,251,250,249,248,241,189,76,10,4,2,0,0,0,6,5,7,21,82,174,235,245,251,254,252,249,252,254,252,251,235,113,20,7,4,1,0,0,2,2,14,76,170,235,250,254,254,254,253,252,253,254,253,253,243,180,82,21,11,3,0,0,2,2,10,57,169,245,253,254,255,255,254,254,254,254,254,254,250,240,219,145,53,7,0,0,1,3,20,92,190,246,253,255,255,255,255,255,255,255,255,254,253,250,244,212,108,11,0,0,2,3,37,157,236,249,253,255,255,255,255,255,255,255,255,254,253,252,249,215,107,15,0,0,1,4,42,164,241,251,253,254,255,255,255,255,255,255,255,255,254,252,248,211,98,11,0,0,0,5,41,165,244,252,251,253,255,255,255,255,255,255,255,255,254,253,247,204,88,9,0,0,8,4,38,157,234,248,253,254,255,255,255,255,255,255,255,254,252,253,236,171,67,9,0,0,1,8,17,71,160,224,249,254,255,255,255,255,255,255,255,255,253,252,244,180,66,10,0,0,0,3,7,20,75,184,247,254,254,254,255,255,255,255,255,255,254,253,244,178,60,7,0,0,0,0,2,8,56,172,244,253,252,253,254,254,254,254,254,254,253,247,221,149,47,9,0,0,0,0,3,8,46,150,229,248,252,252,253,251,251,252,249,246,240,211,140,58,17,5,0,0,0,1,2,5,20,66,160,225,230,241,250,250,250,246,218,169,160,116,49,14,5,3,0,0,0,2,2,2,5,19,65,150,124,182,218,225,227,220,149,40,25,20,9,4,2,8,0,0,0,0,1,2,1,5,17,42,31,70,98,110,118,120,80,15,8,4,3,2,1,1,0,0,0,0,0,0,0,0,2,2,4,6,10,12,13,12,8,4,1,0,0,0,0,0,0,0,0,0,0,0,0,0,0,0,0,0,0,0,0,0,0,0,0,0,0,0,0,0,0,0,1
0,0,0,0,0,0,0,0,0,0,0,0,0,0,0,0,0,0,0,0,0,0,0,0,0,0,0,0,0,0,0,0,0,0,0,0,0,0,0,0,0,0,1,0,0,0,0,0,0,0,0,0,0,1,1,1,0,0,0,0,0,0,0,0,0,1,1,0,0,0,0,0,0,0,0,0,1,2,4,1,0,0,0,0,0,0,0,0,0,1,1,0,0,0,0,0,0,0,0,0,1,0,2,1,0,0,0,0,0,0,0,0,1,2,2,0,0,0,0,0,0,2,3,2,2,2,0,0,0,0,0,0,0,0,0,1,2,2,2,1,0,0,0,0,1,5,5,5,2,2,4,1,0,1,0,0,2,1,0,1,2,1,1,1,0,0,0,0,0,3,5,4,3,1,5,3,1,3,0,1,3,2,1,2,3,2,1,0,0,0,0,0,0,24,15,15,8,5,4,2,1,2,1,3,5,3,2,3,3,3,2,1,1,1,0,0,0,90,143,88,76,22,20,17,11,7,4,5,5,5,5,3,2,3,3,2,2,1,1,0,0,205,203,188,182,165,115,115,75,47,41,24,22,32,19,13,8,7,4,2,2,1,1,0,0,194,216,230,228,223,214,212,200,161,151,105,107,97,65,54,63,46,26,16,7,3,1,0,0,87,119,161,179,209,212,204,220,230,230,218,212,184,170,155,147,112,98,88,58,28,6,0,0,9,26,43,62,101,106,132,172,168,161,213,217,232,231,228,217,208,197,188,149,132,16,0,0,3,3,6,10,16,19,30,46,53,96,118,125,148,196,198,213,231,233,232,227,205,23,0,0,2,3,3,2,3,4,5,5,8,11,14,20,40,74,66,105,148,181,208,225,181,23,0,0,0,0,4,2,2,3,4,3,1,1,1,3,8,7,12,16,19,25,65,82,127,14,0,0,0,0,1,1,0,1,3,2,1,1,2,2,4,2,2,4,3,5,7,11,9,6,0,0,0,0,0,2,1,0,2,0,0,1,1,1,5,4,2,4,5,5,3,3,0,0,0,0,0,0,0,1,0,0,0,0,0,1,0,1,2,2,1,1,5,4,2,2,0,0,0,0,0,0,0,0,0,0,0,0,0,0,0,1,1,2,2,1,1,0,0,0,0,0,0,0,0,0,0,0,0,0,0,0,0,0,0,1,2,2,0,0,0,0,0,0,0,0,0,0,0,0,0,0,0,0,0,0,0,0,0,0,0,0,0,0,0,0,0,0,0,0,0,0,0,0,0,0,0,0,0,0,0,0,0,0,0,0,0,0,0,0,0,0,0,0,0,2
0,0,0,0,0,0,0,0,0,1,0,2,0,0,0,0,0,0,0,0,0,0,0,0,0,0,0,0,0,1,4,0,1,3,2,0,1,0,0,0,0,0,0,0,0,0,0,0,0,0,0,0,2,5,6,1,1,0,1,2,3,1,0,0,0,0,0,0,0,0,0,0,0,0,0,0,0,3,3,10,11,17,19,14,2,0,0,0,0,0,0,0,0,0,0,0,0,0,0,0,0,0,1,3,25,183,184,39,7,2,0,0,0,0,0,0,0,0,0,0,0,0,0,0,0,3,3,15,65,233,234,62,17,4,1,0,0,0,0,1,3,0,0,0,0,0,0,0,0,0,5,53,197,244,241,210,72,25,13,3,2,2,0,5,0,1,0,0,0,0,0,0,0,1,7,68,226,235,253,245,234,219,83,15,3,0,3,1,1,0,1,0,0,0,0,0,0,0,7,78,213,250,253,254,253,238,208,88,12,5,0,1,1,0,2,0,0,0,0,0,0,0,15,92,238,251,248,248,253,245,226,114,101,18,4,0,1,3,5,0,0,0,0,0,0,2,24,217,247,253,254,254,254,253,246,236,219,115,21,5,4,1,1,3,0,1,3,2,4,8,34,215,252,253,255,253,255,254,248,251,241,222,122,24,12,7,4,3,8,6,2,2,0,9,104,232,253,254,254,255,255,254,253,252,253,243,155,141,142,25,6,0,0,1,1,0,5,20,125,238,253,250,254,255,255,254,254,252,253,250,246,241,219,136,15,1,0,1,6,2,11,121,150,243,253,252,254,254,254,254,254,252,253,253,254,252,233,176,40,0,0,4,2,1,17,132,224,247,254,252,249,254,252,253,254,254,253,249,249,248,216,197,174,173,0,0,4,4,23,153,238,246,253,253,253,253,254,253,253,251,248,222,211,198,190,34,26,8,0,0,3,1,24,209,245,250,252,252,252,253,253,252,229,217,205,193,35,26,17,10,1,0,0,0,4,8,34,208,239,251,253,253,252,231,222,212,200,36,27,18,12,2,2,4,7,7,0,0,2,14,160,228,250,252,243,222,212,202,37,28,19,10,1,2,0,0,0,2,1,1,0,0,0,24,163,227,233,217,206,39,30,18,10,1,1,0,0,0,1,1,1,2,4,2,0,0,0,15,166,194,37,29,20,11,1,2,0,0,0,1,1,1,0,1,1,0,0,0,0,0,0,12,18,17,13,2,1,3,4,0,1,1,1,1,1,0,0,0,0,0,0,0,0,0,0,0,5,7,0,2,1,1,1,1,0,0,0,0,0,0,0,0,0,0,0,0,0
0,0,0,0,0,0,7,3,3,3,6,0,0,0,0,0,0,0,0,0,0,0,0,0,0,0,0,0,0,1,4,2,3,2,2,2,3,3,2,2,1,0,0,0,0,0,0,0,0,0,0,0,2,1,3,5,2,4,3,6,3,2,2,2,2,1,0,0,0,0,0,0,0,0,0,0,3,4,6,11,17,31,70,34,46,21,12,6,3,2,2,1,0,0,0,0,0,0,0,0,7,25,27,36,133,193,192,176,178,162,113,26,14,7,2,2,1,0,0,0,0,2,1,3,17,113,135,140,210,245,248,247,245,241,218,169,103,18,6,1,2,2,1,0,0,6,3,11,75,188,235,240,245,252,253,252,253,251,249,230,183,103,13,2,1,3,2,0,2,4,4,20,160,237,250,251,251,254,254,254,254,253,249,249,230,143,34,15,7,2,1,0,1,2,6,65,193,245,252,252,253,254,255,255,254,254,254,253,248,225,182,102,13,2,2,0,4,3,12,64,207,248,253,253,254,255,255,255,255,255,255,254,253,250,229,137,26,5,2,0,3,6,19,109,218,250,253,254,255,255,255,255,255,255,255,255,254,253,236,170,66,7,2,0,6,10,77,151,235,251,252,254,255,255,255,255,255,255,255,254,254,253,242,188,82,9,3,0,2,7,39,176,237,253,254,254,255,255,255,255,255,255,255,254,254,253,243,189,73,9,2,0,1,3,17,122,229,252,254,255,255,255,255,255,255,255,254,254,253,251,242,183,52,6,2,1,1,2,10,93,215,248,252,254,254,254,255,255,255,255,255,254,252,251,239,171,48,4,2,2,1,2,5,28,166,206,240,252,253,252,254,255,255,255,255,254,252,249,232,145,18,3,1,1,2,2,3,12,38,92,214,247,252,249,253,254,253,254,254,251,244,237,181,60,9,1,0,0,3,2,3,8,13,55,170,229,248,250,252,253,251,253,253,247,189,146,114,16,4,3,0,0,0,2,2,2,3,13,35,162,205,229,241,243,247,245,242,229,157,51,28,8,4,7,0,0,0,0,0,4,4,3,12,25,43,155,120,179,197,200,140,122,48,16,7,4,3,1,0,0,0,0,0,0,4,3,6,7,12,18,54,40,80,48,28,20,12,7,2,1,0,0,0,0,0,0,0,0,0,0,1,4,3,5,7,10,8,9,6,2,2,1,2,1,0,0,0,0,0,0,0,0,0,0,0,0,6,4,2,1,5,3,0,0,1,2,2,0,0,0,0,0,0,0,0,0,0,0,0,0,0,0,0,0,0,0,0,0,0,0,0,0,0,0,0,0,1
0,0,3,1,0,0,4,2,0,0,1,5,5,7,3,2,0,0,0,0,0,0,0,0,0,0,1,2,3,4,2,3,0,2,4,1,1,1,1,2,3,3,1,2,0,0,0,0,0,0,1,1,4,7,6,1,3,6,4,5,4,9,7,5,6,7,3,1,8,1,1,8,0,0,0,4,4,4,6,2,5,18,59,33,27,34,88,29,26,28,19,10,2,3,3,1,0,1,2,2,2,2,10,14,27,99,189,192,190,194,205,194,196,197,187,36,16,9,2,0,0,1,1,2,2,1,13,108,193,234,244,247,248,249,250,247,248,250,240,204,165,42,20,0,0,1,2,2,2,13,27,160,242,251,254,254,254,254,254,254,250,251,251,245,234,199,170,3,0,2,2,1,2,27,132,211,247,252,254,255,255,255,255,254,251,252,253,254,252,249,204,2,2,2,1,1,11,45,202,243,249,253,254,255,255,255,255,255,254,254,255,254,252,252,235,132,1,6,4,2,29,189,239,250,252,252,254,255,255,255,255,255,255,255,255,254,253,253,245,175,2,6,5,3,35,194,246,253,253,254,254,255,255,255,255,255,255,255,255,255,254,253,247,229,3,3,4,6,26,126,235,251,254,254,255,255,255,255,255,255,255,255,255,255,254,253,250,252,8,1,2,5,18,47,207,250,253,255,255,255,255,255,255,255,255,255,255,255,255,253,252,250,2,2,3,5,16,150,235,251,254,254,255,255,255,255,255,255,255,255,255,255,255,254,252,253,3,3,5,7,22,154,240,250,254,253,255,255,255,255,255,255,255,255,255,255,255,254,252,252,3,3,2,3,19,108,195,241,252,253,254,255,254,254,255,255,255,255,255,253,254,254,242,252,1,2,2,3,6,20,88,187,241,249,253,254,254,252,254,255,255,255,255,252,253,254,233,0,0,2,1,0,1,8,17,59,184,241,253,253,253,251,253,254,254,255,255,254,253,253,222,0,2,1,4,2,1,6,5,11,34,210,244,249,250,247,251,251,249,250,250,247,240,223,216,0,2,2,5,1,3,6,10,4,17,113,185,188,199,236,241,221,197,199,238,205,134,128,144,0,6,0,0,0,0,3,1,2,9,14,22,27,36,179,181,129,49,170,173,97,24,17,12,0,0,0,0,0,0,0,2,6,2,3,2,2,15,17,22,18,22,19,20,12,5,2,0,0,0,0,0,0,1,1,0,2,1,7,7,5,1,6,3,3,2,8,4,3,3,2,0,0,0,0,0,0,0,0,0,0,1,0,2,7,2,6,7,6,6,5,3,3,2,1,0,0,1
0,0,0,0,0,0,0,0,0,0,0,4,7,2,0,0,0,0,0,0,0,0,0,0,0,0,0,0,0,0,2,11,56,90,74,20,10,5,0,0,0,0,0,0,0,0,0,0,0,0,0,0,0,0,5,25,119,185,179,122,82,14,3,1,1,0,0,0,0,0,0,0,0,0,0,0,0,3,11,84,194,240,237,223,186,96,21,10,4,1,0,0,0,0,0,0,0,0,0,0,0,7,72,131,238,251,252,250,240,200,149,99,16,4,1,1,0,0,0,0,0,0,0,0,3,19,114,217,248,254,253,254,252,246,236,203,115,25,12,6,1,0,0,0,0,0,0,3,10,89,211,246,254,254,254,254,254,253,252,245,215,168,122,20,6,3,5,0,0,0,0,7,77,124,238,254,255,255,255,254,254,254,254,253,250,244,219,140,29,16,10,0,0,0,4,23,105,222,248,255,255,255,255,255,255,255,254,254,254,253,248,226,175,150,29,0,0,3,20,83,201,245,254,255,255,255,255,255,255,255,255,254,254,254,252,249,244,222,106,0,3,10,58,143,223,251,255,255,255,255,255,255,255,255,255,255,255,254,253,252,245,223,130,0,3,26,112,209,246,252,254,255,255,255,255,255,255,255,255,255,255,255,253,246,220,132,26,0,3,31,143,231,246,252,254,254,255,255,255,255,255,255,255,255,255,254,251,226,132,24,6,0,2,16,84,161,222,248,253,254,254,255,255,255,255,255,255,255,254,252,241,203,108,10,1,0,1,6,19,41,130,224,246,250,254,254,254,255,255,255,255,255,252,241,198,106,17,4,0,0,6,2,2,7,28,127,163,238,250,254,254,254,255,255,255,253,249,214,115,19,4,0,0,0,7,1,1,0,6,16,39,157,236,248,251,254,254,254,254,250,232,177,83,7,0,0,0,0,1,1,1,0,0,1,8,37,142,181,241,251,254,253,251,232,173,81,13,3,0,0,0,0,0,0,0,0,0,0,1,7,21,66,177,239,247,248,245,204,101,15,3,0,0,0,0,0,0,0,0,0,0,0,0,0,2,13,65,153,193,234,215,148,60,6,0,0,0,0,0,0,0,0,0,0,0,0,0,0,0,2,11,35,89,161,134,56,11,4,0,0,0,0,0,0,0,0,0,0,0,0,0,0,0,0,2,8,22,61,62,11,3,2,0,0,0,0,0,0,0,0,0,0,0,0,0,0,1,1,0,1,5,11,18,6,2,1,0,0,0,0,0,0,0,0,0,0,0,0,0,0,0,0,0,0,0,0,0,0,0,1,0,0,0,0,0,0,3
0,0,0,0,0,0,54,178,141,93,13,1,3,1,0,0,0,0,0,0,0,0,0,0,0,0,0,0,0,7,75,182,206,205,117,86,15,8,3,0,0,0,0,0,0,0,0,0,0,0,0,0,0,8,68,188,235,231,216,116,99,65,11,3,1,0,0,0,0,0,0,0,0,0,0,0,2,12,84,196,240,250,242,225,204,115,68,21,8,2,2,1,0,0,0,0,0,0,0,1,2,7,42,147,243,251,252,249,243,227,176,116,44,22,8,3,1,0,0,0,0,0,0,3,1,6,42,159,223,252,253,253,254,251,242,224,145,114,40,17,4,2,0,0,0,0,0,2,2,6,39,167,239,251,253,253,254,254,253,244,236,214,130,66,18,6,2,0,0,0,0,1,1,2,32,139,226,251,251,253,253,252,253,252,251,240,210,159,78,49,8,0,0,0,0,1,1,2,27,149,235,250,251,252,253,253,253,252,251,251,245,232,175,134,11,0,0,1,0,2,2,4,43,142,231,249,251,253,254,253,252,253,253,252,245,232,185,78,9,0,0,1,1,2,2,7,44,151,236,252,254,254,254,253,252,253,251,246,221,183,145,21,3,0,0,0,0,0,1,8,91,133,232,251,254,254,253,251,252,251,242,227,160,87,44,9,0,0,0,0,0,0,1,10,61,167,234,252,252,252,253,250,248,238,211,135,53,19,7,4,0,0,0,0,0,0,0,5,64,111,239,251,250,251,250,247,221,160,93,81,12,4,2,2,0,0,0,0,0,0,0,4,22,174,238,251,251,251,242,192,179,73,21,15,6,2,1,1,0,0,0,0,0,0,0,4,56,116,241,253,249,240,197,94,74,21,4,3,4,1,1,0,0,0,0,0,0,0,0,7,38,177,236,242,230,166,81,26,12,6,2,2,0,2,1,0,0,0,0,0,0,0,1,7,70,139,235,208,138,74,19,5,2,3,2,2,0,0,0,0,0,0,0,0,0,0,1,9,55,169,213,136,44,19,5,0,0,1,1,3,1,0,0,0,0,0,0,0,0,0,2,6,58,84,118,48,13,2,0,0,0,0,0,1,1,0,0,0,0,0,0,0,0,0,1,3,7,15,15,9,3,0,0,0,0,0,0,0,0,0,0,0,0,0,0,0,0,0,0,0,1,6,3,5,2,0,0,0,0,0,0,0,0,0,0,0,0,0,0,0,0,0,0,0,0,3,1,1,0,0,0,0,0,0,0,0,0,0,0,0,0,0,0,0,0,0,0,0,0,0,0,0,0,0,0,0,0,0,0,0,0,0,0,0,0,0,0
0,0,0,3,0,103,150,149,149,1,1,1,2,2,2,0,0,0,0,0,0,0,0,0,0,0,0,11,28,166,235,236,159,150,144,134,28,18,12,7,1,1,3,0,0,0,0,0,0,0,3,14,152,232,247,247,246,243,243,233,154,144,134,28,18,12,7,8,2,2,0,0,0,0,0,21,164,244,253,253,254,255,255,251,247,243,233,154,144,134,28,20,18,10,4,1,0,0,0,22,164,245,254,255,254,254,254,255,255,255,251,247,242,233,153,137,124,42,7,6,0,0,8,31,174,248,255,255,255,255,255,254,254,254,254,255,255,249,243,227,90,15,5,3,0,0,15,154,235,252,255,255,255,255,255,255,255,255,255,254,254,252,249,232,91,11,2,3,0,0,21,164,245,255,255,255,255,255,255,255,255,255,255,255,255,254,247,222,80,9,3,0,0,7,31,174,248,255,255,255,255,255,255,255,255,255,255,255,255,255,240,100,20,5,0,0,0,15,154,235,252,255,255,255,255,255,255,255,255,255,255,255,255,255,233,91,10,0,0,0,0,21,164,245,255,255,255,255,255,255,255,255,255,255,255,255,255,248,223,81,7,0,0,0,0,31,174,248,255,255,255,255,255,255,255,255,255,255,255,255,255,240,100,20,4,0,0,0,2,153,235,251,255,255,255,255,255,255,255,255,255,255,255,255,255,233,91,10,0,0,0,0,1,162,243,254,254,255,255,255,255,255,255,255,255,255,255,255,254,233,91,10,0,0,0,0,1,170,241,253,254,254,255,255,255,255,255,255,255,255,255,255,246,223,81,7,0,0,0,0,173,159,233,243,254,255,254,254,254,254,255,255,255,255,255,254,240,100,19,3,0,0,0,0,48,74,85,223,232,240,247,255,255,255,254,254,254,255,254,254,233,91,10,0,0,0,0,0,4,11,21,69,79,88,223,233,240,247,255,255,255,253,253,246,222,80,7,1,0,0,0,0,2,3,6,7,8,18,69,79,88,223,233,233,240,246,249,239,100,21,5,0,0,0,0,0,2,1,2,1,1,3,6,8,18,69,79,81,91,225,232,218,84,12,3,0,1,2,0,0,7,2,1,0,0,0,1,1,3,6,8,10,62,71,79,76,71,7,1,1,3,7,0,0,0,0,1,1,1,0,0,0,0,1,1,3,7,12,11,11,10,8,5,5,8,2,0,0,0,0,0,0,0,1,1,1,1,0,0,0,2,5,2,2,3,4,2,4,6,1,0,0,0,0,0,0,0,0,0,0,0,1,1,1,1,0,4,2,1,2,3,1,4,0,0,0,3
0,0,0,0,0,0,0,0,0,0,0,0,0,0,0,0,0,0,0,0,0,0,0,0,0,0,0,0,0,10,113,203,191,110,19,5,1,3,3,1,0,0,0,0,0,0,0,0,0,0,0,0,1,12,117,222,222,147,28,5,2,6,3,1,0,0,0,0,0,0,0,0,0,0,0,0,1,9,75,173,231,218,60,16,3,4,3,0,2,4,1,0,0,0,0,0,0,0,0,0,0,5,49,165,239,236,157,32,8,4,2,2,0,2,2,0,1,0,0,0,0,0,1,0,2,3,19,112,214,237,185,60,10,4,1,2,0,0,3,1,0,0,0,0,0,0,1,1,3,2,7,43,138,225,228,78,31,5,1,3,2,0,0,0,0,0,0,0,0,0,0,1,1,3,5,24,102,204,233,142,69,13,4,5,2,0,0,0,0,0,0,0,0,0,0,0,2,3,3,10,46,175,237,220,145,18,1,2,2,1,1,0,0,0,0,0,0,2,3,0,1,3,2,5,59,149,222,242,195,27,5,1,0,0,1,0,0,0,0,0,0,2,3,0,0,5,4,6,16,61,180,239,206,104,17,5,0,0,0,0,0,0,0,0,0,1,2,3,0,0,2,4,4,18,144,231,217,138,87,7,2,3,3,2,0,0,0,0,0,0,0,0,0,0,3,6,1,12,85,182,238,213,56,14,4,6,3,1,0,0,0,0,0,0,0,0,0,2,3,4,3,6,53,154,230,234,137,28,7,4,4,1,0,3,0,0,0,0,0,0,0,0,2,1,1,3,13,62,200,240,189,88,13,4,3,0,0,0,0,0,0,0,0,0,0,0,0,2,2,2,4,45,154,237,232,147,39,7,2,5,1,0,0,0,0,0,0,0,0,0,1,1,1,2,3,21,96,224,240,169,60,10,2,3,3,0,0,0,0,0,0,0,0,0,0,0,1,2,3,5,30,201,241,218,125,15,5,5,0,0,0,0,0,0,0,0,0,0,1,0,1,3,3,2,19,137,220,231,148,34,8,2,0,0,0,0,0,0,0,0,0,1,3,1,1,4,3,4,15,101,142,237,198,94,31,3,0,0,0,0,0,0,0,0,0,0,1,3,2,2,1,2,6,22,174,227,220,162,62,6,0,0,0,0,0,0,0,0,0,1,1,2,2,0,2,4,3,15,91,187,214,176,62,5,0,0,0,0,0,0,0,0,0,0,0,0,1,0,0,4,3,8,63,24,26,20,10,2,0,0,0,0,0,0,0,0,0,0,0,0,0,0,0,0,0,0,0,0,0,0,0,0,0,0,0,0,2
0,0,3,0,5,15,7,2,2,3,5,0,0,0,0,0,0,0,0,0,0,0,0,0,0,0,2,3,5,5,3,3,2,4,4,3,5,4,0,2,2,0,1,0,0,0,0,0,0,0,2,3,4,2,3,5,9,12,15,12,14,13,6,4,7,1,3,0,0,0,0,0,0,0,2,3,3,5,6,16,85,116,61,96,111,99,29,10,7,2,0,0,0,1,0,0,0,2,3,3,6,18,30,94,189,219,169,197,215,207,125,91,23,9,6,3,0,5,0,0,0,2,1,4,12,71,175,231,243,247,242,243,247,243,223,203,101,70,17,3,1,3,0,0,0,2,1,6,25,126,236,251,254,254,253,253,250,251,251,244,207,136,24,4,0,1,2,0,0,2,5,12,68,180,246,253,254,255,254,254,253,253,253,251,245,188,33,7,1,2,2,0,3,6,7,52,163,238,250,252,253,255,255,255,254,254,254,251,251,231,84,18,3,1,2,0,1,3,10,84,229,250,254,254,255,255,255,255,255,255,254,254,253,244,183,25,5,3,2,0,2,1,11,91,233,252,253,255,255,255,255,255,255,255,255,254,254,246,217,27,5,3,1,0,1,1,12,91,234,251,253,254,255,255,255,255,255,255,255,254,252,245,130,29,5,2,2,0,3,4,20,116,228,246,251,254,255,255,255,255,255,255,255,254,253,244,189,28,3,4,3,0,2,3,10,46,162,242,253,254,255,255,255,255,255,255,255,252,251,250,223,30,1,8,2,0,0,1,6,18,108,237,253,254,255,255,255,255,255,255,254,253,252,244,216,21,1,4,1,0,2,1,3,13,96,230,250,254,254,254,254,254,254,254,254,252,249,232,55,11,0,2,2,0,6,2,2,8,65,178,244,251,253,251,253,254,254,254,254,250,244,208,26,1,2,2,1,0,2,5,2,4,46,123,189,240,247,250,251,251,251,252,249,241,207,80,13,2,2,1,0,0,1,4,3,4,8,20,84,159,214,241,237,204,232,239,201,159,90,19,3,2,1,1,0,0,0,1,2,2,1,5,11,23,108,166,164,94,156,178,96,27,11,7,2,3,3,1,0,0,0,0,0,2,3,3,4,5,13,20,24,25,43,60,21,7,1,5,4,3,0,0,0,0,0,0,0,1,2,2,4,1,3,5,3,2,7,6,5,2,1,4,5,1,1,0,0,0,0,0,0,0,0,0,0,0,2,3,1,4,2,2,1,0,4,6,3,0,1,0,0,0,0,0,0,0,0,0,0,0,0,0,0,0,0,0,0,0,0,12,1,0,1,0,0,0,1
0,0,0,0,0,0,0,0,0,0,0,0,0,0,0,0,0,0,0,0,0,0,0,0,0,0,0,0,0,0,0,0,0,0,0,0,0,0,0,0,0,0,0,0,0,0,0,0,0,0,4,7,7,4,2,1,0,0,0,0,0,0,0,0,0,0,0,0,0,0,0,0,0,1,20,75,61,23,15,10,6,5,4,2,0,0,1,1,1,1,1,0,1,1,0,0,0,1,21,99,159,151,152,81,40,44,47,19,12,8,4,1,1,1,1,0,1,2,0,0,0,0,8,60,176,224,229,203,185,186,169,108,104,103,26,18,14,7,2,2,2,2,0,0,0,1,3,32,130,235,249,246,243,243,225,219,220,216,157,156,138,36,35,31,16,11,5,0,0,1,2,27,119,221,250,252,252,252,252,250,250,245,243,239,228,188,186,158,78,67,56,0,0,1,2,17,80,192,247,253,252,253,253,252,253,253,252,251,248,246,238,214,155,86,42,0,0,2,1,17,92,191,243,252,252,253,253,253,253,252,253,252,251,246,233,212,142,28,6,0,0,1,1,6,44,150,227,248,251,253,254,254,253,251,253,251,245,204,183,161,71,10,2,0,1,1,2,3,21,89,184,242,251,253,254,254,252,252,252,247,230,155,58,24,11,4,0,0,0,2,1,2,11,62,166,238,251,253,253,253,252,248,240,200,164,91,23,5,3,0,1,0,0,0,0,2,10,54,145,234,250,250,252,253,250,239,165,63,45,28,7,2,2,1,1,0,0,0,0,1,3,17,85,214,251,252,250,251,244,200,105,29,5,3,2,2,1,1,0,0,0,0,0,0,1,16,97,222,249,251,247,229,188,109,34,7,3,2,1,1,1,0,0,0,0,0,0,0,1,14,79,189,240,245,218,126,40,14,5,2,3,2,2,2,1,0,0,0,0,0,0,0,1,6,26,97,222,226,176,42,6,1,0,0,1,0,0,1,1,0,0,0,0,0,0,1,3,7,31,56,147,168,104,22,1,0,0,0,0,0,0,0,1,0,0,0,0,0,0,0,1,3,4,11,20,25,14,8,1,0,0,0,0,0,0,0,0,0,0,0,0,0,0,0,0,1,1,1,2,4,2,3,1,0,0,0,0,0,0,0,0,0,0,0,0,0,0,0,0,1,1,1,1,8,2,0,1,0,0,0,0,0,0,0,0,0,0,0,0,0,0,0,0,0,0,0,1,6,2,0,0,0,0,0,0,0,0,0,0,0,0,0,0,0,0,0,0,0,0,0,0,0,0,0,0,0,0,0,0,0,0,0,0,0,0,0,0
0,0,0,0,1,4,1,7,6,12,5,2,1,0,7,1,0,0,0,0,0,0,0,0,0,0,0,1,7,14,14,24,85,30,26,26,17,9,6,6,5,5,0,0,0,0,0,0,0,0,0,4,12,26,119,121,198,193,195,197,186,38,20,14,3,2,5,4,0,0,0,0,0,0,1,7,17,153,206,239,243,249,250,249,240,206,187,32,19,7,1,4,1,3,0,0,0,0,14,23,48,175,246,252,253,252,254,254,252,251,237,197,114,24,7,5,1,4,2,0,0,8,26,177,205,238,251,254,254,253,254,254,252,252,251,232,212,49,18,9,4,3,2,3,0,16,177,205,247,252,254,255,255,255,255,254,252,253,253,253,241,199,162,18,2,1,2,0,0,33,194,247,251,253,254,255,255,255,255,255,254,254,254,255,252,247,215,37,3,1,2,10,0,172,201,247,252,253,254,255,255,255,255,255,255,255,255,255,254,251,197,61,11,4,3,5,0,117,210,245,253,253,253,255,255,255,255,255,255,255,255,255,254,252,239,178,22,7,3,5,1,35,178,248,253,254,255,255,255,255,255,255,255,255,255,254,251,254,246,219,66,7,5,3,2,109,225,249,254,255,255,255,255,255,255,255,255,255,255,254,252,254,239,104,23,6,2,2,1,32,204,251,255,255,255,255,255,255,255,255,255,255,255,255,254,253,233,94,15,4,4,1,1,25,190,242,252,254,255,255,255,255,255,255,255,255,255,254,252,252,234,86,13,3,1,0,5,15,91,186,238,250,252,254,254,254,255,255,255,255,253,252,253,248,226,104,8,2,4,2,3,7,16,32,182,206,252,253,251,252,254,254,254,254,253,251,251,243,127,24,7,7,7,3,2,3,3,12,49,222,246,252,250,251,254,254,254,254,247,246,240,223,105,11,2,5,2,0,5,1,2,6,23,156,196,238,251,252,254,254,250,243,229,176,169,80,18,5,1,1,2,0,0,5,5,1,8,16,35,178,195,228,225,239,240,185,77,32,53,14,4,2,1,2,0,0,0,1,4,1,3,5,13,18,33,125,43,163,168,156,41,10,7,6,3,2,2,1,0,0,0,0,3,0,0,1,3,4,7,7,14,19,22,18,10,6,4,2,1,3,0,0,0,0,0,0,0,0,0,3,3,7,6,4,3,1,0,1,3,2,3,1,1,2,2,0,0,0,0,0,0,0,0,0,2,2,6,3,7,1,5,2,5,4,3,3,1,3,0,0,0,0,0,0,0,0,0,0,0,0,1,0,9,1,6,7,4,6,2,1,0,2,0,0,0,0,1
0,0,0,0,0,0,0,0,0,0,0,0,0,0,0,0,0,0,0,0,0,0,0,0,0,0,0,0,0,0,0,0,0,0,0,0,0,0,0,0,0,0,0,0,0,0,0,0,0,0,3,1,0,3,1,1,2,1,1,2,3,0,2,2,0,0,0,0,0,0,0,0,0,0,1,0,1,1,1,2,2,2,2,3,4,4,3,2,2,1,1,0,0,0,0,0,0,0,2,3,4,6,4,2,3,4,5,5,6,8,7,4,5,5,3,2,1,0,0,0,0,1,2,3,5,5,3,6,20,38,19,26,56,60,51,18,8,5,4,2,0,1,0,0,0,0,2,3,4,4,6,23,78,143,89,92,169,184,171,85,66,31,11,7,3,2,2,0,0,0,2,2,3,7,23,78,165,220,201,200,233,243,238,204,183,120,74,35,9,2,2,0,0,1,2,1,3,9,56,151,224,246,249,250,251,252,248,249,241,219,187,100,17,4,2,0,0,1,2,2,8,19,76,186,245,253,254,254,254,253,253,253,252,250,239,177,55,13,4,0,0,3,3,3,31,98,147,223,249,253,254,255,254,254,254,254,254,251,248,221,137,41,6,0,0,2,7,5,37,156,225,248,253,254,255,255,255,255,255,255,254,254,251,230,129,21,6,0,0,3,3,4,29,160,242,252,254,255,255,255,255,255,255,255,255,254,252,234,143,29,7,0,0,1,1,2,21,154,243,252,252,254,255,255,255,255,255,255,255,254,252,243,188,84,13,0,0,0,0,2,24,154,242,251,253,254,255,255,255,255,255,255,255,254,253,248,225,136,11,0,0,1,2,3,47,184,236,248,253,254,255,255,255,255,255,255,254,253,252,249,197,57,7,1,0,2,2,5,17,109,200,241,252,254,255,255,255,255,255,255,254,253,251,244,184,27,1,0,0,1,1,3,9,38,122,218,248,253,254,254,253,254,254,255,254,253,250,237,174,18,0,0,0,0,1,2,3,11,67,168,235,250,253,253,249,253,254,254,253,249,240,199,85,11,1,0,0,0,3,3,2,5,41,124,183,227,247,251,248,248,245,248,243,219,167,115,31,4,1,0,0,0,2,4,3,3,11,24,48,137,213,233,232,221,174,211,196,126,46,14,9,3,0,0,0,0,2,3,3,1,1,2,8,20,97,137,131,114,60,93,81,39,10,3,4,5,0,0,0,0,0,0,1,4,2,1,1,4,10,17,18,12,12,12,11,6,3,0,2,3,0,0,0,0,0,0,0,0,0,0,0,0,0,0,0,0,0,0,0,0,0,0,0,0,0,0,1
0,0,0,0,0,0,0,0,0,0,0,0,0,0,4,1,0,0,0,0,0,0,0,0,0,0,0,0,0,0,0,0,0,0,0,0,1,4,1,0,2,2,0,0,0,0,0,0,0,0,0,1,0,0,0,0,0,0,0,0,1,2,6,13,17,9,1,0,0,0,0,0,0,0,0,3,1,1,0,0,0,0,0,2,7,14,29,136,141,16,1,7,0,0,0,0,0,0,1,10,1,0,1,0,0,1,2,4,18,97,223,230,128,22,3,3,0,0,0,0,0,0,2,2,0,0,6,0,4,1,12,55,45,214,245,233,198,17,1,0,0,0,0,0,0,1,1,0,0,1,2,1,0,9,39,215,234,243,241,244,95,20,1,0,0,0,0,0,0,1,2,3,2,0,0,7,15,33,196,234,253,253,253,244,200,21,0,0,0,0,0,0,5,2,2,3,2,0,1,16,134,211,232,252,248,249,253,242,215,19,1,0,0,0,0,0,3,1,2,1,2,4,14,41,213,238,250,252,253,252,254,245,59,22,0,0,0,1,0,0,0,2,3,0,5,16,104,222,240,249,253,254,254,254,252,243,211,27,10,1,4,0,0,2,0,0,1,11,24,77,221,247,253,250,253,254,254,254,254,252,230,153,8,6,3,0,1,8,0,0,11,43,215,236,244,254,253,253,252,254,255,254,252,253,230,42,14,1,1,1,6,8,9,16,37,187,243,254,255,254,251,254,254,255,254,253,251,252,234,131,9,1,6,2,1,0,0,128,215,225,250,253,252,254,252,254,254,254,254,252,252,254,240,114,22,1,6,1,2,2,0,98,203,215,222,242,251,253,254,254,253,252,254,249,254,254,241,203,24,3,1,2,2,1,6,17,91,107,113,213,226,245,252,253,253,253,253,254,253,253,235,214,21,3,3,0,1,0,3,6,8,15,88,98,114,213,230,238,253,254,252,252,252,253,239,77,21,4,5,0,1,0,7,4,4,4,10,13,21,97,116,218,228,234,247,253,253,253,238,204,37,9,1,2,0,0,1,6,1,0,2,2,5,9,22,99,109,118,218,234,246,253,244,206,176,9,3,0,0,0,0,0,3,0,0,0,1,1,5,8,12,22,99,120,216,237,239,208,43,16,1,0,0,0,0,0,0,0,1,1,0,0,0,1,1,5,10,22,98,119,126,195,133,7,2,0,0,0,0,0,0,0,0,0,1,1,1,0,0,1,3,5,9,18,92,94,22,7,1,0,0,0,0,0,0,0,0,0,0,0,2,2,3,7,7,0,1,3,3,3,3,0,0,0,0,0,0
0,0,0,0,0,0,0,0,0,0,0,1,2,2,1,1,2,3,99,0,0,0,0,0,0,0,0,0,0,0,0,0,0,1,3,8,13,20,98,121,125,130,143,24,5,0,0,0,0,0,0,0,0,0,1,2,6,11,20,76,119,127,146,214,223,223,210,119,11,0,0,0,0,0,0,2,4,7,10,17,42,118,129,181,222,225,228,246,250,248,232,144,16,0,0,0,0,1,4,10,14,25,109,130,152,221,230,240,250,252,253,253,253,251,234,142,18,0,0,0,0,3,8,39,120,144,213,234,239,249,253,254,254,254,254,254,254,253,234,143,22,3,0,0,0,2,7,60,202,239,247,252,253,254,254,254,254,254,254,254,255,253,243,186,77,8,0,0,0,2,5,51,193,240,251,253,254,254,254,254,254,255,255,255,255,254,250,219,118,13,0,0,0,1,4,19,97,225,252,254,254,254,255,255,255,255,255,255,255,255,252,223,121,18,2,0,0,0,1,10,83,217,250,254,255,255,255,255,255,255,255,255,255,255,253,234,159,53,5,0,0,0,0,6,61,190,244,253,255,255,255,255,255,255,255,255,255,255,254,247,205,95,10,0,0,0,0,2,27,114,230,253,255,255,255,255,255,255,255,255,255,255,255,250,210,95,12,0,0,0,0,0,14,102,224,252,255,255,255,255,255,255,255,255,255,255,255,252,224,129,16,0,0,0,0,0,10,92,218,250,254,255,255,255,255,255,255,255,255,255,254,253,243,183,20,0,0,0,0,0,5,50,173,242,253,255,255,255,255,255,255,254,254,254,253,252,246,184,24,0,0,0,0,0,2,21,126,233,253,255,254,254,254,254,254,254,254,254,252,247,240,194,23,0,0,0,0,0,0,13,111,223,250,253,254,254,254,253,254,251,247,244,236,195,169,157,18,0,0,0,0,0,0,6,41,170,242,250,249,248,248,243,226,228,199,137,136,88,58,54,9,0,0,0,0,0,0,3,25,142,228,237,214,180,186,188,102,100,77,27,26,19,10,7,2,0,0,0,0,1,1,2,17,115,124,130,128,82,64,64,18,10,7,4,2,2,2,1,0,0,0,0,0,1,3,2,9,15,18,19,24,20,8,5,2,0,0,0,0,0,1,1,0,0,0,0,0,0,0,1,2,3,3,4,4,2,0,0,0,0,0,0,0,0,0,0,0,0,0,0,0,0,0,0,0,0,1,0,0,1,0,0,0,0,0,0,0,0,0,0,0,0,0,0,0,0,0,0,0,0,0,0,0,0,0,0,0,0,0,0,0,0,0,0,0,0,3
0,0,0,0,1,2,3,10,1,2,0,0,0,0,0,0,0,0,0,0,0,0,0,0,0,0,0,3,0,0,2,3,1,1,0,0,0,0,0,0,0,0,0,0,0,0,0,0,0,4,1,2,0,2,2,4,1,0,0,0,0,0,0,0,0,0,0,2,1,1,5,0,0,3,7,1,7,11,19,19,11,4,1,1,0,0,0,0,1,1,0,2,6,1,2,0,0,5,3,2,6,53,153,153,100,23,16,15,14,12,10,6,2,1,2,1,0,1,3,0,0,2,2,1,9,79,221,233,204,152,137,128,119,110,97,58,15,10,10,5,3,1,2,0,0,0,0,1,12,85,232,250,245,237,231,227,223,219,212,161,94,80,69,39,9,4,0,0,0,0,0,3,28,113,240,254,253,253,252,252,251,251,248,233,213,205,192,115,13,2,1,0,0,0,0,6,73,224,248,255,255,254,254,254,254,254,253,252,251,246,231,132,15,2,3,10,0,0,0,8,83,232,255,255,255,255,255,255,255,255,255,254,254,245,191,88,10,2,1,3,0,0,0,8,84,232,255,255,255,255,255,255,255,255,255,254,254,240,127,20,3,0,0,0,0,0,0,8,87,232,255,255,255,255,255,255,255,255,255,255,254,236,114,12,0,0,0,0,0,0,0,9,88,233,255,255,255,255,255,255,255,255,255,255,255,235,107,11,0,0,0,0,0,0,2,16,98,238,255,255,255,255,255,255,255,255,255,255,255,234,100,10,0,0,0,0,0,0,5,63,197,245,254,255,255,255,255,255,255,255,255,255,255,233,92,9,0,0,0,0,4,1,10,78,228,251,253,254,255,255,255,255,255,255,255,255,248,224,77,6,0,0,0,0,6,2,9,78,224,244,249,251,253,254,254,254,254,254,254,254,239,103,27,3,0,0,0,0,0,1,7,52,158,184,196,222,245,250,250,251,251,252,252,253,230,71,7,0,0,0,0,0,0,1,5,11,20,25,30,117,190,200,205,211,217,226,242,249,226,62,7,0,0,0,0,0,0,0,1,2,2,4,6,13,27,46,61,77,92,115,198,223,210,50,6,1,0,1,0,0,0,1,2,4,0,0,0,1,2,4,6,8,10,20,88,122,125,28,4,1,2,4,0,0,0,0,0,2,0,0,0,0,0,0,0,0,0,4,12,15,14,8,6,1,7,2,0,0,0,0,0,0,0,0,0,0,0,1,1,0,0,0,1,1,1,2,2,2,1,5,0,0,0,0,0,0,0,0,0,0,0,0,0,0,0,0,0,0,0,0,6,0,0,0,0,0,3
0,0,0,0,0,0,0,0,0,1,1,1,0,0,0,0,5,2,3,0,0,0,0,0,0,0,0,0,0,1,1,1,1,0,0,0,0,1,3,14,20,24,16,8,2,1,0,0,0,5,8,1,2,0,0,0,0,1,1,1,9,16,24,33,177,179,104,11,4,1,0,0,1,1,2,1,1,3,1,1,9,16,24,24,34,179,188,196,206,232,136,17,3,0,0,0,2,2,3,3,15,17,24,24,34,179,188,188,198,239,249,249,247,242,148,27,8,0,0,0,1,6,15,24,33,177,187,188,198,239,249,249,251,252,254,253,252,248,230,129,12,0,0,0,7,12,79,173,191,206,247,249,251,252,254,254,254,255,255,254,254,254,241,139,17,0,0,0,2,9,98,125,236,246,251,254,254,255,255,255,255,255,255,255,255,255,241,139,17,0,0,0,1,7,19,118,236,252,254,255,255,255,255,255,255,255,255,255,255,255,245,149,27,5,0,0,0,3,14,114,236,254,255,255,255,255,255,255,255,255,255,255,255,255,250,231,129,12,0,0,0,1,9,105,228,249,255,255,255,255,255,255,255,255,255,255,255,255,255,241,139,17,0,0,0,0,4,23,125,243,255,255,255,255,255,255,255,255,255,255,255,255,255,241,139,17,0,0,0,0,0,13,115,237,255,255,255,255,255,255,255,255,255,255,255,255,255,245,149,27,6,1,0,0,0,13,115,237,255,255,255,255,255,255,255,255,255,255,255,255,254,250,230,129,12,4,0,0,0,9,106,228,249,255,255,255,255,255,255,255,255,255,255,255,253,252,239,138,17,5,0,0,0,4,23,125,243,255,255,255,255,255,255,255,254,254,254,252,250,244,237,139,20,3,0,0,0,0,13,115,237,254,254,255,255,254,254,254,252,250,248,238,190,180,176,159,16,4,0,0,0,1,14,109,231,247,253,254,252,250,248,248,238,190,181,171,32,24,25,19,10,3,0,0,0,3,10,99,125,237,244,248,238,190,181,181,171,32,23,15,8,2,6,3,2,0,0,0,0,1,7,18,106,174,181,181,171,32,23,23,15,9,1,1,1,0,1,2,2,1,0,0,3,2,3,9,72,27,25,24,15,9,1,1,1,0,0,0,0,2,2,2,6,0,0,0,8,4,5,7,7,8,7,2,1,0,0,0,0,1,1,1,1,0,0,2,1,0,0,0,0,1,1,1,3,3,2,1,0,1,1,1,1,0,0,0,0,0,0,0,0,0,0,0,0,0,5,2,0,1,10,1,3,1,0,0,0,0,0,0,0,0,0,0,0,0,3
0,0,0,0,0,0,0,0,0,0,0,0,0,0,0,0,0,0,0,0,0,0,0,0,0,0,0,0,0,0,4,2,2,1,0,0,0,0,0,0,0,0,0,0,0,0,0,0,0,0,0,0,1,4,0,0,1,1,0,0,0,0,0,0,0,0,1,2,0,0,0,0,0,0,1,0,1,0,1,1,1,0,0,1,0,0,0,0,0,0,0,2,2,0,0,0,0,7,7,6,1,7,1,4,1,1,1,1,0,0,0,1,0,3,2,4,1,1,0,0,2,2,4,4,2,1,3,6,1,1,2,1,0,2,2,0,1,2,2,2,2,0,0,0,3,5,3,4,5,1,1,1,2,4,4,0,1,4,4,3,1,4,1,1,0,0,1,0,58,26,19,15,12,5,3,5,1,2,2,2,3,6,5,3,3,4,4,2,0,0,1,0,245,174,165,92,89,29,21,17,9,8,6,5,3,5,3,4,3,2,3,4,2,2,2,2,253,239,232,228,219,179,174,99,96,28,83,18,14,3,4,7,5,1,3,3,2,2,3,0,240,230,243,246,235,237,201,227,191,188,111,105,40,35,32,30,17,9,9,5,2,1,2,0,154,145,201,154,212,220,239,241,236,236,234,230,199,194,119,117,58,108,47,35,14,9,10,1,1,23,47,58,126,137,195,139,205,209,236,238,242,241,239,232,209,202,137,127,64,122,50,32,1,3,5,11,15,49,46,49,110,115,120,127,208,211,239,239,245,238,242,233,216,209,149,157,4,1,3,3,6,8,7,9,12,32,34,98,108,182,119,195,199,228,233,240,246,243,243,237,2,4,2,2,2,4,4,3,4,4,7,11,18,21,26,97,105,106,106,179,187,225,228,252,0,0,3,5,2,3,4,5,5,2,2,1,2,3,9,11,15,18,20,80,86,87,88,183,0,1,2,1,4,0,3,5,5,1,1,3,2,3,1,3,7,7,8,11,10,11,21,63,0,0,1,3,0,0,0,3,3,0,2,2,3,2,6,3,1,2,5,1,2,4,8,1,0,0,2,3,3,0,1,0,0,1,1,2,1,1,4,7,1,0,7,8,3,2,1,0,0,0,0,0,1,0,0,0,0,0,1,0,0,2,2,1,0,0,1,3,3,0,0,0,0,0,0,0,0,0,0,0,0,0,0,0,1,2,1,1,0,0,1,5,0,0,0,0,0,0,0,0,0,0,0,0,0,0,0,0,3,3,2,4,1,0,0,0,0,0,0,0,0,0,0,0,0,0,0,0,0,0,0,0,0,1,0,0,0,0,0,0,0,0,0,0,2
0,0,0,0,0,0,0,0,0,3,3,2,19,204,253,234,150,28,0,0,0,0,0,0,0,0,0,0,0,0,3,4,5,6,3,7,81,185,246,235,157,22,5,0,0,0,0,0,0,0,0,0,0,0,0,2,5,5,2,13,69,189,244,233,162,18,1,1,0,0,0,0,0,0,0,0,1,1,0,0,2,5,4,14,147,175,243,228,94,15,1,1,3,0,0,0,0,0,1,1,2,2,2,2,4,1,5,14,67,215,238,190,104,13,0,0,1,0,0,0,0,0,1,1,3,0,1,5,5,4,7,40,66,207,246,202,105,13,1,1,2,1,0,0,0,0,0,0,3,1,1,5,2,2,7,36,124,232,242,209,112,11,2,3,0,0,1,0,0,0,0,1,0,0,0,3,4,2,5,42,114,238,246,155,47,11,4,3,2,1,1,0,0,0,0,0,1,0,0,4,4,4,6,33,183,239,228,202,57,6,4,6,1,0,0,1,0,0,0,0,0,1,1,2,4,3,6,29,173,240,233,157,25,3,2,2,5,2,0,2,0,0,0,0,0,1,1,3,3,1,6,70,208,244,229,163,22,3,0,2,6,1,1,5,0,0,0,0,0,0,2,4,3,1,11,70,167,246,228,102,18,3,2,2,3,1,3,3,0,0,0,0,0,0,0,0,1,2,10,121,209,244,226,107,11,5,2,1,0,0,4,5,0,0,0,0,0,0,2,1,1,3,14,64,210,249,206,50,24,3,4,4,0,1,1,1,0,0,0,0,1,4,6,6,5,3,24,114,232,245,200,55,6,4,5,7,1,2,0,0,0,0,0,1,0,1,3,6,3,3,16,107,234,244,148,53,8,2,6,3,5,1,1,0,0,0,0,3,1,0,1,5,3,2,18,172,231,240,159,63,8,2,1,1,1,1,0,0,0,0,3,3,3,2,1,1,4,5,26,167,236,229,159,71,6,2,2,0,0,0,0,0,0,0,3,3,1,2,7,1,5,9,73,210,232,231,169,24,5,2,2,2,1,0,0,0,0,0,0,5,2,1,3,1,2,14,67,214,243,203,96,29,2,2,3,1,1,1,0,0,0,0,0,0,0,1,5,2,3,14,128,157,243,234,109,17,5,4,3,0,1,0,0,0,0,0,0,0,0,0,5,3,5,18,120,212,242,208,123,35,5,3,4,0,0,0,0,0,0,0,0,0,0,1,2,2,5,16,123,205,245,207,62,12,3,2,0,0,0,0,0,0,0,0,0,0,0,1,5,0,2,2,100,245,255,155,59,4,0,0,0,0,0,0,0,0,2
0,0,0,0,0,0,0,0,0,0,1,2,2,0,0,4,0,0,0,0,0,0,0,0,0,0,0,0,3,8,22,38,36,32,29,15,6,2,1,3,0,0,0,0,0,0,0,0,0,0,0,3,13,85,110,143,151,153,133,59,18,8,4,3,1,0,0,0,0,0,0,0,0,0,2,12,85,165,216,229,236,236,225,176,121,44,15,7,1,0,0,0,0,0,0,0,0,3,9,54,174,228,247,251,252,252,249,231,172,174,119,35,5,1,1,0,0,0,0,0,3,7,20,104,218,249,249,249,253,253,252,249,244,239,210,97,26,7,2,2,1,0,0,0,3,15,99,178,243,252,250,252,253,254,254,253,250,250,243,208,106,27,8,6,5,1,0,0,4,24,185,241,250,254,254,254,254,255,255,254,253,253,250,230,196,100,12,4,3,2,1,0,3,27,186,247,254,254,255,255,255,255,255,255,255,254,251,249,226,139,36,5,1,1,4,0,1,27,177,247,254,255,255,255,255,255,255,255,255,254,254,252,237,181,84,9,2,1,2,0,1,20,169,241,252,254,255,255,255,255,255,255,255,255,254,252,240,179,72,18,5,2,0,0,0,18,119,227,250,253,254,254,255,255,255,255,255,255,254,252,248,230,165,61,11,2,2,0,0,11,144,208,245,252,253,254,255,255,255,255,255,255,254,253,253,243,199,147,19,5,2,0,0,7,28,185,238,250,252,254,255,255,255,255,255,255,254,254,253,245,201,132,26,7,3,0,0,1,10,34,206,249,252,254,255,255,255,255,255,254,254,254,254,247,190,115,26,5,2,0,0,1,1,16,167,231,247,251,254,255,255,254,254,253,253,254,251,243,203,72,15,2,2,0,0,1,3,9,25,147,213,242,252,254,253,254,253,252,252,251,244,191,140,62,14,2,2,2,0,0,2,3,11,29,72,208,248,252,252,253,253,251,252,247,215,126,64,25,6,2,2,2,0,0,0,2,4,8,31,161,221,236,251,252,252,249,247,237,174,100,39,11,4,2,2,3,0,0,0,0,0,3,13,33,124,192,224,236,221,222,199,166,107,53,24,6,3,2,2,0,0,0,0,0,0,1,4,9,16,29,82,137,133,155,133,84,36,10,5,1,0,0,0,0,0,0,0,0,0,1,1,2,2,7,20,38,27,37,38,29,9,4,1,0,0,0,0,0,0,0,0,0,0,0,0,2,2,2,8,8,6,5,4,3,3,2,0,0,0,0,0,0,0,0,0,0,0,0,0,0,0,0,0,0,0,0,0,0,0,0,0,0,0,0,0,0,1
0,0,0,7,4,1,1,2,1,3,4,1,1,2,1,0,0,0,0,0,0,0,0,0,0,0,0,2,4,2,4,4,3,3,1,4,1,1,0,1,1,1,0,0,0,0,0,0,0,0,0,8,8,6,4,6,8,8,11,8,4,1,1,0,0,0,1,1,1,0,0,0,0,0,2,3,2,2,3,11,37,76,79,69,19,8,6,3,1,1,0,0,0,1,1,3,0,0,0,1,0,2,5,34,195,228,232,223,88,79,69,18,6,3,1,1,1,0,1,2,0,0,0,0,0,1,5,43,208,247,251,247,240,233,223,88,69,18,8,6,3,1,2,1,0,0,0,0,0,1,13,53,218,251,253,254,255,255,247,240,223,88,79,69,18,9,7,5,0,0,0,0,0,2,35,200,243,253,254,254,254,254,255,255,247,240,233,223,88,79,69,5,0,0,0,0,1,4,45,210,252,255,255,255,255,255,254,254,254,255,255,247,240,232,223,66,0,0,0,0,2,27,55,219,253,255,255,255,255,255,255,255,255,254,254,254,254,250,240,254,0,0,0,0,3,36,201,243,254,255,255,255,255,255,255,255,255,255,255,254,254,252,245,191,0,0,0,1,12,54,219,253,255,255,255,255,255,255,255,255,255,255,255,255,254,252,242,189,0,0,0,2,35,201,243,254,255,255,255,255,255,255,255,255,255,255,255,255,255,249,192,189,0,0,0,3,44,210,252,255,255,255,255,255,255,255,255,255,255,255,255,255,255,246,183,2,0,0,1,12,54,219,253,255,255,255,255,255,255,255,255,255,255,255,255,255,252,237,166,2,0,2,4,34,200,243,254,255,255,255,255,255,255,255,255,255,255,255,255,255,249,185,33,0,5,3,6,43,208,251,253,254,255,255,255,255,255,255,255,255,255,255,255,255,246,175,23,0,3,3,9,49,216,249,252,253,254,254,255,255,255,255,255,255,255,255,255,252,237,166,16,0,4,4,21,126,225,244,250,255,255,254,254,254,255,255,255,255,255,255,255,249,185,33,7,0,1,6,13,117,139,154,233,243,247,251,255,255,254,254,254,255,255,255,255,246,175,23,0,0,1,4,6,15,20,29,134,144,154,233,243,247,251,255,255,254,253,254,251,237,166,16,0,0,0,0,0,6,5,8,12,18,28,134,144,154,233,247,251,255,254,251,248,183,33,7,0,0,0,0,0,0,0,0,1,1,7,12,18,28,134,154,233,243,246,244,233,165,14,0,0,0,0,0,0,0,0,0,0,0,0,2,2,1,1,1,149,149,149,252,190,0,0,0,0,0,3
0,0,173,218,224,223,221,225,227,230,233,236,238,239,238,238,237,234,243,255,248,232,203,1,8,10,69,184,229,236,241,241,243,244,246,248,249,249,249,249,248,247,250,251,240,187,77,0,6,4,23,156,229,246,251,250,252,252,253,254,254,253,253,253,252,253,252,244,226,164,23,1,1,0,12,108,206,248,253,254,254,254,254,254,253,254,252,253,252,253,250,234,196,121,12,3,3,0,5,24,144,232,250,254,254,252,254,253,252,254,253,253,253,253,246,221,143,20,6,5,3,3,1,8,43,158,244,253,253,252,254,254,254,254,250,252,254,247,239,168,43,8,3,1,1,2,0,3,16,127,231,251,253,253,252,254,255,254,253,252,253,248,227,138,18,4,4,0,1,2,1,2,9,77,180,242,252,251,253,254,255,254,252,252,252,243,185,83,11,3,3,0,3,4,2,1,3,20,118,230,250,249,254,255,255,254,251,253,248,209,108,18,4,2,2,1,2,0,2,1,1,9,97,209,242,253,254,255,253,254,254,253,241,126,22,4,3,6,1,5,0,0,1,1,0,6,35,123,228,246,252,254,254,253,253,248,219,103,10,0,1,2,1,1,9,1,0,4,2,2,11,92,216,242,252,251,250,253,251,239,147,50,9,3,2,1,4,0,9,3,0,3,2,1,6,58,161,236,251,251,250,253,244,176,68,11,5,4,3,1,4,3,0,2,1,0,0,1,3,11,70,201,245,254,254,251,232,90,16,4,0,2,2,0,1,7,0,0,0,0,0,0,0,2,17,82,236,253,254,244,207,70,6,0,0,0,0,0,0,0,0,0,0,0,0,0,0,1,6,60,211,245,240,236,107,27,3,0,0,0,0,0,0,0,0,0,0,0,0,0,0,0,5,33,123,237,241,213,64,8,1,0,0,0,0,0,0,0,0,0,0,0,0,0,0,0,2,10,54,219,235,149,39,4,1,0,0,0,0,0,0,0,0,0,0,0,0,0,0,0,1,3,35,162,183,49,11,3,1,0,0,0,0,0,0,0,0,0,0,0,0,0,0,1,3,5,11,27,33,13,2,6,4,0,0,0,0,0,0,0,0,0,0,0,0,0,0,0,2,3,2,2,5,8,3,2,1,0,0,0,0,0,0,0,0,0,0,0,0,0,0,0,0,1,2,2,2,5,5,2,0,0,0,0,0,0,0,0,0,0,0,0,0,0,0,0,1,0,2,3,1,2,5,3,1,0,0,0,0,0,0,0,0,0,0,0,0,0,0,1,2,0,1,2,0,5,1,6,3,0,0,0,0,0,0,0,0
0,0,0,0,0,0,0,0,1,1,1,0,0,3,7,7,1,6,3,0,0,0,0,0,0,0,0,0,0,0,1,1,0,0,2,7,12,13,5,5,3,7,1,6,0,0,0,0,0,0,0,0,0,1,0,0,1,1,5,15,101,108,24,10,5,1,0,0,0,0,0,0,0,0,0,1,1,0,0,1,5,9,23,110,129,226,219,29,12,0,0,0,0,0,0,0,0,1,2,0,0,1,5,9,23,106,125,228,243,243,243,212,19,0,0,0,0,0,0,0,15,1,1,1,1,5,14,100,120,228,244,249,254,252,254,234,40,10,0,0,0,0,0,0,0,4,6,7,9,23,110,129,238,249,255,254,254,255,255,245,214,21,0,0,0,0,0,0,3,5,13,25,106,125,228,244,249,255,254,254,255,255,255,255,234,40,11,0,0,0,0,0,7,11,98,120,228,244,249,255,254,254,255,255,255,255,255,255,245,224,31,10,0,0,0,0,7,9,108,226,247,253,254,254,255,255,255,255,255,255,255,255,255,243,214,21,0,0,0,0,1,6,24,219,239,252,254,255,255,255,255,255,255,255,255,255,255,255,234,40,10,0,0,0,2,4,10,39,231,254,255,255,255,255,255,255,255,255,255,255,255,255,245,214,21,0,0,0,0,0,3,21,214,245,255,255,255,255,255,255,255,255,255,255,255,255,255,234,40,10,2,0,0,0,0,10,40,234,255,255,255,255,255,255,255,255,255,255,255,255,254,244,222,29,14,2,0,0,0,0,21,214,243,255,255,255,255,255,255,255,255,255,255,255,253,249,239,214,20,5,0,0,0,0,10,31,224,245,255,255,255,255,255,255,255,255,254,254,254,249,243,215,25,5,0,0,0,0,0,11,40,234,255,255,255,255,255,255,254,254,255,250,246,232,149,124,20,2,0,0,0,0,0,0,21,214,245,255,255,255,255,254,255,255,250,242,155,135,27,14,6,4,0,0,0,0,0,0,10,40,234,254,255,254,254,255,250,246,232,145,125,17,6,2,6,1,0,0,0,0,0,0,0,21,214,242,254,254,250,246,232,149,130,27,12,7,1,0,0,0,0,0,0,0,0,0,0,10,29,222,240,250,242,155,135,27,12,7,1,0,0,0,0,0,0,0,0,0,0,0,0,2,10,34,225,229,145,125,17,6,1,1,0,0,0,0,0,0,0,0,0,0,0,0,1,1,2,16,126,130,27,12,7,1,0,0,0,0,0,0,0,0,0,0,0,0,0,8,8,2,5,5,2,6,9,3,0,0,0,0,0,0,0,0,0,0,3
0,0,0,0,0,0,0,0,0,0,0,0,0,0,0,0,0,0,0,0,0,0,0,0,0,0,0,0,0,0,1,9,7,7,10,15,19,15,11,4,3,2,2,2,0,0,0,0,0,0,0,1,2,4,15,23,47,76,89,109,124,131,84,20,8,4,2,1,4,1,0,0,0,0,0,1,5,19,75,179,205,221,222,228,232,213,152,68,49,18,6,3,4,4,0,0,0,0,2,6,21,86,191,240,248,250,251,250,251,248,232,204,165,89,31,10,4,3,0,0,0,0,2,8,50,176,239,251,252,253,252,253,253,253,252,248,235,193,114,41,9,3,2,0,0,0,4,17,77,206,249,254,254,254,254,254,254,254,254,253,251,240,182,72,11,3,2,0,0,0,10,61,156,231,252,254,255,255,255,255,255,255,254,254,251,240,177,75,19,5,3,0,0,1,23,175,236,249,254,255,255,255,255,255,255,255,254,252,253,233,164,79,24,4,3,0,0,4,47,193,247,251,253,255,255,255,255,255,255,255,254,254,253,246,212,109,13,3,5,0,0,6,63,199,245,253,254,255,255,255,255,255,255,255,255,254,252,250,224,120,15,3,8,0,0,7,70,194,241,252,254,255,255,255,255,255,255,255,254,253,252,250,229,130,18,3,3,0,0,8,46,142,238,252,254,254,254,255,255,255,255,254,254,252,250,247,229,132,20,2,0,0,0,7,63,141,236,251,254,254,254,254,254,254,254,252,253,249,241,230,167,74,15,1,0,0,0,6,26,100,195,240,247,250,253,252,251,253,254,252,253,243,177,116,61,24,7,1,0,0,0,3,7,34,106,167,179,219,249,252,251,252,250,250,248,233,112,34,12,7,3,2,1,0,8,3,3,9,30,51,67,166,234,245,245,244,228,188,229,172,68,14,4,3,1,2,1,0,3,1,0,3,5,7,19,103,164,178,180,180,154,81,153,83,28,7,2,2,1,0,0,0,2,1,1,2,1,1,6,30,51,60,63,64,51,22,51,24,7,3,2,3,3,2,0,0,0,2,4,2,3,2,3,5,8,10,10,8,5,6,4,3,2,2,3,4,4,3,0,0,0,0,2,0,0,2,2,3,3,4,5,5,2,2,1,1,2,3,3,4,4,3,1,0,0,0,0,0,0,0,0,1,2,3,3,3,2,4,1,2,2,3,3,2,2,2,0,0,0,0,0,0,0,0,0,0,0,0,1,0,0,6,2,0,0,0,2,2,1,0,0,0,0,0,0,0,0,0,0,0,0,0,0,0,0,0,0,0,0,0,0,0,0,0,0,0,1
0,0,0,0,0,0,0,0,4,4,2,1,2,1,4,1,1,4,7,7,0,0,0,0,0,0,0,0,1,1,4,1,3,3,1,4,3,5,5,5,2,1,2,8,6,0,0,0,0,0,0,3,6,8,3,6,9,9,12,12,13,21,60,20,6,1,4,8,2,0,0,0,0,1,7,3,4,3,7,11,26,101,102,65,78,89,199,75,34,21,14,7,2,1,0,0,0,1,1,4,5,8,21,102,121,227,225,157,227,239,225,222,212,179,78,9,1,2,0,0,6,2,0,3,13,64,114,223,243,247,249,249,250,253,252,252,251,236,113,22,9,7,0,0,3,3,1,14,73,166,184,246,254,253,253,254,254,254,255,255,253,245,170,84,121,12,0,0,4,2,4,26,201,239,249,251,251,248,254,254,255,255,255,255,254,248,240,229,136,20,1,0,2,5,18,67,219,252,254,254,253,253,253,255,255,255,255,255,254,252,249,242,153,28,7,1,1,4,53,193,220,252,252,254,255,255,255,255,255,255,255,255,254,254,250,249,232,134,11,1,3,10,25,95,242,253,253,254,255,255,255,255,255,255,255,255,254,252,253,253,239,144,21,0,7,7,60,162,239,253,254,255,255,255,255,255,255,255,255,255,255,254,254,252,239,110,81,7,5,7,29,166,245,249,253,254,255,255,255,255,255,255,255,255,255,255,254,253,237,174,27,8,4,9,75,228,247,249,253,254,255,255,255,255,255,255,255,255,255,255,255,254,244,128,28,3,0,10,132,228,247,254,250,254,255,255,255,255,255,255,255,255,255,255,254,253,247,225,99,5,0,7,31,154,246,253,254,254,255,255,255,255,255,255,255,255,255,254,254,254,245,224,52,9,0,4,18,140,237,248,254,255,255,255,255,255,255,255,255,255,255,252,250,254,241,121,25,5,0,1,12,128,154,240,251,254,252,254,255,255,255,255,253,254,254,254,254,249,221,110,15,4,0,0,6,16,95,187,245,254,252,254,255,255,254,254,254,250,253,252,248,234,134,28,11,4,0,0,1,6,21,112,229,248,254,254,255,255,255,254,253,251,253,250,211,148,27,10,5,5,0,0,3,4,10,25,117,237,246,254,253,250,248,247,247,249,246,235,177,99,13,6,12,0,0,0,0,6,2,15,97,116,224,233,240,238,167,196,227,185,177,167,30,12,7,1,1,0,0,0,0,2,2,9,14,22,48,119,134,140,139,97,156,31,23,17,7,0,0,0,0,0,0,0,0,0,1,5,5,3,1,15,0,2,12,10,2,2,0,0,0,0,0,0,0,0,1
0,0,0,0,0,0,0,0,0,0,0,0,0,0,0,0,0,0,0,0,0,0,0,0,0,0,3,13,17,15,5,0,0,0,0,0,0,0,0,0,0,0,0,0,0,0,0,0,0,0,8,78,206,116,26,4,2,6,6,2,0,1,1,0,0,0,0,0,0,0,0,0,0,0,15,117,222,201,96,14,4,2,4,1,0,1,2,1,1,0,0,0,0,0,0,0,0,0,13,91,188,220,174,80,15,7,4,4,2,0,0,1,0,0,0,0,0,0,0,0,0,0,4,22,86,199,232,195,98,21,6,2,3,2,0,0,0,0,0,0,0,0,0,0,0,0,0,5,52,154,225,239,207,108,17,3,3,3,0,0,0,0,0,0,0,0,0,0,0,0,0,3,11,54,143,221,236,177,55,15,5,2,2,1,1,0,0,0,0,0,0,0,0,0,0,4,3,11,58,129,213,227,159,62,12,2,2,1,0,0,0,0,0,0,0,0,0,0,0,4,2,4,19,54,170,233,216,125,34,7,2,1,1,3,2,0,0,0,0,0,0,0,1,2,3,2,7,15,56,179,231,202,117,31,7,4,6,2,0,1,0,0,0,0,0,0,0,0,1,2,2,6,11,58,219,239,215,133,28,9,2,5,1,0,3,4,2,0,0,0,3,3,1,2,5,3,4,26,129,212,237,223,152,20,7,2,2,4,1,1,4,0,0,0,0,0,0,1,2,5,3,7,34,119,200,238,222,77,15,6,2,2,2,1,0,0,0,0,0,0,1,2,1,0,2,1,7,40,135,219,236,170,45,9,3,3,3,1,0,0,0,0,0,0,0,0,0,1,2,2,2,15,71,161,224,211,128,42,9,4,3,2,0,0,0,0,0,0,0,0,0,1,0,1,1,6,18,64,155,223,219,144,55,12,3,2,1,0,0,0,0,0,0,0,0,0,0,0,3,4,5,16,96,205,240,225,164,70,12,0,1,0,0,0,0,0,0,0,0,0,0,0,4,3,2,8,36,116,203,236,231,174,26,8,0,0,0,0,0,0,0,0,0,1,4,2,1,5,4,2,8,27,102,195,237,228,107,18,5,0,0,0,0,0,0,0,0,1,3,1,0,0,3,5,3,11,59,123,189,232,208,120,11,0,0,0,0,0,0,0,1,1,0,3,2,0,1,4,7,3,11,56,149,220,219,155,19,0,0,0,0,0,0,0,0,0,0,0,0,0,2,5,1,2,6,15,51,101,174,144,24,0,0,0,0,0,0,0,0,0,0,0,0,0,0,0,0,0,0,0,0,0,0,0,0,0,2
0,0,0,0,0,0,0,0,0,0,0,0,0,0,0,0,0,0,0,0,0,0,0,0,0,0,0,0,0,2,2,3,4,3,3,1,1,1,1,0,0,0,0,0,0,0,0,0,0,0,0,0,4,3,9,22,37,12,5,3,1,1,0,0,0,0,0,0,0,0,0,0,0,0,0,0,1,6,24,127,148,72,44,12,5,3,2,0,0,0,1,1,0,0,0,0,0,0,0,0,2,3,18,71,195,205,157,73,43,14,8,4,2,1,1,1,1,1,1,0,0,0,0,1,2,2,20,128,182,233,226,209,151,80,70,39,11,4,2,1,1,2,2,1,0,0,0,1,2,1,12,82,215,244,247,243,231,217,209,139,78,36,14,9,5,2,1,1,0,0,3,2,2,2,7,44,184,248,252,251,250,249,241,230,218,133,82,63,23,11,5,1,0,0,2,2,0,0,5,75,180,244,253,253,253,253,253,252,247,235,219,125,93,81,26,7,0,1,0,2,3,0,5,21,128,236,252,253,253,254,254,254,253,252,246,233,223,215,110,88,0,1,1,1,1,1,1,16,110,224,252,253,252,254,253,253,253,253,252,252,250,239,236,240,0,1,1,0,1,1,1,18,107,233,251,251,252,253,254,253,252,252,253,252,251,248,238,195,0,0,4,1,1,1,1,19,105,227,250,249,252,254,254,252,251,252,252,250,242,235,214,199,0,0,4,1,2,2,2,26,110,219,248,252,253,254,254,253,252,252,251,243,211,189,138,138,0,0,1,1,2,2,2,11,74,218,245,253,254,254,254,252,251,250,245,230,178,88,24,0,0,0,0,0,0,1,1,10,98,216,247,252,253,253,253,253,249,230,207,158,105,25,6,3,0,0,0,0,0,0,1,8,97,210,246,250,250,251,251,249,239,186,121,51,15,7,4,2,0,0,0,0,0,0,0,5,37,134,240,251,251,250,242,219,176,102,41,12,3,2,2,0,0,0,0,0,0,0,0,2,27,139,235,252,251,244,209,136,83,26,7,2,2,2,0,0,0,0,0,0,0,0,0,1,28,124,232,244,243,209,113,42,21,6,4,2,1,2,0,0,0,0,0,0,0,0,0,2,22,150,226,234,212,122,37,7,2,1,3,2,3,1,0,0,0,0,0,0,0,0,1,2,15,121,209,168,95,29,7,1,0,0,0,0,0,0,0,0,0,0,0,0,0,0,0,0,6,24,132,68,39,6,0,0,0,0,0,0,0,0,0,0,0,0,0,0,0,0,0,0,0,4,2,0,2,2,0,0,0,0,0,0,0,0,0,0,0
0,0,0,0,0,0,0,0,0,0,0,0,0,0,0,0,0,0,0,0,0,0,0,0,0,0,0,0,0,0,0,0,0,0,0,0,0,0,0,0,0,0,0,0,0,0,0,0,0,0,0,0,0,0,0,0,0,1,6,7,4,2,2,2,0,0,0,0,0,0,0,0,0,0,0,0,0,0,0,0,4,4,10,29,43,27,9,3,1,0,0,0,0,0,0,0,0,0,0,0,0,0,0,0,4,11,39,107,164,108,28,5,0,0,0,0,0,0,0,0,0,0,0,0,0,0,0,0,6,54,139,193,229,175,60,11,1,0,0,0,0,0,0,0,0,0,0,0,0,0,0,3,19,101,217,231,241,194,73,10,0,0,0,0,0,0,0,0,0,0,0,1,0,0,0,6,67,169,234,249,250,221,95,18,4,0,0,0,0,0,0,0,0,1,1,2,3,2,3,14,91,202,246,253,252,243,197,100,23,5,1,0,0,0,1,0,0,2,1,1,2,4,9,59,158,228,250,250,250,250,239,188,92,12,2,1,1,0,1,0,0,0,1,0,1,6,42,135,221,248,252,252,251,252,246,228,153,40,8,2,2,0,0,0,0,0,4,4,6,24,72,206,244,252,253,253,254,253,251,243,214,133,23,2,1,1,0,0,0,2,2,4,29,96,131,231,251,252,252,254,254,254,251,248,242,191,46,8,0,1,1,0,0,4,4,10,75,167,226,247,252,251,252,254,254,253,251,252,250,234,160,26,3,2,2,0,0,3,6,30,112,197,239,251,253,251,252,253,254,253,252,252,252,249,225,62,9,2,1,0,0,4,22,84,170,228,244,251,253,252,251,253,253,254,254,252,253,253,239,123,39,7,2,0,0,6,67,156,213,240,250,252,253,253,253,253,252,254,254,254,253,253,247,222,124,36,5,0,0,13,92,193,236,247,251,252,251,252,252,252,253,253,252,251,250,248,249,243,212,106,12,0,0,14,135,201,230,242,246,247,246,243,241,239,236,232,228,224,220,215,207,215,211,126,15,0,0,11,102,117,118,146,202,200,189,177,166,155,142,129,117,104,95,86,81,124,141,91,10,0,0,5,21,19,16,35,78,78,68,59,50,41,32,23,14,12,12,11,11,29,40,27,5,0,0,1,4,3,2,4,7,9,8,6,5,3,3,2,1,1,1,1,2,5,4,4,2,0,0,0,1,0,0,1,1,3,1,0,0,0,0,0,0,0,0,0,0,0,0,0,0,0,0,0,0,0,0,0,0,0,0,0,0,0,0,0,0,0,0,0,0,0,0,0,0,0,0
0,0,0,0,1,5,4,4,3,3,2,6,0,0,0,0,0,0,0,0,0,0,0,0,0,0,0,0,0,4,2,2,2,2,1,4,3,5,2,1,0,0,0,0,0,0,0,0,0,0,0,0,0,3,2,2,3,3,3,5,4,5,5,3,2,0,0,0,0,0,0,0,0,0,0,0,2,3,4,10,17,19,44,28,31,10,4,5,1,2,1,0,0,0,0,0,0,0,0,1,4,8,12,30,68,93,139,105,128,61,39,14,5,2,1,2,0,0,0,0,0,0,0,1,8,47,81,100,158,214,215,220,231,201,169,43,18,5,2,4,3,0,0,0,0,0,1,3,17,114,183,210,239,247,251,252,251,248,234,192,109,15,3,1,3,3,4,0,0,0,1,9,67,178,218,245,249,253,254,254,253,250,251,241,173,56,15,4,2,3,5,0,0,0,2,16,133,234,247,249,250,253,254,254,253,250,253,242,216,182,54,14,4,1,1,0,0,1,5,42,163,243,252,252,253,254,255,255,254,254,253,252,248,212,161,36,4,2,0,0,0,1,9,75,198,245,252,253,254,255,255,255,255,255,255,254,252,248,222,51,12,2,0,0,0,0,11,80,189,246,253,254,255,255,255,255,255,255,255,255,255,253,239,161,39,5,0,0,0,0,12,84,209,249,253,253,255,255,255,255,255,255,255,255,254,254,245,174,61,8,0,0,0,0,13,97,212,249,252,254,255,255,255,255,255,255,255,254,254,251,244,205,72,7,0,0,0,0,9,85,194,244,253,254,255,255,255,255,255,255,254,254,253,252,244,172,62,7,0,0,0,0,5,36,149,233,251,254,254,255,255,255,255,255,254,253,252,251,238,174,47,4,0,0,0,0,2,18,122,207,243,252,253,254,254,254,255,255,254,253,251,249,227,109,16,2,0,0,0,0,2,10,57,107,205,236,249,252,253,254,254,254,254,253,249,228,184,69,7,0,0,0,0,0,2,5,10,25,122,165,238,249,251,253,253,252,253,250,240,189,103,17,2,0,0,0,0,0,3,4,4,10,37,64,202,228,245,250,250,250,250,242,183,98,41,8,0,0,0,0,0,0,1,2,4,3,5,17,67,128,206,217,213,225,207,195,111,21,9,4,0,0,0,0,0,0,0,0,0,2,4,6,12,29,56,114,68,151,78,66,34,11,4,1,0,0,0,0,0,0,0,0,0,0,0,3,1,4,9,14,18,20,16,10,9,2,1,0,0,0,0,0,0,0,0,0,0,0,0,0,1,10,6,4,0,12,4,1,3,3,0,0,0,0,0,0,1
0,0,0,0,0,0,0,0,0,0,0,0,0,0,0,0,0,0,0,0,0,0,0,0,0,0,0,0,0,0,0,0,0,0,1,4,6,14,13,8,2,0,0,0,0,0,0,0,0,0,0,0,0,0,0,0,0,0,3,19,49,71,127,51,5,2,0,0,0,0,0,0,0,0,0,0,2,2,1,0,1,7,19,67,197,215,160,47,6,1,0,0,0,0,0,0,0,0,0,0,2,4,4,4,11,44,131,173,233,239,193,58,8,0,0,0,0,0,0,0,0,0,1,2,2,5,10,16,59,160,228,243,247,243,203,74,7,0,0,0,0,0,0,0,0,0,1,2,3,13,78,82,162,234,249,251,252,247,176,42,7,1,0,0,0,0,0,0,0,0,4,6,19,66,115,219,242,249,252,250,250,246,203,93,9,0,0,0,0,0,0,0,0,3,11,60,105,171,184,245,252,253,253,252,251,247,220,131,15,1,1,0,0,0,0,0,0,14,67,144,216,238,248,251,253,253,254,254,253,249,228,146,20,3,2,0,0,0,0,0,0,123,163,196,240,249,253,252,253,254,254,254,253,252,233,167,50,3,2,2,1,1,0,0,0,191,224,236,249,252,252,250,251,253,254,253,250,248,233,151,28,5,2,2,1,4,0,0,0,213,243,250,252,253,252,251,252,253,254,252,252,249,237,149,25,2,0,1,1,4,0,0,0,218,245,250,251,252,253,253,253,253,253,253,252,252,240,154,32,2,1,2,1,1,0,0,0,132,219,227,237,248,252,252,253,253,253,253,252,253,241,147,32,6,0,2,2,1,0,0,0,45,90,104,164,222,231,242,251,252,253,253,253,253,244,162,51,7,0,0,1,0,0,0,0,8,14,23,63,98,114,194,230,237,250,250,252,253,246,184,74,10,1,2,2,1,0,0,1,1,2,4,11,18,53,88,110,210,223,230,243,248,246,203,96,12,1,2,2,0,0,0,1,2,3,2,1,3,11,16,27,88,100,135,210,219,226,221,119,13,1,2,0,0,0,0,1,1,1,1,1,1,1,2,5,13,20,45,85,98,171,192,106,12,3,3,0,0,0,0,0,0,0,1,1,1,0,0,0,1,3,8,12,20,62,77,45,7,3,2,0,0,0,0,0,0,0,0,0,0,0,0,0,0,0,0,1,5,8,11,25,4,3,1,0,0,0,0,0,0,0,0,0,0,0,0,0,0,0,0,3,3,2,3,2,3,1,0,0,0,0,0,0,0,0,0,0,0,0,0,0,0,0,0,0,0,0,0,0,0,0,0,0,0,0,0,0
0,0,0,0,0,0,0,0,0,0,0,0,0,0,0,0,0,0,0,0,0,0,0,0,0,0,0,0,0,0,0,0,0,1,1,0,1,6,1,5,5,1,0,0,0,0,0,0,0,0,0,0,0,0,1,1,1,3,4,8,3,3,1,3,4,6,3,1,0,0,0,0,0,0,2,0,0,2,2,2,3,2,3,2,1,0,0,0,3,4,5,1,1,0,0,0,0,1,4,2,2,2,1,3,9,21,35,28,22,21,17,9,4,2,3,1,2,0,0,0,0,1,2,2,3,2,4,19,54,87,186,188,177,161,142,68,15,5,3,1,1,0,0,0,0,1,1,1,4,8,13,58,177,214,242,247,245,240,229,189,64,9,4,2,1,0,0,0,0,7,4,1,8,33,77,120,215,247,249,250,252,252,250,237,147,37,14,8,0,1,0,0,0,6,4,3,14,79,195,220,246,252,252,251,253,253,253,248,220,169,125,16,1,1,0,0,0,5,3,5,44,145,238,251,253,254,254,254,254,254,254,252,247,240,187,29,6,2,1,0,0,4,3,9,80,198,247,254,254,255,255,255,255,255,255,254,251,249,217,102,10,4,2,0,4,2,1,12,103,216,250,254,255,255,255,255,255,255,255,254,254,250,232,118,12,4,2,0,1,2,1,12,108,219,249,254,254,255,255,255,255,255,255,255,254,252,204,81,13,3,0,0,1,2,1,15,120,221,249,253,254,255,255,255,255,255,255,255,253,251,227,83,10,4,0,0,2,2,1,15,145,232,249,252,253,254,255,255,255,255,255,254,253,252,235,73,14,2,1,0,1,2,1,10,80,201,248,252,253,254,255,255,255,255,254,254,254,249,223,147,15,5,1,0,0,2,3,4,22,171,234,246,253,254,255,255,254,254,254,253,252,240,161,26,9,2,0,0,0,1,5,2,12,76,118,227,253,254,254,254,254,253,253,249,234,214,83,14,4,3,0,0,0,0,2,3,6,12,36,214,243,252,252,254,253,251,250,237,151,110,90,8,2,5,0,0,0,0,2,1,2,5,17,85,197,240,248,250,249,244,227,198,57,20,9,5,2,1,0,0,0,0,0,4,1,3,9,24,78,186,200,203,207,202,115,67,17,3,0,1,1,0,0,0,0,0,0,4,1,1,2,5,20,40,49,51,52,49,26,11,4,3,2,0,0,0,0,0,0,0,0,1,2,1,0,1,4,11,11,7,6,4,3,4,4,0,0,0,0,0,0,0,0,0,0,0,3,0,4,1,1,0,0,4,10,12,7,0,0,0,0,0,0,0,0,0,1
0,0,3,0,9,0,0,0,0,0,0,0,0,0,0,0,0,0,0,0,0,0,0,0,0,0,0,0,2,2,1,5,0,0,0,0,0,0,0,0,0,1,0,0,0,0,0,0,0,0,0,0,2,2,1,6,1,1,1,1,1,1,1,0,0,1,2,2,2,2,2,0,0,0,0,1,3,0,1,2,2,1,1,1,1,1,1,1,1,1,1,4,1,2,0,0,0,0,1,0,1,2,3,2,5,2,1,1,1,1,1,1,1,1,2,1,0,2,0,0,0,0,3,1,3,7,13,19,21,19,17,15,14,13,12,11,10,10,11,5,4,1,0,6,0,2,4,4,2,8,61,150,156,148,140,131,122,113,104,94,85,76,64,39,10,3,1,3,0,3,4,3,2,12,101,227,242,242,239,235,229,224,218,213,207,201,189,124,14,2,6,5,0,4,2,0,2,15,118,235,251,253,253,253,253,252,252,251,250,249,236,157,20,2,3,5,0,3,1,0,1,16,130,238,253,253,254,254,254,254,254,254,254,252,242,155,20,1,0,0,0,0,0,0,0,18,144,241,254,254,255,255,255,255,255,255,254,253,243,153,19,0,0,0,0,0,0,0,0,20,156,244,255,255,255,255,255,255,255,255,255,255,243,151,18,0,0,0,0,0,0,0,0,21,168,245,255,255,255,255,255,255,255,255,255,255,242,148,18,0,0,0,0,0,0,0,0,23,180,247,255,255,255,255,255,255,255,255,255,255,242,144,17,0,0,0,0,0,0,0,0,25,192,249,255,255,255,255,255,255,255,255,255,255,241,142,17,0,0,0,0,0,0,0,0,27,204,251,255,255,255,255,255,255,255,255,255,255,241,139,16,0,0,0,0,0,0,0,1,32,217,252,255,255,255,255,255,255,255,255,255,255,241,136,16,0,0,0,0,0,0,0,2,45,226,253,255,255,255,255,255,255,255,255,255,255,240,133,15,0,0,0,0,0,0,0,4,57,228,254,255,255,255,255,255,255,255,255,255,255,240,130,15,0,0,0,0,0,0,0,7,69,229,254,254,254,254,254,254,254,254,254,254,254,238,126,15,0,0,0,0,0,0,1,9,81,230,253,253,254,254,254,254,254,254,254,254,252,236,123,16,1,0,5,0,0,0,2,12,92,232,251,254,255,255,255,255,255,255,255,254,252,240,128,23,4,3,7,6,4,2,2,13,104,234,251,254,255,255,245,235,225,225,225,225,224,218,189,68,3,2,14,7,13,5,1,0,113,253,255,255,255,255,255,0,0,0,0,0,0,0,0,0,0,0,0,3
0,0,0,0,0,0,0,0,18,240,225,46,0,4,3,0,0,0,0,0,0,0,0,0,0,0,0,0,0,0,0,2,28,155,235,216,65,34,6,0,0,0,0,0,0,0,0,0,0,0,0,0,0,0,1,3,40,209,240,238,143,69,9,1,0,0,0,0,0,0,0,0,0,0,0,0,0,0,1,6,54,227,241,245,223,99,23,3,0,0,0,0,1,3,0,0,0,0,0,0,0,0,2,23,101,235,253,253,245,213,95,23,12,5,1,2,4,0,1,0,0,0,0,0,0,0,2,46,195,236,252,254,253,245,229,166,67,8,1,2,4,0,0,0,0,0,0,0,0,0,5,23,85,243,253,250,250,252,243,219,107,14,3,0,1,1,0,0,6,2,0,2,3,5,11,60,174,243,253,250,250,252,247,231,140,43,6,1,1,2,0,0,2,4,2,3,5,8,46,141,237,250,252,254,254,253,253,244,220,123,26,8,4,2,5,3,0,3,2,2,3,5,79,207,243,254,254,253,255,255,254,249,245,224,131,81,10,3,1,2,1,0,2,1,1,7,30,122,246,253,250,254,255,255,253,251,251,244,198,139,19,4,0,4,2,3,1,6,6,17,100,209,247,253,252,254,255,254,253,253,253,251,241,174,54,9,1,0,0,1,2,2,9,77,179,242,252,252,252,253,255,254,254,252,253,253,250,239,170,37,14,0,2,0,3,3,15,124,225,247,253,252,249,254,254,254,254,252,254,254,254,250,240,206,117,3,1,0,4,3,14,142,230,247,254,253,254,253,254,252,253,254,254,254,252,251,247,232,173,5,2,2,2,3,13,58,223,250,254,254,253,252,253,253,254,253,253,252,248,238,232,225,193,71,0,0,3,6,19,138,224,250,253,252,253,253,253,254,252,244,240,238,227,184,175,175,165,165,0,1,2,11,115,195,239,251,253,250,246,244,244,244,234,192,180,179,168,42,33,33,33,20,0,2,4,22,151,224,247,246,243,242,203,194,187,186,176,44,34,33,26,19,4,3,3,1,0,2,3,66,168,222,200,198,191,183,175,43,35,35,28,10,2,3,4,4,2,3,5,3,0,0,3,18,136,169,45,38,37,37,30,10,2,2,2,1,1,1,2,2,1,3,5,4,0,0,0,10,23,25,12,3,3,4,3,2,1,0,0,0,0,0,1,0,2,2,0,1,0,0,7,4,5,5,2,2,1,2,3,1,1,1,0,1,1,1,1,1,0,0,0,0,0,0,6,5,8,5,1,1,2,2,4,1,3,2,2,1,0,0,0,0,0,0,0,0,0
0,0,0,0,0,0,0,0,0,0,0,0,0,0,0,0,0,0,0,0,0,0,0,0,0,0,0,0,1,5,24,206,204,150,42,8,3,2,1,1,0,0,0,0,0,0,0,0,0,0,0,0,1,28,111,221,232,153,67,20,4,1,3,2,1,2,3,1,0,0,0,0,0,0,0,0,1,9,80,214,231,210,126,35,6,2,2,2,1,1,1,0,0,0,0,0,0,0,0,0,0,4,22,158,226,228,143,49,13,4,3,1,0,0,0,0,0,0,0,0,0,0,0,1,5,4,12,79,204,242,198,108,29,5,1,2,1,1,0,0,0,0,0,0,0,0,0,2,4,2,7,50,197,241,223,145,44,6,1,2,2,1,0,0,0,0,0,0,0,0,0,2,3,2,4,26,161,205,238,208,85,15,2,2,1,0,0,0,0,0,0,0,0,0,0,1,3,2,4,14,81,178,237,218,145,42,7,1,1,0,0,1,0,0,0,0,0,0,2,1,2,3,3,6,22,108,224,230,174,87,17,3,4,5,4,1,0,0,0,0,0,0,1,0,0,4,4,2,11,83,199,235,214,114,23,4,4,4,1,0,1,1,1,0,0,0,0,1,3,3,6,3,7,46,135,210,231,144,55,12,3,2,0,0,0,2,2,0,0,0,0,0,0,0,0,1,5,34,94,205,240,206,127,26,4,4,0,3,1,2,3,4,0,0,0,0,0,0,0,1,3,11,69,185,236,225,157,45,9,1,1,3,2,1,2,4,0,0,0,0,0,1,1,2,2,5,46,161,225,241,213,88,17,3,1,3,2,0,0,0,0,0,0,0,0,0,1,1,2,4,19,73,183,240,227,112,43,10,3,3,2,0,0,0,0,0,0,0,0,0,0,2,3,3,6,26,118,225,233,190,95,20,3,2,2,0,0,0,0,0,0,0,0,1,0,1,4,2,3,18,98,201,235,226,133,28,3,1,1,0,0,0,0,0,0,0,2,2,1,1,3,4,3,13,60,144,215,234,145,57,11,1,0,0,0,0,0,0,0,0,1,2,1,1,4,1,4,11,44,111,201,238,186,123,29,3,0,0,0,0,0,0,0,0,0,1,3,0,0,1,3,5,15,82,183,230,218,168,48,6,0,0,0,0,0,0,0,0,0,0,0,0,0,3,5,4,6,47,136,199,213,185,84,14,0,0,0,0,0,0,0,0,0,0,0,0,0,0,6,1,2,7,16,24,27,22,13,4,0,0,0,0,0,0,0,0,0,0,0,0,0,0,0,0,0,0,0,0,0,0,0,0,0,0,0,0,2
0,0,0,0,1,60,230,199,104,56,1,2,2,0,0,0,0,0,0,0,0,0,0,0,0,0,0,2,44,170,202,237,232,170,105,54,13,6,2,0,0,0,0,0,0,0,0,0,0,0,0,4,29,111,220,242,249,239,223,152,96,36,6,2,1,0,0,0,0,0,0,0,0,0,0,4,48,167,205,242,251,252,244,231,156,106,40,12,6,1,0,0,0,0,0,0,0,0,3,7,36,122,215,246,251,251,252,248,237,221,136,99,29,11,5,2,0,3,0,0,0,0,2,7,50,157,203,246,251,253,252,252,253,248,234,215,115,87,16,5,2,3,5,0,0,0,5,5,45,154,233,249,252,253,253,253,253,253,252,234,220,120,94,24,12,6,2,0,0,1,5,5,46,153,226,251,252,251,253,252,253,254,253,251,243,224,196,114,80,24,12,0,4,1,1,4,24,109,227,249,252,251,253,253,253,253,252,253,252,248,239,216,173,96,65,0,4,1,2,6,43,136,203,250,251,252,253,254,253,253,251,253,253,251,244,225,187,124,79,0,0,3,3,8,51,157,227,249,253,254,254,254,252,252,252,250,245,229,211,171,98,24,9,0,0,1,1,6,51,145,207,249,254,253,254,254,250,251,248,231,200,153,108,65,51,7,0,0,0,0,0,4,34,113,200,247,253,253,253,251,247,247,231,162,104,72,34,10,5,4,0,0,0,0,0,3,36,115,199,248,250,250,251,243,238,226,166,70,43,10,5,2,2,2,0,0,0,0,0,4,38,141,230,249,252,251,247,230,172,158,62,13,4,3,2,2,2,2,0,0,0,0,0,5,41,145,230,249,248,242,217,180,73,55,17,2,1,1,2,3,2,2,0,0,0,0,1,9,55,158,229,239,225,155,103,73,28,6,2,1,1,0,2,2,2,0,0,0,0,1,3,11,62,170,225,176,116,55,17,7,5,2,1,1,1,0,0,2,0,0,0,0,0,1,1,7,57,136,175,98,31,14,3,0,0,0,0,0,0,2,2,1,0,0,0,0,0,0,0,6,23,40,49,28,8,2,0,0,0,0,0,0,2,4,2,0,0,0,0,0,0,0,0,1,3,4,4,4,2,0,0,0,0,0,0,0,0,2,1,0,0,0,0,0,0,0,0,0,0,0,1,2,1,0,0,0,0,0,0,0,0,0,0,0,0,0,0,0,0,0,0,0,0,0,0,0,0,0,0,0,0,0,0,0,0,0,0,0,0,0,0,0,0,0,0,0,0,0,0,0,0,0,0,0,0,0,0,0,0,0,0,0,0,0,0,0,0
0,0,0,0,0,0,0,0,0,0,0,0,0,0,0,0,0,0,0,0,0,0,0,0,0,0,0,0,0,0,0,0,0,0,0,1,2,1,0,0,0,0,0,0,0,0,0,0,0,0,0,0,0,0,0,0,1,2,3,1,2,2,0,2,3,0,0,0,0,0,0,0,0,0,0,0,0,0,0,0,1,2,5,7,11,9,6,2,2,0,0,0,0,0,0,0,0,0,0,0,0,0,0,0,2,8,16,68,102,64,14,2,4,0,0,0,0,0,0,0,0,0,0,0,0,0,0,1,10,53,121,165,198,146,21,3,2,0,0,0,0,0,0,0,0,0,0,0,0,1,1,8,26,123,212,228,226,144,20,1,1,0,0,0,0,0,0,0,0,0,0,1,0,5,16,33,75,181,239,245,236,141,22,3,0,0,0,0,0,0,0,0,0,1,1,0,2,19,91,167,202,233,249,252,241,173,66,3,0,0,0,0,0,0,0,0,0,1,1,4,14,51,145,226,244,248,251,252,245,164,29,7,0,0,0,0,0,0,0,0,0,2,4,19,105,194,221,241,248,252,250,250,247,199,89,18,2,1,1,0,0,0,0,0,0,1,12,102,208,238,247,249,253,253,253,253,250,240,180,40,3,2,2,1,0,1,0,0,0,27,50,149,240,251,252,253,253,254,254,253,253,246,189,34,4,2,2,2,2,2,0,0,0,151,208,236,248,253,253,253,253,254,254,253,252,249,202,39,3,0,1,1,1,1,0,0,0,191,238,250,252,253,252,253,254,254,253,251,251,250,211,57,10,3,3,2,1,1,0,0,0,178,226,238,247,251,252,253,253,253,253,252,253,251,223,140,42,6,1,1,0,0,0,0,0,84,148,160,216,232,240,249,253,252,253,253,253,251,238,184,58,7,3,1,1,0,0,0,0,12,19,29,114,142,162,228,237,245,250,251,252,252,236,166,66,10,2,1,0,0,0,0,0,2,2,6,11,21,106,116,157,206,214,235,244,246,240,209,121,24,4,1,0,0,0,0,0,1,0,1,1,5,9,16,46,85,95,167,188,201,233,215,148,51,5,1,0,0,0,0,0,0,0,0,0,0,0,1,4,8,16,50,60,80,166,158,116,44,5,0,0,0,0,0,0,0,0,0,0,0,0,0,1,1,5,5,7,14,30,34,54,36,3,0,0,0,0,0,0,0,0,0,0,0,0,0,0,2,4,2,1,3,5,7,7,6,1,0,0,0,0,0,0,0,0,0,0,0,0,0,0,0,0,0,0,0,0,0,0,0,0,0,0,0,0,0,0
0,0,0,0,0,0,0,0,0,0,0,0,0,0,0,0,0,0,0,0,0,0,0,0,0,0,0,1,0,2,1,1,0,0,0,0,0,1,1,1,1,0,1,2,1,0,0,0,1,0,3,4,5,3,0,0,0,0,0,0,0,0,0,3,2,1,1,2,6,4,0,0,0,2,3,5,6,5,6,7,6,6,6,6,6,7,8,9,9,9,10,11,9,5,0,0,3,5,29,40,44,46,48,51,54,57,59,62,65,67,69,72,74,79,81,77,61,9,0,0,2,7,89,139,157,161,164,168,172,175,179,182,185,187,189,191,193,199,198,170,100,8,0,0,6,7,63,173,221,231,236,237,239,241,242,244,244,245,245,245,245,244,231,182,50,6,0,0,4,3,21,134,215,245,251,251,252,252,253,253,252,252,252,252,251,242,210,133,23,3,0,0,1,0,9,63,161,228,250,253,253,253,254,253,253,252,252,252,249,228,155,45,9,3,0,0,2,1,2,14,71,176,243,252,253,252,253,254,253,251,251,253,241,199,82,13,4,0,0,0,1,2,0,5,23,127,222,248,252,252,253,254,253,252,252,250,230,154,49,6,2,0,0,0,1,3,1,2,10,55,155,238,249,250,253,254,254,251,252,242,178,67,12,4,1,2,0,0,2,2,2,0,2,22,119,218,244,252,253,254,253,253,249,225,101,16,3,2,0,1,0,0,0,0,1,0,1,10,48,139,231,247,252,253,252,250,239,164,55,8,2,1,3,0,0,0,7,1,0,3,2,2,21,109,208,242,250,250,252,244,182,73,16,4,2,1,2,4,0,0,6,2,0,1,1,1,10,47,132,217,247,252,249,229,108,20,3,0,1,0,0,1,0,0,1,1,0,0,0,0,2,12,55,152,238,248,241,175,59,6,0,0,0,0,0,0,0,0,0,0,0,0,0,0,0,3,22,98,203,239,226,110,21,2,0,0,0,0,0,0,0,0,0,0,0,0,0,0,0,1,10,47,145,225,180,65,9,0,0,0,0,0,0,0,0,0,0,0,0,0,0,0,0,0,3,18,88,155,85,19,5,1,0,0,0,0,0,0,0,0,0,0,0,0,0,0,0,0,2,7,20,21,14,6,3,1,0,0,0,0,0,0,0,0,0,0,0,0,0,0,0,0,1,2,1,3,5,4,1,0,0,0,0,0,0,0,0,0,0,0,0,0,0,0,0,0,0,0,2,2,1,4,2,0,0,0,0,0,0,0,0,0,0,0,0,0,0,0,0,0,0,0,0,0,0,0,0,0,0,0,0,0,0,0,0,0,0
0,0,0,0,0,0,0,0,0,2,2,0,4,5,4,2,3,3,6,0,0,0,0,0,0,0,0,0,0,2,5,1,1,1,5,7,4,2,2,7,2,3,3,3,0,0,0,0,0,1,3,2,3,5,5,6,4,7,2,10,12,14,11,7,6,1,1,2,2,2,0,0,5,6,3,3,2,5,2,4,13,19,27,33,170,74,23,17,10,8,2,2,1,3,0,0,2,1,2,3,4,3,10,18,29,179,189,196,199,203,178,100,95,21,12,6,3,1,0,0,1,1,3,3,3,12,24,73,185,235,249,248,248,248,242,211,199,116,26,11,2,2,0,0,13,6,1,5,12,30,175,203,239,251,249,253,253,252,251,250,245,229,141,16,6,4,0,0,4,3,2,9,83,179,237,251,253,253,254,252,254,254,253,254,254,244,160,32,10,3,4,0,1,4,9,21,112,212,249,255,255,254,254,254,255,255,255,254,254,247,206,115,23,9,8,0,2,7,15,107,201,244,252,255,255,254,255,255,255,255,255,255,254,252,246,230,156,14,2,0,2,4,23,147,236,249,254,255,255,255,255,255,255,255,255,255,254,253,253,245,168,22,1,0,6,4,17,143,171,249,253,253,255,255,255,255,255,255,255,255,254,253,252,246,175,29,5,2,0,4,14,40,203,248,254,255,255,255,255,255,255,255,255,255,253,254,251,246,222,106,5,2,5,1,14,108,233,251,254,255,255,255,255,255,255,255,255,255,255,254,253,247,201,29,5,3,5,2,12,155,232,249,254,253,255,255,255,255,255,255,255,255,255,255,253,242,151,21,1,2,0,5,9,31,179,248,252,253,254,255,255,255,255,255,255,255,255,255,251,217,118,16,2,6,0,0,3,21,165,240,250,253,254,255,255,255,254,254,254,254,254,253,243,203,101,10,2,8,0,1,1,14,106,196,233,244,252,254,254,254,253,250,254,253,251,239,194,102,21,7,2,3,0,0,2,6,13,28,118,208,247,252,253,254,252,249,252,241,208,182,34,16,7,1,4,11,0,0,2,3,3,8,24,135,211,244,251,252,251,250,238,192,71,22,13,4,3,3,1,1,0,0,3,1,6,6,13,90,101,184,203,225,200,196,187,29,10,6,1,1,2,1,3,1,0,0,0,1,3,2,5,9,16,22,31,70,30,28,19,14,1,0,0,4,4,4,0,0,0,0,0,0,4,3,3,2,0,0,3,4,4,2,6,4,3,2,4,0,0,0,0,0,0,0,0,1,8,8,3,1,0,1,3,3,12,5,5,0,0,0,0,0,0,0,0,0,1
0,0,0,0,0,0,0,0,0,0,0,3,1,0,0,0,3,2,0,0,2,1,0,0,0,0,2,1,2,2,2,2,2,1,1,3,3,2,2,4,2,1,2,2,1,0,1,0,0,4,4,3,5,4,3,3,3,2,1,2,2,2,2,2,0,1,2,2,1,3,1,0,0,2,3,6,8,12,15,16,14,10,7,4,3,3,3,1,0,3,7,1,0,2,8,0,0,8,12,33,78,96,104,110,112,91,43,22,20,14,6,4,2,2,3,3,2,1,2,0,59,62,87,123,198,216,219,221,219,196,155,142,143,105,26,9,2,3,6,5,2,0,1,0,211,174,208,224,244,250,249,249,249,244,236,233,231,204,143,40,10,5,5,3,3,2,0,0,252,240,247,251,253,253,251,251,253,253,253,253,251,246,227,162,62,8,2,2,2,1,0,0,249,251,253,253,254,254,253,254,254,254,254,254,254,253,248,223,103,24,4,2,1,1,1,0,250,251,253,254,255,255,254,254,255,255,255,255,254,253,250,237,177,82,9,1,2,1,1,0,251,241,253,254,255,255,255,255,255,255,255,255,253,253,251,245,216,112,13,1,1,1,0,0,0,233,254,255,255,255,255,255,255,255,255,255,253,252,252,249,218,111,13,2,3,2,0,0,0,224,254,255,255,255,255,255,255,255,255,255,254,253,252,248,213,104,11,3,5,3,0,0,0,224,254,254,255,255,255,255,255,255,255,255,254,254,250,235,175,77,11,3,3,2,0,0,0,224,252,254,255,255,255,255,255,255,255,255,254,253,250,212,100,29,8,3,1,1,0,0,0,221,251,254,255,255,255,254,254,254,254,253,253,252,244,198,73,12,4,1,2,2,0,0,0,191,243,252,253,253,253,253,251,253,253,250,249,241,211,135,47,10,4,2,2,4,0,0,0,76,206,230,235,243,249,249,249,250,246,236,225,184,106,31,13,5,1,2,3,2,0,0,0,29,95,123,132,179,215,220,221,220,206,145,113,70,17,9,3,1,2,2,2,2,0,0,0,5,11,18,27,58,83,87,87,85,74,35,15,12,9,3,1,2,2,0,1,2,0,0,0,1,3,3,4,6,10,13,14,11,8,7,3,2,2,2,2,4,2,1,1,4,0,0,0,0,2,5,5,4,2,1,4,7,3,3,4,0,0,0,0,0,4,6,2,0,0,0,0,0,0,0,0,0,0,0,0,0,0,0,0,0,0,0,0,0,0,0,0,0,0,0,0,0,0,0,0,0,0,0,0,0,0,0,0,0,0,0,0,0,0,0,0,0,0,0,1
0,0,0,0,0,0,0,0,0,0,0,0,0,0,0,0,0,0,0,0,0,0,0,0,0,0,0,0,0,0,0,0,0,0,0,0,0,0,0,0,0,2,5,1,0,0,0,0,0,0,0,0,2,0,0,2,3,3,3,2,1,1,1,2,2,1,3,3,0,0,0,0,2,1,2,2,4,3,2,3,4,4,3,3,3,6,3,1,2,2,0,1,2,0,0,0,4,2,2,3,3,3,7,12,17,16,11,8,5,8,6,2,1,2,2,1,1,0,0,0,0,2,3,3,6,13,30,107,119,121,103,51,28,24,16,5,1,2,2,2,1,0,0,0,2,3,7,14,25,47,134,227,237,236,214,157,130,119,54,18,6,1,1,2,2,0,0,0,2,9,41,100,127,150,228,246,251,252,249,244,236,229,157,66,19,6,3,1,5,0,0,0,3,34,126,212,237,244,249,252,251,253,253,252,252,247,236,178,67,11,3,2,3,2,0,0,4,72,205,243,252,254,254,253,254,254,254,253,253,253,250,233,104,23,8,3,3,2,0,0,2,75,205,249,253,254,254,254,255,255,255,255,254,254,253,242,169,69,12,3,6,2,0,0,4,71,203,249,252,254,255,255,255,255,255,255,255,254,253,249,231,113,13,3,5,2,0,0,7,97,222,251,253,254,255,255,255,255,255,255,254,253,252,252,237,117,13,2,0,2,0,0,18,164,234,252,254,255,255,255,255,255,255,255,254,252,252,251,238,121,18,2,0,0,0,0,22,192,241,251,254,255,255,255,255,255,255,255,254,254,253,250,238,157,47,6,1,2,0,0,3,104,224,250,253,254,255,255,255,255,255,255,255,255,254,251,239,175,70,5,2,1,0,0,0,77,210,244,248,253,255,255,255,255,255,255,255,255,254,250,234,106,23,4,2,2,0,0,0,55,156,210,244,253,254,254,254,253,254,254,254,254,250,239,166,60,8,2,3,2,0,0,0,16,46,131,228,250,252,253,251,251,253,254,253,250,234,167,64,17,5,4,4,2,0,0,0,6,12,77,186,237,246,251,250,250,251,250,244,232,165,50,15,4,3,6,4,1,0,0,0,2,6,25,68,141,198,219,232,224,222,221,193,145,41,14,3,4,3,2,5,0,0,0,0,0,2,4,9,31,66,119,154,102,107,111,87,33,11,3,3,0,0,6,0,0,0,0,0,0,0,0,1,3,7,13,15,14,12,11,8,9,2,0,0,0,0,0,0,0,0,0,0,0,0,0,0,0,0,0,0,0,0,0,0,0,0,0,0,0,0,0,0,0,0,0,1
0,0,0,0,2,2,0,0,0,0,0,0,0,0,0,0,0,0,0,0,0,0,0,0,0,0,0,0,0,1,0,10,104,197,210,215,211,203,198,91,23,16,9,4,0,0,0,0,0,0,0,1,2,1,0,13,101,207,245,251,248,244,236,203,160,137,100,23,10,5,1,0,0,0,0,2,2,2,1,8,64,194,245,253,253,252,250,246,240,235,220,142,110,40,12,0,0,0,0,2,2,2,0,3,24,144,236,252,253,253,253,253,253,253,247,238,224,169,116,0,0,0,0,1,3,2,1,3,17,103,219,250,253,252,253,253,252,253,253,252,249,241,215,0,0,0,1,1,0,1,1,2,37,126,216,248,252,252,253,253,253,253,253,252,251,247,209,0,0,0,1,1,1,1,1,1,12,77,195,244,250,252,253,254,253,252,252,253,248,236,185,0,0,0,2,3,2,1,1,0,5,54,165,231,246,253,254,254,253,252,253,250,233,182,111,0,0,1,2,3,1,1,2,1,3,29,98,200,248,253,254,254,253,251,252,244,202,115,22,0,0,1,1,1,1,1,1,1,3,34,135,218,246,253,253,253,253,251,241,211,125,67,9,0,0,0,0,0,0,0,0,0,2,19,81,187,244,250,250,252,252,245,183,59,19,10,4,0,0,0,0,0,0,0,0,0,0,5,35,146,236,251,251,248,240,211,143,38,4,2,3,0,0,0,0,0,0,0,0,0,0,2,26,132,233,252,252,241,167,106,73,18,5,1,1,0,0,0,0,0,0,0,0,0,0,1,18,115,227,244,245,220,94,21,18,5,3,1,2,0,0,0,0,0,0,0,0,0,0,0,12,72,184,240,235,150,45,5,1,1,2,0,0,0,0,0,0,0,0,0,0,0,0,0,10,84,206,201,190,101,16,1,0,0,0,0,0,0,0,0,0,0,0,0,0,0,1,3,10,59,155,123,54,22,5,0,0,0,0,0,0,0,0,0,0,0,0,0,0,0,0,2,5,13,24,23,10,4,2,0,0,0,0,0,0,0,0,0,0,0,0,0,0,0,0,1,1,2,2,5,3,3,2,0,0,0,0,0,0,0,0,0,0,0,0,0,0,0,1,0,1,2,2,3,3,1,0,0,0,0,0,0,0,0,0,0,0,0,0,0,0,0,0,0,0,1,0,3,3,1,0,0,0,0,0,0,0,0,0,0,0,0,0,0,0,0,0,0,0,0,0,0,0,0,0,0,0,0,0,0,0,0,0,0,0,0,0,0,0,0,0,0,0,0,0,0,0,0,0,0,0,0,0,0,0,0,0
0,0,1,1,1,3,4,4,2,3,5,9,2,2,4,1,0,0,0,0,0,0,0,0,0,0,1,2,2,5,4,3,0,2,3,4,3,4,3,1,3,4,3,4,0,0,0,0,0,0,0,1,7,7,2,0,0,1,3,4,6,7,4,2,2,2,2,2,0,1,2,0,0,1,0,4,2,4,0,5,15,22,26,43,45,41,32,16,2,1,2,1,0,1,2,0,0,1,1,2,1,2,4,17,120,137,171,176,178,171,107,19,4,3,2,1,1,3,2,0,0,1,1,0,1,3,11,79,208,228,239,241,241,233,161,35,16,11,5,2,5,3,0,0,0,0,2,1,2,5,19,164,237,252,252,252,251,247,212,137,120,75,15,3,2,4,2,0,0,0,1,3,4,6,28,181,247,251,253,252,248,252,244,226,217,164,56,8,3,5,2,0,0,0,1,3,8,19,91,204,249,252,253,253,249,253,253,252,248,227,139,30,8,5,3,0,0,1,0,4,37,121,197,236,252,254,254,254,253,254,254,254,253,246,205,96,8,3,3,0,0,1,0,7,77,205,242,248,253,255,255,254,254,255,254,254,254,248,192,58,8,1,2,0,0,1,0,9,78,229,249,252,254,255,255,255,255,255,255,255,254,248,203,67,10,1,1,0,0,2,3,7,61,229,252,252,254,255,255,255,255,255,255,255,254,249,232,149,16,1,1,0,0,1,7,10,50,234,252,252,254,255,255,255,255,255,255,255,254,252,242,186,23,1,2,2,0,5,3,18,167,239,254,254,255,255,255,255,255,255,255,254,253,252,240,191,20,1,1,0,0,3,1,22,196,243,254,255,255,255,255,255,255,255,255,253,252,253,235,76,12,1,0,2,0,0,2,17,113,226,251,252,254,255,255,255,255,255,255,254,253,253,227,32,4,2,1,0,0,0,2,8,43,194,249,252,254,255,255,255,255,255,255,254,253,247,218,33,2,7,1,0,0,0,2,7,32,180,249,254,254,255,255,255,255,255,255,254,253,240,145,31,2,7,2,0,0,0,3,11,111,218,247,254,254,255,255,255,255,254,254,254,253,234,91,19,4,3,1,0,0,0,3,12,62,178,240,251,254,253,254,253,254,253,251,253,248,225,80,12,4,0,2,0,0,0,2,4,17,87,201,246,254,254,253,249,253,253,252,250,237,125,28,6,1,4,0,0,0,0,0,0,3,17,116,218,231,241,249,250,253,253,253,244,179,64,13,4,1,4,0,0,0,0,0,0,0,0,0,0,0,170,249,254,255,254,254,229,103,6,6,2,3,3,0,0,1
0,0,0,0,0,0,0,0,0,0,0,0,0,0,0,0,0,0,0,0,0,0,0,0,0,0,0,0,0,0,0,0,0,0,1,1,4,8,9,6,4,3,3,5,3,0,0,0,0,0,0,0,0,0,0,0,1,4,8,11,19,75,70,35,6,3,2,4,4,0,0,0,0,0,0,0,0,1,3,8,13,21,84,99,104,187,174,92,14,4,1,1,4,0,0,0,0,1,3,5,12,17,22,76,121,127,192,211,214,240,231,165,57,7,2,0,0,0,0,0,0,8,36,41,66,139,146,189,228,233,243,250,252,251,247,210,100,10,1,0,0,0,0,0,0,17,147,162,181,236,244,248,252,254,254,254,254,253,251,219,109,17,2,0,0,0,0,0,0,26,216,244,248,251,254,254,254,254,254,254,254,254,252,236,166,57,5,0,0,0,0,0,0,29,221,253,254,254,254,254,254,255,254,254,255,255,254,248,204,88,8,0,0,0,0,0,0,29,222,253,253,254,255,255,255,255,255,255,255,255,255,251,212,97,16,2,0,0,0,0,0,29,224,254,255,255,255,255,255,255,255,255,255,255,255,252,236,164,53,4,0,0,0,0,0,29,224,254,255,255,255,255,255,255,255,255,255,255,255,254,247,197,76,7,0,0,0,0,0,29,224,254,255,255,255,255,255,255,255,255,255,255,255,255,250,205,86,14,1,0,0,0,0,23,218,248,255,255,255,255,255,255,255,255,255,255,255,255,252,235,162,48,5,0,0,1,0,14,108,238,254,255,255,255,255,255,255,255,255,255,254,254,254,246,187,63,9,1,0,5,0,5,42,228,254,255,255,255,255,255,255,255,254,254,254,253,252,248,196,73,13,2,1,6,0,1,32,219,248,255,255,255,255,254,254,254,254,254,254,254,253,247,227,153,36,5,2,4,0,0,16,107,238,254,254,254,254,254,254,254,252,252,249,240,232,228,166,93,26,6,2,1,0,0,6,58,228,253,254,254,254,252,250,248,242,211,208,179,110,103,58,17,8,3,0,1,0,0,3,49,220,244,251,249,246,239,198,188,184,93,86,66,18,10,9,5,2,0,0,3,0,0,1,19,104,228,235,198,167,161,91,71,66,17,9,5,2,1,1,2,3,0,1,2,0,0,0,5,42,129,140,96,54,48,21,9,5,2,0,0,0,0,0,4,6,1,0,0,0,0,0,1,9,28,34,22,8,4,2,0,0,0,0,0,0,0,0,0,0,0,0,0,0,0,0,0,0,0,0,0,0,0,0,0,0,1,1,0,0,0,0,0,0,0,0,0,3
0,0,0,0,0,0,0,0,0,0,0,0,0,0,0,0,0,0,0,1,9,0,0,0,0,0,0,0,0,0,0,1,1,0,1,0,1,3,4,2,4,13,48,107,52,40,8,0,0,0,0,0,0,0,0,0,2,4,4,0,0,3,4,3,11,50,148,218,214,142,12,0,0,0,0,0,0,0,0,1,3,1,1,3,1,3,5,12,51,147,222,238,206,115,12,0,0,0,0,0,0,0,0,0,0,1,3,4,1,6,11,46,144,222,238,208,124,31,5,0,0,0,0,0,0,0,0,0,0,0,5,2,3,10,44,142,219,236,205,120,36,7,1,0,0,0,0,0,0,0,0,1,1,2,2,4,10,30,144,221,237,204,123,39,9,2,0,0,0,0,0,0,0,0,0,0,1,2,2,7,26,145,220,237,205,122,39,8,1,2,0,0,0,0,0,0,0,1,2,1,1,2,7,30,139,222,239,206,122,41,9,3,2,1,0,0,0,1,2,3,1,0,3,7,4,8,37,134,219,239,210,122,39,9,4,3,2,0,0,0,0,4,2,0,0,3,4,2,9,39,130,216,238,210,115,36,11,4,2,3,2,0,0,0,0,0,1,0,4,2,4,9,37,126,215,240,208,112,32,8,4,2,4,4,0,1,0,0,0,0,0,4,2,3,11,41,127,217,237,208,113,33,8,2,4,3,0,0,0,2,4,0,0,0,1,3,4,9,41,131,217,238,212,115,28,7,3,7,4,1,0,1,3,2,1,0,0,0,2,1,7,34,128,213,240,216,118,20,6,1,1,1,3,2,0,0,0,0,0,0,0,0,0,5,22,121,213,239,212,125,20,6,1,2,1,0,0,0,0,0,0,0,0,0,0,0,7,25,120,213,236,207,121,24,8,3,2,2,1,1,0,0,0,0,0,0,0,0,0,5,28,118,212,236,206,119,36,9,2,1,4,0,0,0,0,0,0,0,0,0,0,0,0,8,106,201,235,209,117,36,9,4,1,4,2,0,0,0,0,0,0,0,0,0,0,0,0,9,94,211,205,111,32,7,3,4,1,2,1,1,3,1,0,0,0,0,0,0,0,0,0,5,42,137,98,26,6,3,6,3,0,0,3,3,2,0,0,0,0,0,0,0,0,0,0,1,7,15,10,4,4,2,1,4,1,0,0,0,1,2,0,0,0,0,0,0,0,0,0,0,0,0,0,0,0,0,0,0,0,0,0,0,0,0,0,0,0,0,0,0,0,0,0,0,0,0,0,0,0,0,0,0,0,0,0,0,0,0,0,0,0,0,0,0,0,0,2
0,0,0,0,0,0,0,0,0,0,0,0,0,0,0,0,0,0,0,0,0,0,0,0,0,0,0,1,2,4,2,1,1,0,0,0,0,0,0,0,0,0,1,2,1,0,0,0,0,0,0,2,2,2,5,1,1,0,0,0,0,0,0,0,0,1,1,3,4,2,0,0,0,1,1,2,1,1,2,3,1,0,0,0,0,0,0,0,0,1,2,2,1,2,0,0,0,4,2,1,2,3,5,8,6,5,5,5,5,5,5,5,5,6,8,6,4,1,0,0,0,1,6,2,6,16,42,53,55,54,54,54,54,54,54,54,54,55,54,49,26,6,0,0,0,4,3,3,5,45,158,210,217,217,217,217,217,217,217,217,217,217,215,194,101,12,0,0,0,1,0,1,7,53,176,241,250,252,252,252,252,252,252,252,252,252,249,229,132,16,2,0,0,0,0,0,5,51,173,244,253,253,254,254,254,254,254,254,254,254,252,239,146,19,3,0,0,0,0,0,4,49,169,245,254,254,254,254,254,254,254,254,254,254,254,243,161,20,1,0,0,0,0,0,4,47,166,244,255,255,255,255,255,255,255,255,255,255,255,245,170,22,1,0,0,0,0,0,4,45,162,244,255,255,255,255,255,255,255,255,255,255,255,246,177,36,2,0,0,0,0,0,3,43,158,243,255,255,255,255,255,255,255,255,255,255,255,247,186,51,4,0,0,0,0,0,3,41,154,243,255,255,255,255,255,255,255,255,255,255,255,248,194,66,6,0,0,0,0,0,3,39,150,242,255,255,255,255,255,255,255,255,255,255,255,249,201,81,8,0,0,0,0,0,3,37,146,241,255,255,255,255,255,255,255,255,255,255,255,250,210,95,10,0,0,0,0,0,3,35,142,240,254,255,255,255,255,255,255,255,255,255,255,251,218,110,13,0,0,3,0,0,3,34,138,239,253,253,254,254,254,254,254,254,254,254,254,251,224,123,15,0,0,4,0,0,4,32,134,237,251,253,254,254,254,254,254,254,254,254,253,250,231,138,17,2,0,2,4,2,7,36,133,235,244,246,247,247,247,247,247,247,247,247,246,244,232,147,18,5,0,2,3,3,12,73,158,172,177,177,177,177,177,177,177,177,177,177,177,177,172,115,12,4,0,0,0,5,8,13,21,22,22,22,22,22,22,22,22,22,22,22,22,24,23,14,7,0,0,0,0,0,0,0,0,0,0,0,0,0,0,0,0,0,0,0,0,0,0,0,0,0,0,0,0,0,0,0,0,0,0,0,0,0,0,0,0,0,0,0,0,0,0,0,0,0,3
0,0,0,0,0,0,0,0,0,255,242,14,191,194,10,2,0,8,3,5,2,0,0,0,0,0,0,0,7,27,213,223,235,243,239,200,237,235,153,36,21,12,2,4,2,0,0,0,0,0,1,8,30,179,242,254,254,253,251,252,252,249,240,231,206,22,1,3,2,0,0,0,0,4,2,14,165,236,252,253,253,249,254,255,255,255,254,254,235,53,10,3,3,2,0,0,1,1,5,24,147,247,253,254,253,252,254,254,254,255,254,251,241,201,20,0,1,1,0,0,2,3,7,29,222,250,252,254,255,255,255,255,255,255,254,251,250,232,41,11,2,0,2,0,0,6,14,87,237,253,254,254,255,255,255,255,255,255,254,253,253,242,214,21,1,5,3,0,2,7,37,218,243,251,252,255,255,255,255,255,255,255,255,253,252,253,225,29,1,10,2,0,1,5,30,211,250,248,253,255,255,255,255,255,255,255,255,253,252,253,233,39,10,6,3,0,0,1,29,224,250,252,254,255,255,255,255,255,255,255,255,255,254,251,232,190,15,5,1,0,1,1,23,216,243,252,254,255,255,255,255,255,255,255,255,255,254,254,231,63,19,2,1,6,0,3,12,39,235,252,254,255,255,255,255,255,255,255,255,255,254,254,226,35,5,3,1,7,2,5,3,29,224,251,254,254,254,255,255,255,255,255,255,255,254,254,231,36,12,6,3,2,1,10,1,22,199,245,254,250,254,255,255,255,255,255,255,254,251,252,226,131,12,2,1,4,5,5,1,14,52,223,245,254,253,255,255,254,254,254,254,254,251,242,176,25,16,5,1,4,0,0,2,7,15,44,235,252,254,255,255,254,254,251,253,252,253,230,36,13,1,5,5,0,0,3,1,6,3,32,219,246,250,254,254,254,253,249,254,253,230,201,20,1,9,1,3,2,0,2,1,4,5,22,131,177,228,242,245,242,243,250,247,237,220,45,14,11,3,2,5,0,0,1,3,2,2,13,15,23,39,202,204,78,214,232,223,90,67,15,4,7,3,1,4,0,0,0,2,5,4,1,5,1,10,34,36,34,67,78,70,19,6,6,3,1,3,0,0,0,0,0,0,2,7,1,1,3,4,3,8,9,7,10,10,5,3,4,3,4,0,0,0,0,0,0,3,3,2,10,2,1,3,3,4,5,3,4,5,2,5,7,1,0,1,1,0,0,0,0,0,1,1,1,6,1,2,2,3,3,5,5,3,5,1,1,2,0,0,0,0,0,0,0,0,3,0,3,3,0,3,4,1,5,7,1,0,0,0,0,0,0,0,0,0,0,1
0,0,0,0,0,0,0,0,6,7,6,3,1,7,12,5,2,0,2,3,2,8,0,0,0,4,2,0,2,4,1,4,2,2,4,6,7,7,10,11,12,6,9,7,2,2,1,0,0,1,1,1,2,3,1,5,7,15,19,23,27,28,38,179,63,23,14,9,6,1,3,0,1,1,8,8,2,1,4,10,18,40,122,188,197,196,205,232,206,185,94,19,9,2,1,0,0,5,5,3,1,2,9,26,179,197,222,242,248,250,251,250,251,243,206,112,23,14,7,0,3,4,3,3,5,11,37,179,237,249,252,253,252,250,254,254,252,252,244,207,119,17,5,0,2,3,5,7,13,54,185,235,251,255,254,254,253,251,254,254,253,254,252,241,162,22,7,0,6,2,3,11,68,181,239,251,254,255,255,255,254,254,255,255,255,254,254,247,176,48,23,0,2,4,4,10,82,222,244,254,254,255,255,255,255,255,255,255,255,255,255,251,238,205,169,3,5,1,3,10,31,111,243,254,253,255,255,255,255,255,255,255,255,255,255,254,252,245,187,0,2,3,2,10,74,179,244,254,255,255,255,255,255,255,255,255,255,255,254,253,253,249,188,2,3,4,4,12,111,232,250,254,255,255,255,255,255,255,255,255,255,255,253,253,252,243,184,3,2,7,3,14,115,237,252,252,255,255,255,255,255,255,255,255,255,255,254,253,250,238,127,0,2,5,2,15,117,237,253,252,254,255,255,255,255,255,255,255,255,255,255,253,248,209,116,0,3,1,1,13,113,232,248,251,253,254,255,255,255,255,255,255,255,255,255,254,248,177,34,2,2,1,2,8,69,166,228,239,250,254,254,255,255,254,254,254,254,254,254,252,242,195,103,1,0,2,2,6,13,23,71,178,241,253,252,254,254,252,251,254,252,250,247,241,203,108,18,2,0,0,3,1,4,7,16,72,228,243,249,252,253,251,250,250,235,194,182,176,95,20,5,1,0,2,1,1,2,4,8,44,159,172,187,224,246,249,248,237,174,49,27,23,15,7,4,3,0,3,1,3,3,2,3,11,25,27,31,133,185,188,188,177,26,13,6,3,3,3,0,0,0,1,1,5,4,4,3,1,2,1,7,14,23,26,26,17,8,1,2,2,2,2,1,1,0,0,2,2,5,5,2,1,1,3,3,2,2,4,6,5,3,1,4,5,4,5,4,0,0,1,0,1,3,4,5,4,1,7,2,2,6,7,3,1,0,0,4,1,0,0,2,0,0,0,6,1,3,2,0,0,0,6,0,1,0,1,3,4,0,0,0,0,0,0,0,0,1
0,0,0,0,0,0,0,0,0,0,0,0,0,0,0,0,0,0,0,0,0,0,0,0,0,0,0,0,0,0,0,0,0,2,1,4,0,0,0,0,0,0,0,0,0,0,0,0,0,0,0,0,0,2,3,4,2,2,4,5,3,2,1,0,3,4,2,1,0,0,0,0,0,0,2,1,2,3,1,1,2,9,17,24,22,20,15,7,2,1,5,0,0,0,0,0,0,0,2,3,0,3,7,11,19,55,169,175,172,159,142,22,7,3,2,1,0,0,0,0,0,0,3,3,1,9,56,75,87,170,236,245,244,244,229,130,35,10,5,1,1,0,0,0,0,0,4,4,3,17,114,191,207,219,249,251,251,253,247,233,130,42,11,2,0,0,0,0,0,3,4,5,5,25,180,241,249,251,252,252,253,254,253,246,212,163,18,1,1,0,0,0,0,4,2,3,14,95,227,251,254,254,254,254,254,254,254,249,246,228,37,9,1,2,0,0,0,1,2,3,26,205,244,254,254,254,255,255,255,255,254,253,252,237,176,17,2,0,0,0,0,1,1,3,75,225,249,252,254,255,255,255,255,255,255,254,251,244,178,21,7,3,0,0,0,1,1,4,39,227,250,252,254,255,255,255,255,255,255,254,254,240,131,20,3,2,0,0,0,0,0,4,53,226,253,251,253,255,255,255,255,255,255,253,253,240,135,21,3,0,0,0,0,1,2,6,62,224,247,252,254,255,255,255,255,255,255,253,253,239,168,20,3,0,0,0,0,4,6,5,52,158,204,246,254,254,255,255,255,255,255,254,253,230,99,15,2,3,0,0,0,0,3,6,13,49,152,242,253,254,254,254,254,254,254,253,246,210,28,7,3,3,0,0,0,0,2,2,6,32,141,238,252,252,253,253,251,252,248,241,225,129,19,1,4,3,0,0,0,2,2,1,4,16,102,202,240,247,252,253,250,248,210,157,123,91,11,1,7,2,0,0,0,2,2,2,4,9,40,84,150,224,243,243,242,230,176,64,21,10,6,1,4,1,0,0,0,1,2,2,3,5,6,15,45,145,158,168,157,141,69,16,7,3,2,0,3,4,0,0,0,0,1,2,2,2,1,6,12,30,26,20,22,17,11,5,3,2,1,0,0,0,0,0,0,0,1,2,2,2,1,2,9,5,4,3,4,5,4,3,2,0,0,0,0,0,0,0,0,0,2,0,1,1,1,2,2,1,5,8,6,3,2,0,0,0,0,0,0,0,0,0,0,0,4,0,0,0,0,0,0,0,0,0,0,0,0,0,0,0,0,0,0,0,0,0,1
0,0,0,0,2,2,0,0,11,1,3,1,0,0,0,0,0,0,0,0,0,0,0,0,0,0,0,1,0,1,3,3,2,1,1,0,1,1,1,0,0,0,0,0,0,0,0,0,0,0,10,4,1,8,18,17,12,7,3,1,0,0,0,1,1,1,1,0,0,1,0,0,0,0,0,1,4,9,100,203,39,30,20,10,1,1,1,0,0,0,1,1,2,2,1,0,0,0,0,0,4,15,115,226,235,225,216,39,29,29,20,11,1,1,0,1,1,1,7,8,0,0,0,0,7,24,123,241,249,254,245,235,225,225,216,39,29,20,11,3,7,4,2,0,0,0,0,0,9,106,228,249,252,254,254,255,255,255,245,235,225,216,39,30,20,14,2,3,0,0,0,0,13,115,237,255,255,255,255,254,254,254,255,255,255,245,235,225,211,29,9,4,0,0,0,4,23,125,243,255,255,255,255,255,255,255,254,254,254,254,254,249,233,133,12,1,0,0,0,9,106,228,249,255,255,255,255,255,255,255,255,255,255,255,252,253,239,139,18,6,0,0,0,13,115,237,255,255,255,255,255,255,255,255,255,255,255,255,255,254,241,138,17,3,0,0,4,18,120,237,255,255,255,255,255,255,255,255,255,255,255,255,255,250,231,129,12,0,0,0,9,100,129,243,255,255,255,255,255,255,255,255,255,255,255,255,255,245,149,27,5,0,0,2,14,110,232,249,255,255,255,255,255,255,255,255,255,255,255,255,255,241,139,17,0,0,0,4,15,113,236,253,254,255,255,255,255,255,255,255,255,255,255,255,250,231,129,12,0,0,5,2,19,121,241,249,252,254,254,254,255,255,255,255,255,255,255,255,245,149,27,5,0,0,8,4,17,199,220,235,244,255,255,255,254,254,254,255,255,255,255,255,241,139,17,0,0,0,1,3,12,24,30,40,216,225,235,245,255,255,255,254,254,254,255,250,231,129,12,0,0,0,2,1,3,3,7,13,20,29,39,216,225,225,235,245,255,254,253,243,147,27,6,0,0,0,1,5,1,1,1,1,1,1,11,20,29,29,39,216,225,235,240,238,139,18,2,0,0,0,4,1,8,1,2,1,0,0,0,1,1,1,10,20,30,39,216,215,123,13,4,0,0,0,0,0,1,2,0,1,1,1,1,0,0,0,1,1,3,16,24,29,19,6,1,2,0,0,0,0,0,0,0,0,0,0,0,1,1,1,0,0,1,1,4,2,3,7,0,0,0,0,0,0,0,0,0,0,0,0,0,0,0,0,1,1,3,2,1,1,0,0,2,0,0,0,3
0,0,0,0,0,0,0,0,0,5,5,1,5,2,1,2,1,0,1,3,0,0,0,0,0,0,0,0,0,0,0,0,0,0,3,7,2,1,2,4,2,1,0,0,0,0,0,0,0,0,0,0,0,0,0,0,0,0,1,3,8,5,2,1,1,3,3,0,0,0,0,0,0,0,0,0,0,0,0,0,0,5,5,1,7,16,22,15,8,5,5,2,0,0,0,0,0,0,0,0,0,0,0,0,0,2,3,9,24,122,173,136,32,3,1,1,0,0,0,0,0,0,0,0,0,0,0,0,0,1,3,31,136,208,237,200,55,14,5,1,0,0,0,0,0,0,0,0,0,0,0,0,0,2,10,54,199,236,242,231,166,65,8,2,0,0,0,0,0,0,0,0,0,0,0,0,0,6,60,158,229,247,249,249,229,104,19,5,0,0,0,0,5,2,0,1,2,1,0,1,6,17,102,227,247,253,254,254,245,192,105,17,5,3,2,0,3,4,3,1,3,4,4,7,18,99,186,245,253,251,251,251,251,240,195,114,26,3,2,0,0,3,3,1,2,3,4,26,107,194,242,251,253,252,251,252,252,245,232,186,48,9,2,0,3,1,2,4,1,2,9,51,192,240,251,254,253,254,254,254,253,250,243,215,132,50,6,1,3,2,3,4,4,12,58,141,228,251,253,252,254,254,254,255,254,251,249,241,215,95,15,1,0,2,3,3,9,68,153,235,249,253,252,251,254,255,255,255,253,251,251,251,238,160,71,0,0,3,4,6,20,140,225,243,253,254,253,252,253,254,255,254,253,253,253,253,249,232,144,1,2,4,7,22,83,184,242,246,252,254,253,250,253,254,254,254,254,252,252,254,253,247,192,91,4,6,35,96,192,230,247,254,253,254,253,253,253,253,253,254,254,254,254,254,254,252,246,254,1,12,87,204,224,241,250,253,253,253,253,253,253,253,253,254,254,253,253,253,251,252,250,248,0,45,123,214,241,246,245,242,244,244,244,244,244,244,244,244,243,241,240,239,238,239,234,228,2,95,157,170,185,188,183,176,177,178,177,177,178,178,177,176,174,172,171,170,169,166,166,185,5,14,20,24,24,24,24,24,25,24,22,22,22,23,23,22,22,22,22,22,22,21,21,0,1,5,5,5,3,2,0,1,1,1,1,1,1,1,1,1,1,2,2,3,4,2,1,4,8,7,6,1,1,2,1,1,6,2,0,0,0,0,0,0,0,0,0,0,0,0,3,9,0,0,2,5,1,0,1,2,0,2,3,2,2,1,1,1,1,1,1,2,0,3,3,0,0
0,0,0,0,0,0,0,0,0,1,0,0,0,0,0,0,0,0,0,0,0,0,0,0,0,0,0,0,0,0,0,0,0,0,0,2,7,10,8,5,4,2,6,0,0,0,0,0,0,0,0,0,0,0,0,0,0,2,6,14,54,91,75,28,6,2,2,0,0,0,0,0,0,0,1,2,0,0,0,1,7,13,49,115,151,201,191,104,23,4,0,0,0,0,0,0,0,1,6,1,1,2,8,14,36,138,157,206,227,238,240,194,49,6,0,0,0,0,0,0,0,0,3,6,11,19,30,157,175,226,235,240,251,252,250,219,99,16,0,0,0,0,0,0,0,2,7,28,51,142,194,234,245,250,252,253,253,254,253,244,189,26,3,0,0,0,0,0,0,6,9,81,188,228,247,252,254,254,254,254,255,255,255,252,214,82,10,0,0,0,0,0,0,4,10,85,208,246,252,254,255,254,255,255,255,255,255,254,242,175,21,2,0,0,0,0,0,2,7,55,174,240,253,254,255,255,255,255,255,255,255,255,250,201,71,8,0,0,0,0,0,0,2,16,117,225,251,255,255,255,255,255,255,255,255,255,252,234,148,17,2,0,0,0,0,0,0,7,65,187,245,254,255,255,255,255,255,255,255,255,254,240,171,59,7,0,0,0,0,0,0,2,22,147,239,253,255,255,255,255,255,255,255,255,253,245,210,121,15,2,0,0,0,0,0,0,14,138,211,250,255,255,255,255,255,255,255,254,254,250,229,152,49,6,0,0,0,0,0,0,7,58,182,247,255,255,255,255,255,254,254,254,253,250,234,186,80,8,0,0,0,0,0,0,1,18,167,239,252,254,254,254,253,253,253,251,246,228,199,132,42,7,0,0,0,0,0,0,0,8,54,203,250,254,253,252,250,240,239,227,189,136,68,42,11,3,0,0,0,0,0,0,0,1,19,178,238,249,245,227,220,189,158,131,30,24,12,7,4,1,0,0,0,0,0,0,0,0,12,60,200,218,198,125,109,112,24,12,7,1,1,1,3,4,0,0,0,0,0,1,2,0,5,35,140,113,59,28,14,9,5,1,0,0,1,1,2,2,0,0,0,0,0,1,2,3,2,10,14,16,9,4,0,0,0,0,0,0,0,0,0,0,0,0,0,0,0,0,2,3,1,3,1,3,2,0,1,0,0,0,0,0,0,0,0,0,0,0,0,0,0,0,0,0,0,0,0,1,3,1,0,0,0,0,0,0,0,0,0,0,0,0,0,0,0,0,0,0,0,0,0,0,0,0,0,0,0,0,0,0,0,0,0,0,0,0,3
0,0,0,0,0,0,0,0,0,0,0,0,0,0,0,0,0,0,0,0,0,0,0,0,0,0,1,2,3,3,8,13,19,39,112,114,133,191,191,200,192,85,9,1,0,0,0,0,0,2,10,37,42,39,54,147,152,167,224,228,233,246,249,247,218,103,18,3,0,0,0,0,0,5,24,116,168,174,188,236,244,246,250,252,253,253,253,251,239,177,59,5,0,0,0,0,0,3,20,96,212,242,248,251,254,254,254,254,254,254,254,253,249,209,80,8,0,0,0,0,0,1,10,62,196,247,252,253,254,254,255,255,255,255,255,255,252,219,93,16,2,0,0,0,0,1,6,58,188,242,252,254,255,255,255,255,255,255,255,255,254,244,197,61,4,0,0,0,0,0,3,23,100,214,251,255,255,255,255,255,255,255,255,255,255,252,209,71,10,0,0,0,0,0,0,9,78,203,250,255,255,255,255,255,255,255,255,255,255,253,228,130,28,2,0,0,0,0,0,8,80,201,247,253,255,255,255,255,255,255,255,255,255,254,246,196,50,3,0,0,0,0,0,5,70,168,218,251,255,255,255,255,255,255,255,255,255,255,252,208,61,11,0,0,0,0,0,2,16,99,213,250,255,255,255,255,255,255,255,255,255,255,253,238,172,31,1,0,0,0,0,0,9,95,207,248,253,255,255,255,255,255,255,255,255,254,254,248,194,41,5,0,0,0,0,0,6,64,167,234,252,255,255,255,255,255,254,254,254,253,252,248,202,64,14,0,0,0,0,0,2,18,114,219,251,255,255,254,254,254,254,254,254,253,252,247,215,172,20,3,0,0,0,0,0,11,107,211,247,253,253,254,254,254,253,253,253,249,236,227,216,124,17,4,0,0,0,0,0,7,52,154,230,250,253,253,253,252,248,233,224,216,148,124,116,38,8,6,0,0,0,0,0,4,19,124,219,246,250,246,230,218,210,139,103,95,44,25,21,10,2,3,0,0,3,2,1,2,12,117,195,213,213,206,129,85,78,40,19,14,7,3,3,3,1,0,0,0,4,4,4,4,7,29,116,99,70,63,32,14,9,6,2,1,0,0,0,0,0,0,0,0,0,1,7,3,5,9,27,22,12,7,4,2,1,0,0,0,0,0,0,0,0,0,0,0,0,4,3,1,2,3,4,5,4,2,0,0,0,0,0,0,0,0,0,0,0,0,0,0,0,0,0,0,0,0,0,0,0,0,0,0,0,0,0,0,0,0,0,0,0,0,0,0,0,0,0,0,0,0,0,0,0,0,0,0,0,0,0,0,0,0,0,0,0,0,3
0,0,0,5,7,3,4,3,47,6,3,1,2,2,2,0,0,0,0,0,0,0,0,0,0,0,0,6,2,3,2,10,75,137,144,134,28,18,12,7,1,1,1,0,0,0,0,0,0,0,0,0,0,0,6,22,95,231,239,233,154,144,134,28,18,12,7,1,1,2,0,0,0,0,0,0,0,1,8,80,223,243,253,250,247,243,233,154,144,134,28,18,18,13,12,6,0,0,0,0,0,0,10,90,231,254,252,255,255,255,251,247,243,233,154,144,140,130,23,5,0,0,0,0,0,3,19,100,240,254,255,254,254,254,254,255,255,251,247,243,238,159,145,103,0,0,0,0,0,7,81,223,248,255,255,255,255,255,255,254,254,254,255,255,250,244,232,174,0,0,0,0,0,10,91,233,255,255,255,255,255,255,255,255,255,255,254,254,253,251,241,174,0,0,0,0,3,19,100,240,255,255,255,255,255,255,255,255,255,255,255,255,254,250,234,172,0,0,0,0,7,81,223,246,255,255,255,255,255,255,255,255,255,255,255,255,255,248,173,2,0,0,0,0,10,91,233,254,255,255,255,255,255,255,255,255,255,255,255,255,255,245,164,2,0,0,0,0,10,91,233,255,255,255,255,255,255,255,255,255,255,255,255,255,252,235,154,2,0,0,1,4,19,100,240,255,255,255,255,255,255,255,255,255,255,255,255,255,248,174,31,0,1,0,2,7,80,222,248,255,255,255,255,255,255,255,255,255,255,255,255,255,245,164,21,0,3,0,3,11,90,232,253,254,255,255,255,255,255,255,255,255,255,255,255,252,235,154,15,0,6,1,4,22,100,239,253,253,254,254,255,255,255,255,255,255,255,255,255,248,174,31,7,0,2,5,8,71,207,233,246,255,255,255,254,254,254,255,255,255,255,255,255,245,164,21,0,0,1,3,7,31,74,89,223,233,240,247,255,255,255,254,254,254,255,254,251,235,154,15,0,0,3,2,2,6,9,22,69,79,88,223,233,233,240,247,255,255,254,253,246,173,31,8,1,0,3,1,2,2,5,4,7,8,18,69,79,81,91,225,233,240,247,250,241,162,21,4,0,0,2,2,2,4,1,1,1,1,3,6,8,10,61,71,79,88,223,232,229,155,21,4,0,0,0,0,4,8,1,1,0,0,0,1,1,3,6,8,8,19,69,80,69,138,14,1,0,0,0,0,0,0,0,2,1,1,1,0,0,0,1,1,1,4,9,11,14,11,13,0,0,0,0,0,0,0,0,0,0,0,0,1,1,1,0,0,0,2,5,3,2,3,5,0,0,0,3
0,0,0,0,0,0,0,0,0,0,0,0,0,0,0,0,0,0,0,0,0,0,0,0,0,0,0,0,0,0,0,0,0,0,0,0,1,1,2,0,0,2,1,0,0,0,0,0,0,0,0,0,0,0,0,0,0,0,0,0,0,4,11,14,12,9,3,0,0,0,0,0,0,0,0,0,0,0,0,0,0,0,0,7,14,25,83,121,110,35,5,1,0,0,0,0,0,0,3,1,0,0,0,1,6,13,22,42,146,158,204,231,218,66,7,1,0,0,0,0,0,0,1,0,2,3,12,20,33,142,180,195,236,246,247,250,234,80,15,2,0,0,0,0,0,0,2,7,11,23,89,200,213,234,246,250,252,253,252,253,244,191,51,3,0,0,0,0,0,10,24,31,55,219,237,245,252,253,254,254,254,254,255,255,251,213,66,6,0,0,0,0,0,15,166,218,235,245,254,254,254,254,255,255,255,255,255,255,253,226,89,18,2,0,0,0,0,17,121,239,249,252,253,254,255,255,255,255,255,255,255,255,254,243,192,53,4,0,0,0,0,14,123,235,253,254,255,255,255,255,255,255,255,255,255,255,255,250,206,65,8,0,0,0,0,10,100,209,249,255,255,255,255,255,255,255,255,255,255,255,255,252,224,108,24,2,0,0,0,6,46,167,246,255,255,255,255,255,255,255,255,255,255,255,255,254,244,188,53,5,0,0,0,3,48,167,242,254,255,255,255,255,255,255,255,255,255,255,254,254,250,202,64,11,1,0,0,2,37,134,224,252,255,255,255,255,255,255,255,254,254,254,253,252,246,217,108,25,3,0,0,1,12,85,205,250,255,255,255,255,254,254,254,254,254,254,250,245,228,149,110,30,5,0,0,0,8,85,206,248,254,254,254,254,254,254,254,252,249,245,235,165,139,27,15,8,3,0,0,0,5,63,174,240,253,253,253,254,253,250,247,239,189,158,145,40,14,8,0,2,1,0,0,0,2,18,118,235,251,251,251,249,242,209,168,156,72,22,13,8,2,2,1,3,1,0,0,0,0,13,116,231,245,245,224,180,168,102,26,15,9,3,1,0,0,0,3,6,2,0,0,0,1,9,96,193,189,182,133,29,18,11,4,1,0,0,0,0,0,1,2,0,0,0,0,0,0,5,24,83,31,22,14,7,1,0,0,0,0,0,0,0,0,0,0,0,0,0,0,0,0,7,6,6,7,6,2,0,0,0,0,0,0,0,0,0,0,0,0,0,0,0,0,0,0,1,3,2,1,1,1,2,1,0,0,0,0,0,0,0,0,0,0,0,0,0,3
0,3,1,2,4,1,8,5,3,0,0,0,0,0,0,0,0,0,0,0,0,0,0,0,0,0,5,6,11,21,24,22,15,8,1,1,1,1,1,1,1,0,0,0,0,1,0,0,0,2,3,7,54,156,168,168,159,31,21,21,21,21,21,21,14,8,2,3,7,3,3,3,0,1,3,10,79,225,241,244,236,178,168,168,168,168,168,166,156,28,22,22,23,21,14,4,0,0,3,10,82,230,250,252,252,249,246,246,246,246,246,243,185,175,168,168,168,160,82,1,0,0,2,9,82,230,253,254,254,254,254,254,254,254,254,251,249,246,246,245,242,230,119,1,0,0,3,11,85,232,254,255,254,254,254,254,254,254,254,254,254,254,254,253,251,236,122,1,0,0,6,66,95,239,255,255,255,255,255,255,255,255,255,255,254,254,254,253,254,237,122,1,0,0,9,76,225,247,255,255,255,255,255,255,255,255,255,255,255,255,255,255,249,229,113,1,0,0,9,83,232,255,255,255,255,255,255,255,255,255,255,255,255,255,255,255,244,133,24,0,0,0,9,83,232,255,255,255,255,255,255,255,255,255,255,255,255,255,255,255,239,123,15,0,0,0,9,83,232,255,255,255,255,255,255,255,255,255,255,255,255,255,255,255,239,123,15,0,0,0,9,83,232,255,255,255,255,255,255,255,255,255,255,255,255,255,255,255,239,123,15,0,0,0,9,83,232,254,255,255,255,255,255,255,255,255,255,255,255,255,255,255,239,123,15,0,0,4,19,92,237,253,254,254,255,255,255,255,255,255,255,255,255,255,255,255,239,123,15,0,4,8,73,222,245,250,252,254,254,254,254,254,254,254,254,254,255,255,255,254,238,123,15,0,3,9,76,221,238,239,241,246,250,255,255,255,255,255,255,255,254,253,254,247,227,113,10,3,4,7,44,126,136,135,135,145,231,241,241,241,241,241,241,246,249,253,250,242,132,25,9,0,5,5,9,16,19,18,17,26,126,135,135,135,135,135,135,145,231,241,238,226,116,13,2,0,1,1,3,1,5,3,2,6,11,17,17,17,17,17,17,26,126,135,136,129,67,9,4,0,2,0,1,4,2,1,0,1,1,1,1,1,1,1,1,6,11,18,19,17,11,6,6,0,3,2,3,9,3,2,1,0,0,0,0,0,0,0,0,1,2,3,6,2,2,2,0,0,7,4,1,1,3,1,0,1,1,1,1,1,1,1,1,0,0,1,1,3,1,0,1,0,0,0,0,0,0,0,0,0,0,0,0,0,0,0,0,1,2,3,1,10,6,1,4,0,3
0,0,0,0,0,0,0,0,0,0,0,0,0,0,0,0,4,10,0,0,0,0,0,0,0,0,0,0,0,0,0,0,0,0,0,3,8,9,5,3,1,3,0,0,0,0,0,0,0,0,0,0,0,0,0,0,1,5,11,20,74,75,27,7,3,0,0,0,0,0,0,0,0,0,0,0,0,0,0,4,12,45,99,125,188,197,117,28,5,0,0,0,0,0,0,0,0,0,1,0,0,4,10,33,100,151,207,231,242,239,156,56,13,1,0,0,0,0,0,0,7,1,0,4,9,22,99,142,219,234,245,251,252,250,235,143,38,5,0,0,0,0,0,0,1,3,9,19,84,130,218,236,248,253,253,254,255,255,248,191,95,23,2,0,0,0,0,0,3,18,63,132,203,234,248,253,254,255,255,255,255,255,252,241,155,50,8,1,0,0,0,0,74,99,182,232,246,252,254,255,255,255,255,255,255,255,255,249,218,131,39,3,0,0,0,0,29,155,233,247,253,254,255,255,255,255,255,255,255,255,255,253,242,164,57,11,2,0,0,0,14,123,190,249,254,254,255,255,255,255,255,255,255,255,255,255,247,181,117,50,5,1,0,0,2,51,178,242,253,255,255,255,255,255,255,255,255,255,255,254,251,240,169,63,10,2,1,0,0,28,117,215,251,255,255,255,255,255,255,255,255,255,254,254,252,245,197,102,27,4,3,0,0,7,65,187,243,253,255,255,255,255,255,255,254,254,253,252,249,232,207,132,32,5,4,0,0,2,18,94,211,250,254,255,255,255,254,254,253,251,248,236,216,167,102,59,11,4,2,0,0,0,5,67,180,239,253,254,254,254,252,251,242,223,213,167,99,59,17,10,4,1,0,0,0,0,2,15,101,215,248,252,252,250,239,215,199,155,90,57,15,6,3,2,2,5,4,0,0,0,0,5,54,160,234,247,241,211,179,88,75,53,14,6,2,0,0,1,1,2,1,0,0,0,0,2,16,108,210,204,188,76,53,15,8,5,2,0,0,0,0,0,1,0,0,0,0,0,0,1,9,78,120,66,46,15,5,2,0,0,0,0,0,0,0,0,0,0,0,0,0,0,0,1,5,15,18,12,8,3,0,0,0,0,0,0,0,0,0,0,0,0,0,0,0,0,0,0,3,4,2,3,2,0,1,0,0,0,0,0,0,0,0,0,0,0,0,0,0,0,0,0,0,0,0,0,0,0,0,0,0,0,0,0,0,0,0,0,0,0,0,0,0,0,0,0,0,0,0,0,0,0,0,0,0,0,0,0,0,0,0,0,0,0,0,0,3
0,0,0,0,0,0,0,0,0,0,0,0,0,0,0,0,0,0,0,0,0,0,0,0,0,0,0,0,1,1,2,3,1,3,3,1,0,5,5,0,0,0,0,0,0,0,0,0,0,0,0,0,1,3,2,2,1,9,14,16,18,20,16,8,2,2,1,1,0,0,0,0,0,0,0,1,2,3,6,16,19,31,76,144,151,154,147,33,18,13,3,2,0,0,3,0,0,0,0,3,2,2,10,32,170,222,232,238,242,243,235,202,159,36,13,4,3,1,0,0,0,0,0,2,1,8,22,102,235,250,252,251,253,250,251,245,214,167,50,12,2,2,8,0,0,0,1,5,3,17,97,228,246,253,254,254,253,252,253,252,249,233,171,61,9,2,4,0,0,0,2,6,11,40,209,244,253,254,255,255,254,254,254,254,253,249,229,132,15,4,3,0,0,0,0,3,27,198,241,252,253,254,255,255,255,255,254,255,254,253,241,154,23,3,3,0,0,1,1,4,53,225,250,252,253,255,255,255,255,255,255,255,254,252,244,160,23,4,2,0,0,1,2,7,68,228,250,252,254,255,255,255,255,255,255,255,254,253,243,165,25,4,2,0,0,3,2,8,84,230,251,253,254,255,255,255,255,255,255,255,254,253,244,171,23,3,3,0,0,2,2,11,87,214,249,253,254,255,255,255,255,255,255,253,253,251,239,171,18,3,5,2,0,4,3,9,82,185,231,250,253,254,254,254,254,255,254,252,251,246,213,87,11,2,2,0,0,4,2,5,39,131,198,235,251,253,251,250,253,254,253,250,243,227,147,21,4,1,1,0,0,4,4,4,11,43,135,193,230,248,249,251,253,252,250,238,180,153,42,8,2,0,1,0,1,1,1,3,4,11,31,55,162,229,246,249,250,250,244,183,56,32,13,4,2,0,0,0,2,0,3,3,2,2,6,11,34,163,191,193,220,189,181,152,17,7,3,1,2,1,0,0,0,0,3,3,3,4,1,1,12,24,32,32,33,35,29,22,9,1,2,0,0,2,0,0,0,0,0,0,0,0,0,2,4,6,2,2,2,1,1,1,4,2,4,0,1,0,0,0,0,0,0,0,0,0,0,0,4,1,4,8,3,2,0,1,2,7,5,0,0,0,0,0,0,0,0,0,0,0,0,0,0,0,0,2,7,0,0,5,4,3,1,2,1,0,0,0,0,0,0,0,0,0,0,0,0,0,0,0,0,0,0,0,0,0,0,0,0,0,0,0,0,0,0,0,0,0,0,0,0,0,0,0,0,0,0,0,0,0,0,0,0,0,0,0,1
0,0,0,0,0,0,0,0,0,0,0,1,1,0,1,0,0,0,0,0,0,0,0,0,0,0,0,0,0,0,0,0,0,0,0,0,2,3,3,0,1,4,0,0,0,0,0,0,0,0,0,0,0,0,0,0,0,0,1,3,3,3,2,2,0,2,4,1,2,0,0,0,0,0,0,0,0,0,0,0,0,0,1,0,2,1,2,1,2,5,6,6,3,6,1,0,0,0,0,0,0,0,0,0,0,0,0,0,1,1,5,2,4,5,5,3,3,6,25,1,0,0,0,0,0,0,0,0,0,1,1,0,3,3,2,5,1,5,4,4,8,29,98,116,0,0,0,0,0,0,0,0,0,1,1,2,4,4,2,4,5,6,14,55,40,95,190,210,0,1,3,1,0,1,0,0,0,2,2,2,4,4,3,5,9,12,58,156,184,233,238,231,4,3,3,3,1,1,5,2,0,4,3,3,3,5,8,37,46,65,147,221,240,249,244,234,7,1,0,1,0,3,3,6,1,1,2,1,4,9,32,100,189,205,239,244,235,228,218,167,0,2,1,2,1,3,6,5,1,3,5,10,19,72,97,195,214,247,246,236,186,99,66,3,0,4,1,7,2,6,3,2,3,9,40,64,144,173,227,241,245,237,210,185,100,18,7,1,0,5,4,1,6,4,5,9,17,41,117,144,215,231,245,234,219,148,52,26,12,4,2,1,2,5,2,2,4,5,10,77,98,191,208,239,239,241,221,172,145,57,11,2,2,1,0,4,1,5,3,5,10,24,77,104,190,236,249,245,216,186,101,31,16,11,5,3,1,1,4,1,2,0,9,27,62,147,212,226,230,241,237,202,123,98,17,7,3,2,4,4,3,2,2,2,1,15,28,122,149,221,246,248,226,167,139,60,20,10,6,4,7,1,3,6,1,0,2,0,80,104,189,227,220,239,239,222,173,82,60,12,3,2,4,2,2,6,5,5,0,1,1,0,178,189,236,249,243,209,123,92,30,62,10,4,2,4,4,4,1,3,1,2,0,0,0,0,241,226,243,224,206,128,97,27,8,4,4,1,6,7,2,4,0,0,0,1,0,1,0,0,0,211,175,146,63,51,36,9,3,1,2,3,1,3,5,1,1,2,3,5,4,1,0,0,0,17,25,56,14,6,7,5,4,3,2,2,0,1,4,2,0,4,4,2,1,0,0,0,0,0,2,2,2,0,2,4,4,2,1,1,0,0,1,0,0,1,0,0,1,0,0,0,0,0,0,0,0,0,0,0,5,0,1,2,0,0,0,0,0,0,0,1,0,0,0,0,2
0,0,0,0,0,0,0,1,3,6,4,0,0,2,8,4,1,11,73,181,236,208,136,3,0,0,0,0,0,0,0,3,3,1,1,0,1,5,3,5,22,77,162,223,240,215,141,3,0,0,0,0,0,0,0,1,1,1,2,4,1,3,5,19,73,156,219,241,229,174,74,1,0,0,0,0,0,0,0,0,0,1,3,3,1,4,7,36,145,214,240,227,174,90,23,0,0,0,0,0,0,0,0,0,0,1,5,1,2,6,19,79,203,238,227,177,93,30,5,0,0,0,0,0,0,0,0,1,1,2,3,2,4,13,64,148,232,228,178,101,31,8,1,0,0,0,0,0,0,0,0,1,2,2,1,4,11,53,136,206,231,187,106,36,6,2,1,0,0,0,0,0,0,0,0,1,2,1,1,4,41,126,174,228,224,159,68,9,2,1,2,2,0,0,0,0,0,0,1,2,1,1,3,10,59,161,213,235,191,105,34,6,3,2,2,2,0,1,1,1,0,1,3,5,4,2,10,38,124,205,238,228,117,39,8,4,3,3,2,0,0,2,3,2,1,0,3,6,5,9,37,117,200,237,238,187,50,11,5,1,3,5,0,0,0,4,1,0,1,2,4,4,8,33,110,199,239,241,200,105,21,5,3,2,4,3,0,0,0,0,1,0,5,3,2,6,31,106,194,238,243,200,110,37,8,4,2,2,3,0,1,3,0,0,0,5,2,2,5,12,76,185,235,239,202,112,40,10,6,4,2,0,1,2,2,5,0,0,0,4,3,3,7,33,126,227,238,202,115,42,11,4,6,4,2,0,1,2,2,2,0,1,2,2,3,6,24,96,191,236,207,124,45,11,2,1,3,3,2,0,0,0,0,0,0,0,1,1,2,9,72,168,224,213,170,109,29,3,1,2,1,1,0,0,0,0,0,0,0,0,1,1,5,29,97,184,227,199,123,44,9,3,2,2,2,1,0,0,0,0,0,0,0,0,0,5,28,91,174,228,222,132,50,10,4,3,3,1,1,1,0,0,0,0,0,0,0,0,4,25,88,171,225,235,189,58,12,4,1,3,2,0,1,0,0,0,0,0,0,0,0,1,16,79,168,224,234,199,119,17,5,3,2,3,2,0,0,0,0,0,0,0,0,0,0,1,21,132,213,233,201,122,44,8,4,3,2,3,1,1,1,1,0,0,0,0,0,0,0,0,8,50,188,190,117,44,11,5,5,2,0,1,2,2,2,1,0,0,0,0,0,0,0,0,0,0,0,0,0,0,0,0,0,0,0,0,0,4,1,0,0,0,0,0,0,0,2
0,0,0,0,0,0,0,0,0,0,0,0,0,0,0,0,0,0,0,0,0,0,0,0,0,0,0,0,0,0,0,0,0,0,0,0,5,3,14,74,180,206,154,36,1,0,0,0,0,0,0,0,0,0,1,0,0,0,0,3,3,4,22,173,235,205,83,14,1,0,0,0,0,0,0,0,0,0,1,2,3,0,1,5,5,11,78,199,241,211,85,7,0,0,0,0,0,0,0,0,0,0,2,2,0,1,7,2,8,28,114,230,218,139,43,5,0,0,0,0,0,0,0,0,0,0,1,0,1,5,1,5,31,111,205,218,144,49,9,1,3,0,0,0,0,0,0,0,0,0,0,0,0,4,2,9,71,184,238,210,83,11,2,2,1,0,0,0,0,0,0,0,0,0,0,1,1,2,4,15,106,219,237,184,34,7,4,1,0,0,0,0,0,0,0,0,0,0,0,1,2,2,9,51,174,233,199,87,14,3,3,1,0,0,0,0,0,0,0,0,0,0,0,0,1,4,31,160,229,202,95,20,8,3,2,0,1,1,0,0,0,0,0,0,0,3,3,6,2,12,67,192,234,176,57,6,3,2,3,2,2,4,0,0,0,0,0,0,1,0,2,4,6,29,180,237,220,93,16,5,4,1,0,2,2,0,0,0,0,0,2,3,2,1,3,5,21,97,230,229,152,43,6,3,5,2,1,0,0,0,0,0,0,0,3,0,2,2,4,11,53,168,235,205,92,15,2,1,2,0,0,0,0,0,0,0,0,0,0,0,2,2,7,37,132,220,225,124,26,4,3,1,0,0,0,0,0,0,0,0,0,0,0,0,3,5,14,88,213,240,196,28,6,4,1,1,1,0,0,0,0,0,0,0,0,0,0,2,2,3,30,150,233,219,124,17,4,3,1,0,1,0,0,0,0,0,0,0,0,0,0,2,3,12,71,172,219,176,76,10,1,4,2,0,0,0,0,0,0,0,0,0,0,0,0,0,10,69,174,225,180,76,17,6,3,3,1,0,2,1,0,0,0,0,0,0,0,0,0,0,15,166,230,226,133,26,5,3,4,1,3,3,2,1,0,0,0,0,0,0,0,0,0,4,28,150,237,213,85,12,2,2,1,0,1,0,1,1,0,0,0,0,0,0,0,0,0,4,92,189,208,130,33,5,6,7,3,0,0,0,0,0,0,0,0,0,0,0,0,0,0,4,13,22,24,16,6,1,0,1,0,0,0,0,0,0,0,0,0,0,0,0,0,0,0,0,0,0,0,0,0,0,0,0,0,0,0,0,0,0,0,0,0,0,0,0,2
0,0,0,0,0,0,0,0,0,0,0,0,0,0,0,0,0,0,0,0,0,0,0,0,0,0,0,0,0,0,0,0,0,0,0,0,0,0,0,0,0,0,0,0,0,0,0,0,0,1,5,5,4,0,3,1,4,1,0,1,0,2,0,0,0,0,0,0,0,0,0,0,0,6,43,85,23,6,2,4,4,1,1,2,3,1,0,0,0,0,0,0,0,0,0,0,0,13,113,211,139,26,11,7,2,1,4,0,1,1,0,0,0,0,0,0,0,0,0,0,0,14,163,223,224,173,91,22,14,3,2,2,0,0,0,0,0,0,0,0,0,0,0,0,0,9,63,127,207,234,204,122,65,14,6,2,1,1,0,0,0,0,0,0,0,0,0,0,0,3,7,23,100,207,237,234,185,77,15,3,2,2,1,0,0,0,0,0,0,0,0,0,0,2,0,4,19,105,172,232,236,186,69,12,3,2,0,1,2,0,1,2,1,1,0,0,0,1,3,1,5,13,28,159,232,236,186,58,12,1,3,6,1,0,0,2,3,1,0,0,0,1,1,2,3,3,11,43,156,230,235,179,49,10,3,2,5,2,4,0,1,1,0,0,0,0,0,3,2,2,5,11,52,162,230,237,175,47,10,5,1,1,3,2,0,0,0,0,0,0,0,1,6,1,5,4,11,59,169,232,237,178,53,13,8,2,3,4,0,1,0,0,0,2,2,1,0,1,3,6,4,12,63,177,237,235,172,61,13,6,4,2,2,1,1,0,0,1,2,3,0,1,4,1,1,4,12,67,186,238,234,170,74,41,10,2,2,2,0,0,0,1,0,0,0,1,0,0,3,1,3,12,68,194,238,233,197,147,49,9,2,0,0,0,0,0,0,0,0,0,0,1,0,3,1,6,15,78,193,237,240,224,153,47,15,4,3,0,0,0,0,0,0,0,0,0,1,1,1,6,4,18,71,133,206,238,224,156,70,33,8,0,0,0,0,0,0,0,0,0,0,0,0,5,1,4,13,31,107,197,218,234,218,144,34,0,0,0,0,0,0,0,0,0,0,0,1,0,6,1,3,9,29,88,132,214,239,215,142,0,0,0,0,0,0,0,0,0,1,4,0,1,1,1,5,3,7,11,38,132,203,187,126,0,0,0,0,0,0,0,0,0,1,1,4,3,0,0,4,6,1,4,10,34,103,28,17,0,0,0,0,0,0,0,0,0,3,0,0,1,0,1,4,4,3,2,1,5,5,11,0,0,0,0,0,0,0,0,0,0,0,0,0,0,0,0,0,0,5,0,0,0,0,0,0,0,2
0,0,0,0,0,0,0,0,0,8,4,0,7,5,4,2,6,1,3,7,1,0,0,0,0,0,0,0,0,3,1,0,12,17,21,22,25,23,17,7,2,1,6,4,5,0,0,0,0,1,6,2,1,6,13,22,35,175,177,127,167,167,130,38,23,14,5,2,2,3,0,0,4,5,1,1,0,13,108,177,192,238,242,223,242,244,235,211,199,105,14,0,2,1,0,0,8,3,2,0,8,30,171,222,248,249,250,252,253,254,253,252,243,188,25,3,2,2,0,0,7,3,1,6,19,126,235,251,252,251,251,254,254,254,255,254,249,215,101,21,9,0,2,0,5,2,1,14,110,210,247,254,254,254,254,254,254,255,255,255,252,244,230,181,19,1,0,0,2,3,5,18,163,237,250,254,254,255,255,255,255,255,255,255,253,253,246,195,25,2,2,0,1,2,8,23,110,218,251,254,255,255,255,255,255,255,255,254,253,252,251,206,35,10,10,0,4,3,15,84,202,241,251,254,255,255,255,255,255,255,255,254,252,254,253,232,178,14,2,8,1,3,20,181,238,247,251,254,255,255,255,255,255,255,255,255,255,254,250,231,64,17,5,1,0,0,18,178,207,248,253,253,255,255,255,255,255,255,255,255,255,254,250,202,39,13,2,0,2,1,10,36,196,248,251,254,255,255,255,255,255,255,255,255,255,254,249,206,178,18,6,4,4,2,3,25,188,245,253,254,254,255,255,255,255,255,255,255,254,252,250,239,181,27,4,3,0,10,2,16,170,230,244,252,252,253,255,255,255,254,254,254,253,251,244,201,85,17,2,0,0,4,6,9,23,68,198,250,254,254,255,254,254,254,252,254,253,247,210,101,23,5,3,3,0,1,2,2,6,28,183,248,254,254,254,255,254,252,252,254,253,237,139,88,9,5,1,2,0,4,0,4,2,22,168,225,237,243,247,248,247,250,248,247,239,192,33,12,10,2,2,5,0,1,1,0,3,13,25,83,104,196,227,155,195,235,232,162,148,96,15,5,8,1,1,6,0,0,2,4,2,5,7,7,19,93,123,41,95,145,143,31,18,11,8,4,2,1,0,0,0,0,1,3,3,2,4,2,5,10,12,18,17,20,14,12,4,3,6,3,4,0,1,1,0,0,2,2,5,6,6,2,2,3,3,5,2,3,4,2,3,6,6,2,0,1,0,0,0,0,0,2,3,1,8,4,3,2,4,3,5,6,3,2,3,1,1,0,0,0,0,0,0,0,0,2,0,1,1,0,3,4,2,4,4,4,0,0,0,0,0,0,0,0,0,0,1
0,0,0,0,2,2,3,3,5,6,3,1,1,1,0,0,0,0,0,0,0,0,0,0,0,0,0,2,3,6,7,5,4,5,2,0,0,1,1,0,1,1,0,0,0,0,0,0,0,0,0,2,7,45,67,17,10,6,3,2,2,1,0,1,1,1,0,0,0,0,0,0,0,0,0,7,12,98,171,88,80,70,19,8,4,2,1,0,0,0,1,1,0,0,2,0,0,0,1,1,14,109,218,215,210,200,89,73,19,10,6,3,1,1,1,1,2,2,1,1,0,0,1,1,10,90,205,229,248,225,220,206,91,76,68,12,6,4,1,1,2,5,2,1,0,1,3,1,5,40,120,245,252,250,249,242,224,212,97,88,76,19,6,4,2,3,2,2,0,1,2,1,2,34,214,242,254,253,253,253,252,245,229,223,214,95,75,19,11,7,4,1,3,1,2,2,3,18,105,228,251,254,253,254,254,254,253,253,246,231,213,95,87,76,19,2,2,3,2,1,3,18,50,210,249,253,253,253,254,253,254,253,254,253,246,230,222,211,98,80,1,1,2,1,1,7,111,202,247,253,253,251,254,254,252,253,253,252,252,253,252,241,239,248,4,1,1,1,0,11,36,178,245,251,251,252,254,254,254,252,253,253,254,251,253,252,251,244,4,1,3,1,0,6,115,196,237,250,251,252,254,255,254,253,251,254,253,254,250,246,236,244,4,2,1,6,0,7,25,140,237,251,254,254,255,255,254,253,251,253,254,247,245,228,181,229,1,0,2,0,4,1,21,136,230,246,253,255,254,254,253,252,253,254,251,241,228,165,70,43,0,0,0,0,1,2,36,201,236,252,252,254,253,254,253,251,253,252,239,181,134,28,13,0,0,0,0,0,0,2,16,125,234,248,249,248,253,252,253,253,244,229,175,85,67,10,2,0,0,0,0,0,0,1,10,55,143,247,253,252,251,252,251,238,200,82,24,13,8,4,2,0,0,0,0,0,0,2,7,64,210,244,254,252,249,240,197,200,55,49,5,0,2,6,0,0,0,0,0,0,1,1,7,51,146,245,245,245,233,169,67,24,13,8,7,0,0,0,0,0,0,0,0,0,0,1,6,36,198,234,238,223,174,76,11,2,0,1,3,2,0,0,0,0,0,0,0,0,1,4,2,26,151,226,191,136,29,11,3,0,0,0,1,4,0,0,0,0,0,0,0,0,0,0,1,8,24,164,95,78,10,1,0,0,0,0,0,1,0,0,0,0,0,0,0,0,0,0,0,0,5,3,0,2,2,2,0,0,0,0,0,0,0,0,0,0,0
0,0,0,0,0,0,0,0,0,0,1,0,0,1,0,5,1,5,0,0,0,0,0,0,0,0,0,0,0,0,0,0,0,0,0,0,1,3,1,2,5,0,0,0,0,0,0,0,0,0,0,0,0,0,0,0,0,0,0,2,3,3,6,8,1,1,0,0,0,0,0,0,0,0,0,0,0,0,0,0,0,0,2,4,11,44,46,11,4,2,0,0,0,0,0,0,0,0,0,0,0,0,0,0,0,0,0,5,33,171,156,46,6,0,0,0,0,0,0,0,0,0,0,0,0,0,0,0,0,0,5,21,95,225,212,110,12,1,0,0,0,0,0,0,0,0,0,0,0,0,0,0,0,4,22,104,199,238,219,132,34,2,0,0,0,0,0,0,0,2,2,2,0,1,0,2,3,17,94,225,245,247,218,133,38,3,0,0,0,0,0,0,0,1,5,2,0,3,0,2,14,80,197,244,252,251,239,145,41,6,0,1,0,0,1,0,0,1,3,0,1,2,1,6,42,176,237,250,250,252,247,209,102,20,3,3,0,2,1,0,0,1,1,0,2,0,4,21,100,221,246,252,252,252,251,243,181,31,4,2,1,2,0,0,0,1,2,2,2,3,18,82,183,238,250,253,254,253,252,250,222,32,4,1,2,1,1,0,0,2,1,2,1,8,57,175,233,247,251,253,254,253,251,252,235,92,14,3,3,1,1,0,0,2,1,1,5,26,118,231,248,251,251,253,254,253,251,252,243,185,67,9,2,1,1,0,0,1,3,6,23,88,192,245,252,252,252,253,254,253,250,253,250,226,140,18,4,2,1,0,0,1,7,39,105,186,241,251,253,251,253,254,253,253,251,253,251,236,173,47,5,2,1,0,0,4,20,118,213,236,244,250,252,252,253,253,253,252,252,252,251,236,167,53,8,1,0,0,6,7,53,155,203,209,215,234,245,247,248,248,248,247,247,248,250,238,201,97,11,1,0,0,1,6,76,115,120,115,119,183,207,208,208,206,204,201,201,213,240,243,221,122,28,4,0,0,3,4,12,14,14,14,21,91,103,100,96,91,84,78,76,112,189,198,183,151,47,3,0,0,0,1,2,2,3,0,5,9,12,11,11,10,9,9,11,31,57,56,47,33,14,4,0,0,1,0,4,4,4,1,0,1,1,1,0,0,0,0,2,5,4,6,7,7,3,7,0,0,0,0,0,0,0,1,0,0,0,0,0,0,0,1,1,1,1,1,1,5,6,0,0,0,0,0,0,0,0,0,0,1,1,1,1,0,0,0,0,0,0,0,0,0,0,0,0,0,0
0,0,0,0,0,0,0,0,0,0,0,0,0,0,0,0,0,0,0,0,0,0,0,0,0,0,0,0,0,0,0,0,0,0,1,1,3,3,1,0,0,0,0,0,0,0,0,0,0,0,0,0,0,1,3,6,3,8,14,28,22,8,2,1,0,0,0,0,0,0,0,0,0,0,0,0,0,1,1,2,5,26,115,136,103,36,13,3,0,1,0,0,0,0,0,0,0,0,0,0,0,0,0,1,14,60,193,220,200,109,49,23,9,4,1,0,0,0,0,0,0,0,0,0,0,0,0,3,40,178,236,247,244,222,203,95,76,22,12,2,1,1,1,0,0,0,0,0,0,0,1,13,75,210,249,253,253,253,245,222,190,102,41,19,7,4,2,0,0,0,0,0,0,0,6,49,192,242,252,253,254,254,254,250,233,202,145,97,38,20,6,0,0,0,0,0,0,5,24,116,221,251,255,255,254,254,254,253,252,245,234,201,172,80,17,0,0,0,0,0,1,16,112,203,245,254,255,255,255,254,254,254,254,253,250,244,226,163,26,0,0,0,0,0,8,44,191,238,252,255,255,255,255,255,255,254,254,253,250,241,197,45,10,0,0,0,0,1,20,163,235,251,254,255,255,255,255,255,255,255,255,254,246,202,137,15,2,0,0,0,1,11,52,201,249,254,255,255,255,255,255,255,255,255,255,252,225,128,19,7,0,0,0,0,9,55,188,240,253,255,255,255,255,255,255,255,255,255,253,243,187,24,5,0,0,0,0,7,23,176,223,251,254,255,255,255,255,255,255,255,255,253,249,207,69,10,0,0,0,0,0,11,114,216,247,252,254,255,255,255,255,255,255,255,255,250,208,166,18,2,0,0,0,0,0,15,126,233,249,253,254,254,255,255,255,255,255,255,252,236,165,23,7,0,0,0,0,0,0,14,119,157,223,239,250,252,254,254,254,254,254,254,245,183,28,7,0,0,0,0,0,0,0,5,14,47,103,172,210,247,252,254,254,253,254,250,215,98,11,0,0,0,0,0,0,0,0,0,1,5,13,56,142,191,240,250,252,253,250,238,164,20,3,0,0,0,0,0,0,0,0,0,0,0,1,8,30,63,158,203,242,246,241,184,43,8,0,0,0,0,0,0,0,0,0,0,0,0,0,0,2,9,20,95,150,210,185,142,15,2,0,0,0,0,0,0,0,0,0,0,0,0,0,0,0,0,3,9,19,23,23,14,6,0,0,0,0,0,0,0,0,0,0,0,0,0,0,0,0,0,0,0,0,0,0,0,0,0,0,0,0,0,0,0,0,0,3
0,0,0,0,0,2,1,6,0,1,1,1,4,3,1,0,0,0,0,0,0,0,0,0,0,0,0,0,2,4,2,2,1,5,2,2,3,7,8,7,1,4,0,0,0,0,0,0,0,0,0,0,1,4,2,6,3,7,18,25,42,27,28,19,9,8,0,0,0,0,0,0,0,0,0,4,1,3,2,16,24,36,149,199,194,82,203,107,94,25,10,4,4,0,0,0,0,0,2,2,1,5,4,29,207,230,237,246,242,225,236,241,226,114,90,14,3,1,0,0,0,0,2,3,4,4,14,43,235,252,254,254,253,253,251,251,248,239,213,26,6,10,2,5,0,1,7,7,11,23,45,224,244,254,254,255,255,254,252,250,253,251,212,59,33,10,5,1,0,3,10,1,22,203,233,243,254,252,255,255,253,254,249,249,253,251,221,193,22,10,5,1,3,1,4,13,39,234,253,254,252,254,255,255,255,254,253,254,253,251,252,222,29,6,1,1,1,0,3,20,215,241,251,254,255,255,255,255,255,255,255,255,254,250,253,226,36,12,1,4,0,1,11,41,235,252,251,254,255,255,255,255,255,255,255,255,254,254,254,225,96,12,3,1,1,0,20,215,241,251,252,254,255,255,255,255,255,255,255,255,255,255,253,229,34,8,5,1,4,4,33,228,250,253,254,255,255,255,255,255,255,255,255,255,254,254,244,216,23,8,4,3,4,7,92,223,245,252,254,255,255,255,255,255,255,255,255,255,254,253,236,51,21,2,2,0,9,6,30,163,246,253,254,255,255,255,255,255,255,255,255,255,254,251,226,101,11,4,1,8,5,8,29,221,250,253,254,255,255,255,255,255,255,255,254,253,254,253,226,37,8,3,1,3,4,6,34,226,253,252,254,255,255,255,255,255,255,255,253,252,254,244,215,21,2,7,2,0,2,5,94,229,253,252,254,254,254,255,255,255,255,255,253,254,252,234,39,11,10,10,3,0,1,5,30,224,251,254,252,251,254,255,255,255,255,254,252,248,242,213,21,2,5,3,1,0,0,0,21,149,241,255,253,247,254,254,254,255,255,254,245,235,219,32,11,0,2,2,0,0,0,0,6,35,231,254,254,253,253,254,254,255,255,252,237,114,23,11,0,1,0,0,0,0,0,0,0,19,203,232,244,250,243,247,250,252,245,235,188,23,4,2,2,2,0,0,0,0,0,0,0,9,19,39,215,213,159,165,227,231,216,61,22,10,2,2,1,1,0,0,0,0,0,0,0,0,0,0,0,0,14,0,163,8,0,0,1,5,2,1,2,0,0,0,0,0,1
0,0,0,0,0,0,0,0,0,5,4,6,20,122,246,254,228,56,0,0,0,0,0,0,0,0,0,0,0,0,3,6,9,3,2,10,55,144,241,243,146,62,6,0,0,0,0,0,0,0,0,0,0,1,1,4,7,4,5,17,132,213,246,235,124,45,8,0,0,0,0,0,0,0,0,1,0,1,0,3,7,5,8,23,152,223,243,210,58,15,2,1,4,0,0,0,0,2,0,4,4,0,0,1,2,6,9,71,157,241,237,187,103,7,0,2,0,0,0,0,4,2,3,1,1,0,5,2,3,5,19,91,180,246,230,115,27,6,1,2,3,1,0,0,1,1,4,4,1,1,4,2,1,6,29,174,228,237,222,96,13,5,3,3,1,0,0,0,0,1,2,2,0,2,6,2,3,10,88,116,239,245,178,91,13,1,1,4,2,1,0,0,0,0,0,0,1,2,4,4,4,20,107,200,243,228,164,66,8,3,2,4,1,1,2,6,0,0,0,1,1,2,3,1,3,39,184,210,243,222,66,15,9,6,2,7,1,0,3,4,0,0,0,1,1,3,3,1,9,46,137,240,241,158,31,5,4,2,1,2,3,2,2,2,0,0,0,1,2,3,2,2,14,131,160,241,235,137,21,5,4,4,5,0,0,1,0,0,0,0,0,0,0,0,1,3,26,157,225,246,209,46,20,3,3,5,2,1,1,0,0,0,0,0,2,2,3,1,2,5,56,165,242,245,189,41,7,4,7,4,4,2,1,0,0,0,0,0,3,5,8,5,2,13,78,179,248,239,112,83,8,1,2,4,2,0,0,0,0,0,0,1,1,2,7,2,1,18,169,233,246,225,89,27,6,0,0,0,0,0,0,0,0,0,0,0,0,4,7,6,10,27,187,240,237,182,39,16,2,2,3,1,1,0,0,0,0,0,0,1,1,4,1,7,11,108,193,246,238,156,61,5,2,3,3,1,1,0,0,0,0,0,0,0,8,1,4,5,22,132,213,248,217,80,14,6,2,3,3,1,1,0,0,0,0,0,0,0,0,2,2,5,45,196,239,244,206,65,9,4,4,3,3,0,0,1,0,0,0,0,0,0,0,0,3,11,67,152,245,241,143,60,9,2,1,4,3,1,1,5,1,0,0,0,0,0,0,0,2,17,136,215,243,231,126,41,6,2,3,4,2,1,2,0,0,0,0,0,0,0,0,0,6,24,156,223,241,198,49,11,7,5,3,8,0,0,0,0,0,0,0,0,0,0,0,0,0,78,164,255,245,201,2,1,3,1,0,0,0,0,0,0,0,0,0,0,2
0,0,0,0,6,2,5,2,0,0,0,3,3,11,5,1,0,0,0,0,0,0,0,0,0,0,0,0,2,4,6,6,9,7,10,13,13,11,2,1,3,3,0,0,0,0,0,0,0,0,0,0,6,6,14,99,35,105,39,94,181,38,19,13,0,0,4,4,0,0,0,0,0,0,0,9,13,18,30,145,207,227,212,236,235,205,187,28,10,2,1,1,4,4,0,0,0,0,1,13,112,123,132,169,245,251,253,253,252,251,238,191,52,14,5,3,1,1,3,1,0,0,1,23,177,215,236,244,250,254,253,254,251,249,252,240,195,39,22,12,2,1,1,1,0,1,10,35,193,246,250,251,254,255,255,254,251,254,254,253,241,198,172,20,4,3,4,10,0,0,16,175,237,250,253,254,254,255,255,255,254,254,254,254,252,248,201,34,8,2,2,3,1,5,29,189,248,252,254,255,255,255,255,255,255,255,255,255,254,252,235,104,17,7,7,6,4,9,105,202,248,254,254,255,255,255,255,255,255,255,255,255,255,254,242,192,88,6,4,3,6,16,43,184,250,253,254,255,255,255,255,255,255,255,255,255,255,253,245,149,30,10,2,3,3,17,158,234,251,253,253,255,255,255,255,255,255,255,255,255,254,253,242,195,95,9,2,3,8,19,123,235,252,254,255,255,255,255,255,255,255,255,255,254,253,252,242,161,96,8,2,2,5,7,33,207,250,253,255,255,255,255,255,255,255,255,255,254,253,253,241,155,24,5,2,2,5,2,23,193,241,252,254,254,254,255,255,255,255,255,255,254,253,248,233,142,14,2,2,1,1,2,14,101,186,238,251,252,254,252,254,255,255,255,254,254,249,240,157,27,9,6,3,3,1,3,5,13,33,183,215,250,253,250,254,254,253,254,253,248,237,185,90,15,3,8,2,0,4,2,3,5,19,73,184,235,251,252,252,251,248,251,249,241,145,37,17,7,4,3,1,0,4,2,3,4,12,18,30,179,199,239,240,210,233,207,226,187,92,13,4,4,1,2,0,0,3,3,3,5,2,3,14,17,36,178,180,73,167,90,88,30,19,10,6,2,1,2,0,0,0,0,2,3,5,5,4,7,9,17,19,19,14,17,10,8,7,2,2,2,4,0,0,0,0,0,0,0,1,2,4,1,5,1,4,4,9,6,5,2,2,3,2,3,1,0,0,0,0,0,0,0,0,0,5,1,0,2,2,2,1,6,2,3,2,3,3,3,0,0,0,0,0,0,0,0,0,0,0,0,0,2,1,3,0,3,3,3,3,0,0,3,0,0,0,0,1
0,0,0,0,0,0,0,0,0,0,0,0,0,0,0,0,0,0,0,0,0,0,0,0,0,0,0,0,3,5,2,0,1,2,2,3,3,2,0,0,0,0,0,0,0,0,0,0,0,0,0,1,5,4,3,4,5,5,5,2,1,2,2,1,4,0,0,0,0,0,0,0,0,0,0,0,6,19,17,31,37,43,17,18,7,5,6,2,4,2,0,0,0,0,0,0,0,0,3,7,18,79,96,131,144,161,73,89,60,47,16,8,5,5,1,1,0,0,0,0,0,0,7,55,113,174,212,233,241,236,191,194,184,162,73,48,9,3,3,4,2,1,0,0,0,4,19,100,206,237,248,252,253,251,249,246,245,233,186,126,27,13,3,1,1,1,0,0,0,12,73,191,237,250,252,254,254,254,254,253,250,249,239,183,89,27,5,1,2,4,2,0,0,52,180,221,249,252,253,254,255,254,254,253,251,252,251,237,178,72,25,3,2,4,4,0,6,62,187,243,252,252,252,254,255,255,255,254,254,253,253,250,226,137,50,5,2,4,5,0,8,70,159,244,253,254,254,255,255,255,255,255,255,254,252,252,238,179,54,6,2,3,4,0,14,109,198,246,254,254,255,255,255,255,255,255,255,254,253,253,238,161,38,7,2,2,4,0,15,140,222,249,254,254,255,255,255,255,255,255,255,254,252,250,243,184,43,6,3,0,1,0,12,122,220,250,253,254,255,255,255,255,255,255,255,254,253,252,246,205,52,9,2,1,1,0,5,65,204,245,251,254,254,255,255,255,255,255,255,254,251,251,245,212,107,8,3,2,1,0,6,33,129,214,250,253,252,254,254,254,255,254,253,254,253,246,229,145,38,5,1,1,0,0,6,11,73,204,244,251,251,253,254,254,254,253,252,252,249,230,159,119,12,1,0,1,0,0,0,6,31,110,204,241,249,252,254,254,254,253,252,244,217,188,126,20,7,1,1,1,0,0,0,1,6,18,92,166,214,234,240,248,248,249,245,226,143,67,87,11,4,8,2,0,0,0,0,0,0,5,13,25,114,84,158,180,222,201,192,141,70,17,8,7,6,3,1,0,0,0,0,0,0,1,3,6,9,34,23,28,85,62,93,40,14,5,3,3,2,0,0,0,0,0,0,0,0,0,0,0,1,6,5,5,6,11,17,9,5,3,2,0,2,0,0,0,0,0,0,0,0,0,0,0,0,0,3,3,2,2,2,4,3,2,2,0,1,0,0,0,0,0,0,0,0,0,0,0,0,0,0,0,0,0,0,0,0,0,0,0,0,0,0,0,0,0,1
0,0,0,0,0,0,0,0,2,1,1,122,122,253,253,175,1,4,1,0,0,0,0,0,0,0,0,0,0,0,1,6,10,25,123,230,244,245,247,233,159,22,8,0,0,0,0,0,0,0,0,0,0,1,5,20,113,133,235,250,254,253,253,247,179,151,15,0,0,0,0,0,0,0,0,1,6,10,25,123,230,245,250,255,254,253,254,251,245,171,31,8,0,0,0,0,0,0,3,6,15,108,128,235,250,255,255,254,255,255,255,255,252,235,161,22,7,0,0,0,2,6,12,25,118,138,239,250,255,254,254,255,255,255,255,255,255,248,180,151,15,0,0,0,3,15,105,128,230,244,250,255,254,255,255,255,255,255,255,255,255,252,245,171,31,8,0,0,3,50,130,238,248,254,254,254,255,255,255,255,255,255,255,255,255,255,252,238,164,25,7,0,4,74,217,241,249,252,254,255,255,255,255,255,255,255,255,255,255,255,255,251,235,154,15,0,2,22,94,231,246,253,254,255,255,255,255,255,255,255,255,255,255,255,255,255,248,174,31,1,4,9,73,102,239,254,255,255,255,255,255,255,255,255,255,255,255,255,255,255,251,237,162,1,0,5,10,83,223,246,255,255,255,255,255,255,255,255,255,255,255,255,255,255,254,250,233,175,0,1,3,16,91,230,248,255,255,255,255,255,255,255,255,255,255,255,254,254,254,252,245,175,0,0,0,4,20,100,240,255,255,255,255,255,255,255,255,255,255,254,254,254,255,254,244,254,0,0,0,0,7,81,223,246,255,255,255,255,255,255,255,254,254,254,254,255,248,240,224,72,0,0,0,0,3,16,91,230,248,255,255,255,255,255,254,254,254,254,255,248,231,92,73,4,0,0,0,0,0,4,20,100,240,255,255,255,255,254,254,254,255,248,240,224,82,18,7,2,0,0,0,0,0,0,7,81,223,246,254,253,254,254,254,255,248,231,92,73,16,3,1,0,0,0,0,0,0,0,3,16,91,230,247,252,253,255,248,240,224,82,18,6,3,1,0,0,0,0,0,0,0,0,0,4,20,93,232,245,254,247,233,95,75,16,3,1,1,0,0,0,0,0,0,0,0,0,0,1,8,74,103,232,239,223,85,65,9,3,1,0,0,0,0,0,0,0,0,0,0,0,0,0,5,11,82,207,93,76,19,6,3,1,0,0,0,0,0,0,0,0,0,0,0,3,1,1,3,4,14,35,67,13,5,2,0,0,0,0,0,0,0,0,0,0,0,0,0,4,9,3,6,5,5,3,3,2,8,0,0,0,0,0,0,0,0,0,3
0,0,0,0,0,0,0,0,0,0,0,0,0,0,0,0,0,0,0,0,0,0,0,0,0,0,0,0,0,0,0,0,0,0,0,2,2,8,17,24,23,15,6,0,0,0,0,0,0,0,0,0,0,0,0,3,2,0,4,3,7,50,142,198,196,112,18,1,0,0,0,0,0,0,0,0,0,0,2,0,0,1,1,3,13,46,161,232,172,69,15,1,0,0,0,0,0,0,0,0,0,0,1,0,2,2,1,9,47,131,205,223,154,21,4,2,1,0,0,0,0,0,0,0,0,0,0,0,2,4,3,15,101,193,217,197,116,20,1,1,0,0,0,0,0,0,0,0,0,0,1,1,2,2,5,23,170,226,211,122,46,11,2,2,0,0,0,0,0,0,0,0,0,0,0,2,2,2,10,83,189,235,205,92,23,3,3,4,0,0,0,0,0,0,0,0,0,1,1,1,2,7,40,123,206,229,170,75,11,3,4,3,2,2,1,0,0,0,0,0,0,2,3,3,2,15,102,199,234,203,104,31,7,3,2,3,3,3,3,0,0,0,1,1,0,1,4,5,6,25,131,228,238,151,62,14,5,3,1,0,2,2,0,0,0,3,3,1,1,1,3,5,18,72,166,230,216,116,22,5,5,4,2,1,1,0,0,0,0,3,2,0,3,2,3,7,45,150,222,218,193,104,11,1,3,2,2,0,0,0,0,0,0,1,1,0,4,2,4,14,70,176,229,204,120,32,7,2,0,0,0,0,0,0,0,0,0,0,0,0,3,3,7,37,119,218,229,152,46,9,2,2,2,1,0,0,0,0,0,0,0,0,0,1,1,4,14,66,158,221,212,135,41,6,3,3,1,1,0,0,0,0,0,0,0,0,0,1,1,5,29,117,195,219,179,101,31,6,6,2,1,0,0,0,0,0,0,0,0,0,0,3,1,8,64,190,231,198,120,50,11,3,4,4,1,1,1,0,0,0,0,0,0,0,0,0,3,17,86,220,238,175,72,27,6,2,3,1,1,1,2,0,0,0,0,0,0,0,0,1,10,54,149,225,221,139,35,8,4,2,3,2,2,4,1,0,0,0,0,0,0,0,0,1,26,139,212,226,173,91,28,5,5,3,0,0,2,3,0,2,1,0,0,0,0,0,0,1,27,139,204,200,129,51,19,4,6,5,1,0,0,0,0,0,0,0,0,0,0,0,0,1,7,16,24,23,16,8,2,1,6,6,3,0,0,0,0,0,0,0,0,0,0,0,0,0,0,0,0,0,0,0,0,0,0,0,0,0,0,0,0,0,0,0,0,0,2
0,0,0,0,0,0,0,1,3,5,0,0,4,2,0,0,5,7,2,2,3,3,0,0,3,0,2,4,0,1,1,7,3,2,3,3,2,3,4,4,2,1,1,1,2,2,0,0,0,1,1,3,7,2,7,2,4,6,5,1,1,1,2,2,4,0,1,6,6,1,0,0,5,5,3,1,3,4,10,18,26,27,25,18,14,7,4,4,2,5,2,3,4,4,2,0,3,2,1,0,1,8,25,176,188,189,187,174,74,30,25,26,20,9,1,4,7,5,1,0,5,2,3,11,21,31,152,237,249,249,247,239,203,185,179,148,152,36,10,5,4,3,5,0,1,5,14,63,173,189,228,249,251,250,253,252,251,248,244,232,230,174,61,16,4,2,3,0,7,7,67,174,234,249,252,253,252,251,254,254,254,255,253,253,250,241,224,76,13,4,2,1,8,11,29,125,244,254,252,254,254,254,254,255,255,255,255,255,254,251,242,172,67,7,2,3,4,18,101,194,245,254,253,255,255,255,255,255,255,255,255,255,254,252,246,230,107,12,1,2,0,109,198,241,249,253,255,255,255,255,255,255,255,255,255,255,253,252,251,236,111,14,2,0,4,172,240,249,252,253,255,255,255,255,255,255,255,255,255,254,253,252,253,237,111,13,3,7,3,177,246,252,253,254,255,255,255,255,255,255,255,255,255,254,254,253,249,232,107,12,3,11,0,176,246,252,253,255,255,255,255,255,255,255,255,255,255,255,254,253,241,173,72,11,3,5,1,171,241,251,254,255,255,255,255,255,255,255,255,255,255,255,254,253,234,91,22,8,3,0,4,113,204,248,254,253,254,255,255,255,255,255,255,255,255,255,254,252,237,86,18,6,2,0,5,25,143,234,250,252,254,254,255,255,255,254,254,254,254,253,252,250,225,164,46,8,6,4,0,9,31,153,243,252,254,255,255,254,254,253,251,253,254,252,247,227,166,39,18,8,2,2,0,4,17,106,198,242,251,252,252,252,253,253,249,253,252,251,237,151,24,13,3,2,3,2,0,8,8,17,89,196,238,238,207,222,242,248,250,249,243,216,181,25,9,8,3,1,2,4,0,1,4,6,15,66,181,180,50,125,189,197,197,196,190,98,21,14,11,2,2,3,2,0,0,3,2,2,4,11,18,18,23,18,23,27,28,29,21,13,7,1,1,4,1,4,4,0,0,12,5,1,3,4,2,7,1,2,3,6,7,2,2,3,3,4,0,0,0,0,0,3,0,0,0,3,3,2,6,1,6,7,6,3,1,6,11,5,3,0,0,0,0,0,0,0,1
0,0,0,0,0,0,0,0,0,0,0,0,0,0,0,0,0,0,0,0,0,0,0,0,0,0,0,0,0,0,0,0,0,0,0,5,6,0,0,1,0,1,4,1,0,0,0,0,0,0,0,0,0,0,0,0,0,1,1,2,3,2,4,5,2,5,3,0,0,0,0,0,0,0,0,0,0,0,0,0,0,0,1,4,8,12,13,10,5,2,1,0,0,0,0,0,0,0,0,0,0,0,0,0,0,2,13,22,35,91,123,23,5,1,0,0,0,0,0,0,0,0,0,0,0,0,0,2,11,22,72,217,227,223,157,57,11,1,0,0,0,0,0,0,1,0,0,0,0,1,11,21,59,218,237,246,250,242,218,125,20,1,0,0,0,0,0,0,1,0,0,1,10,20,49,217,236,245,254,254,253,252,235,138,35,9,0,0,0,0,0,0,0,1,10,19,42,213,235,245,254,254,254,254,255,254,245,195,94,16,1,0,0,0,0,0,5,19,38,207,234,244,254,254,254,254,255,255,255,255,252,233,127,37,10,0,0,0,0,0,3,199,231,243,253,254,254,254,255,255,255,255,255,255,254,247,220,103,19,3,0,0,0,0,239,236,252,254,254,254,255,255,255,255,255,255,255,255,255,254,236,140,52,10,1,0,1,0,190,243,253,253,255,255,255,255,255,255,255,255,255,255,255,254,249,221,94,19,5,2,4,0,163,225,251,255,255,255,255,255,255,255,255,255,255,255,255,254,253,236,166,56,8,2,0,0,2,182,247,253,255,255,255,255,255,255,255,255,255,254,254,254,252,240,207,70,12,6,1,0,2,167,218,250,255,255,255,255,255,255,255,254,254,254,254,249,240,223,103,22,7,1,2,0,1,95,185,246,253,255,255,255,255,254,254,254,254,251,243,229,140,45,18,5,1,0,0,0,0,20,169,204,249,255,255,254,254,254,254,252,245,232,164,56,22,10,3,1,3,0,3,0,0,9,57,182,244,251,254,254,253,247,240,230,184,70,30,9,2,0,1,2,5,0,1,0,0,1,17,165,193,248,252,247,240,210,105,77,42,12,3,0,0,1,1,0,0,0,0,0,0,0,7,29,179,236,239,220,119,75,17,8,4,1,0,0,0,0,0,0,0,0,0,0,0,0,0,13,124,194,134,94,20,8,3,0,0,0,0,0,0,0,0,0,0,0,0,0,0,0,0,5,19,83,23,11,7,0,0,0,0,0,0,0,0,0,0,0,0,0,0,0,0,0,0,0,0,0,0,0,0,0,0,0,0,0,0,0,0,0,0,0,0,0,0,0,3
0,0,0,0,0,0,0,5,0,0,0,0,6,5,1,0,0,0,0,0,0,0,0,0,185,73,13,5,0,1,6,1,3,5,0,2,2,2,1,0,0,0,0,0,0,0,0,0,238,171,85,16,9,5,3,3,2,4,3,1,0,0,0,0,0,0,0,0,0,0,0,0,253,229,173,89,17,6,6,3,1,2,6,1,1,1,1,0,0,0,0,0,0,0,0,0,242,246,228,177,89,25,10,4,4,4,4,3,1,2,1,0,0,0,0,0,0,0,0,0,188,229,245,232,184,97,35,26,9,4,1,3,3,2,1,0,2,0,0,0,0,0,0,0,92,175,228,248,239,192,105,94,30,6,2,1,3,2,0,1,6,2,1,1,1,0,0,0,3,83,166,224,241,238,203,191,113,34,13,7,1,0,1,2,8,2,0,0,2,4,4,2,2,11,23,84,178,232,247,242,232,192,114,20,8,2,3,6,5,6,1,0,1,1,3,7,0,5,7,17,66,175,235,246,250,238,199,122,30,9,4,3,4,3,1,4,3,1,2,3,7,3,3,5,20,65,165,221,228,245,239,205,122,40,8,4,4,5,2,4,4,3,1,0,8,3,1,4,8,17,60,148,156,215,246,243,207,127,50,11,8,7,2,1,4,3,0,0,3,5,3,2,5,5,11,55,68,142,215,244,245,210,130,59,47,9,5,3,4,3,2,1,0,4,3,2,4,3,4,5,14,58,140,215,244,245,210,146,138,45,12,6,3,3,3,1,2,1,0,3,6,4,4,2,4,11,48,141,217,242,245,224,216,156,43,12,3,1,2,7,5,2,0,1,4,9,4,1,2,3,8,32,133,206,236,244,232,228,157,61,21,8,2,0,1,0,1,4,5,1,0,0,2,2,2,8,16,38,138,209,241,245,239,218,149,63,12,2,0,0,0,0,0,0,0,0,2,3,3,2,6,9,38,124,199,208,245,247,223,158,75,1,0,0,0,0,0,0,0,1,1,1,3,4,3,4,8,45,110,120,202,240,246,223,162,74,0,0,0,0,0,0,0,1,0,0,3,5,2,2,6,12,35,41,109,196,237,245,222,173,0,0,0,0,0,0,0,1,0,0,2,4,4,1,4,6,4,8,25,108,191,233,239,216,0,0,0,0,0,0,0,0,2,2,1,2,6,2,3,4,3,2,7,16,104,186,221,178,0,0,0,0,0,0,0,1,5,3,1,1,0,0,5,5,3,3,0,4,15,95,146,123,0,0,0,0,0,0,0,2,2,4,6,5,0,0,0,8,10,0,0,0,0,0,0,0,2
0,0,0,0,0,0,0,0,0,0,0,0,0,0,0,0,0,0,0,0,0,0,0,0,0,0,0,0,0,0,0,0,0,0,0,0,1,0,0,1,3,3,0,0,0,0,0,0,0,0,0,0,0,0,0,0,0,0,0,0,1,3,2,5,4,6,2,0,0,0,0,0,0,0,0,0,0,0,0,0,0,0,2,10,21,33,13,5,2,2,1,0,0,0,0,0,0,0,0,0,0,0,0,0,2,8,26,55,154,185,95,19,8,0,0,0,0,0,0,0,0,0,2,0,1,0,3,7,20,67,126,203,231,240,230,135,17,0,0,0,0,0,0,0,0,0,8,1,3,7,17,73,102,187,225,246,252,252,249,229,35,10,0,0,0,0,0,0,0,0,2,2,12,55,116,173,220,234,250,253,254,254,254,243,217,23,3,0,0,0,0,0,0,0,1,12,48,159,212,237,249,252,253,254,255,255,255,254,236,91,13,1,0,0,0,0,0,0,5,17,168,233,249,252,253,255,255,255,255,255,255,255,247,224,48,8,1,0,0,0,0,1,2,16,189,239,253,254,255,255,255,255,255,255,255,255,255,242,160,33,3,0,0,0,0,0,0,11,35,227,249,255,255,255,255,255,255,255,255,255,255,251,233,77,14,2,0,0,0,0,0,0,15,126,239,255,255,255,255,255,255,255,255,255,255,254,245,212,67,8,1,0,0,0,0,0,5,32,221,245,255,255,255,255,255,255,255,255,255,254,250,233,108,21,4,0,0,0,0,0,0,12,65,234,253,255,255,255,255,255,254,254,253,251,241,210,159,57,5,0,0,0,0,0,0,2,27,195,243,255,255,255,254,254,253,252,245,229,195,134,77,15,3,0,0,0,0,0,0,0,10,52,229,250,254,254,253,252,246,227,207,122,88,20,10,5,1,0,0,0,0,0,0,0,1,19,138,234,247,251,246,227,207,117,88,21,8,3,1,1,3,9,0,0,0,0,0,0,0,8,26,128,232,228,205,129,74,28,9,3,0,0,1,1,1,3,0,0,0,0,0,0,0,0,8,41,180,147,59,31,9,3,0,0,0,0,0,0,0,0,0,0,0,0,0,1,2,1,3,10,27,29,14,4,1,0,0,0,0,0,0,0,0,0,0,0,0,0,0,2,3,6,1,7,3,2,6,0,0,0,0,0,0,0,0,0,0,0,0,0,0,0,0,0,0,0,0,0,0,0,0,0,0,0,0,0,0,0,0,0,0,0,0,0,0,0,0,0,0,0,0,0,0,0,0,0,0,0,0,0,0,0,0,0,0,0,3
0,0,0,0,0,0,0,0,0,0,0,0,0,0,0,0,0,0,0,0,0,0,0,0,0,0,0,0,0,0,0,0,0,0,0,0,0,1,1,1,0,0,0,0,0,0,0,0,0,0,0,0,0,0,0,0,0,0,0,0,0,1,2,4,3,1,0,2,0,0,0,0,0,0,0,0,0,0,0,0,0,0,0,0,0,2,2,2,1,0,0,3,1,0,1,0,0,0,0,0,0,0,0,0,0,0,0,0,0,0,2,1,3,0,3,4,6,2,7,0,0,0,0,0,0,0,0,0,0,0,0,1,1,0,3,3,2,1,3,6,2,8,24,94,0,0,1,0,2,0,0,0,0,0,0,1,1,1,3,3,2,5,9,12,25,37,107,165,0,0,2,3,2,2,0,0,2,3,0,1,2,2,4,4,6,20,54,73,129,152,203,225,0,0,0,2,1,0,0,2,3,4,0,1,3,5,13,25,29,81,150,186,230,236,234,246,0,0,0,1,3,3,2,3,4,5,3,4,8,48,68,149,116,183,201,228,232,224,172,177,1,0,0,5,4,1,3,5,5,11,41,25,63,87,170,220,227,225,223,186,170,87,32,2,2,1,1,3,3,3,10,16,41,56,131,149,207,218,234,233,203,142,117,88,65,15,3,1,4,1,2,4,9,29,47,108,132,149,216,221,224,215,200,186,109,66,25,18,10,4,0,4,1,6,18,28,41,112,134,204,216,238,225,208,139,122,92,73,32,20,7,2,4,3,2,2,13,28,91,108,158,211,223,227,233,205,182,116,66,37,13,8,7,5,2,2,5,1,1,0,101,128,190,199,232,239,224,169,146,66,51,18,29,5,4,4,4,3,0,4,2,0,0,0,248,233,231,224,180,170,155,64,49,13,5,4,2,2,3,5,2,0,0,0,2,2,0,0,254,230,184,164,72,60,21,12,7,4,2,2,2,1,1,1,1,0,1,2,2,4,0,0,202,105,74,34,17,6,6,2,2,3,3,2,1,1,0,0,0,0,2,2,1,1,0,0,75,25,10,4,2,3,2,3,3,3,1,1,1,0,0,0,0,0,0,0,0,0,0,0,7,4,1,1,1,4,2,2,2,2,0,0,0,0,0,0,0,0,0,0,0,0,0,0,0,0,0,0,3,0,0,1,0,2,4,0,0,0,0,0,0,0,0,0,0,0,0,0,0,0,0,0,0,0,0,1,3,2,1,1,0,0,0,0,0,0,0,0,0,0,0,0,0,0,0,0,0,0,0,0,0,0,0,0,0,0,0,0,0,0,0,0,0,0,0,0,2
0,0,0,0,0,0,0,0,0,0,0,0,0,0,0,0,0,0,0,0,0,0,0,0,0,0,0,1,1,1,1,0,0,0,0,0,0,0,0,0,0,0,0,0,0,0,0,0,0,1,6,10,21,28,28,27,27,26,26,25,25,25,24,24,24,24,23,21,13,6,6,0,10,3,4,30,114,176,182,182,181,181,181,180,180,180,179,179,178,178,175,144,72,8,2,1,4,1,5,37,148,234,246,247,248,248,248,248,248,248,248,248,247,245,240,196,96,11,2,0,0,0,5,35,148,239,252,254,254,254,254,254,254,254,254,254,254,252,246,197,94,12,2,0,0,0,2,31,143,240,254,254,254,254,254,254,254,254,254,254,253,253,247,195,90,11,1,0,0,0,1,26,140,241,255,255,255,255,255,255,255,255,255,255,255,254,248,192,86,9,0,0,0,0,1,22,135,240,255,255,255,255,255,255,255,255,255,255,255,255,247,189,82,9,0,0,0,0,0,17,130,240,255,255,255,255,255,255,255,255,255,255,255,255,247,186,77,8,0,0,0,0,0,14,126,239,255,255,255,255,255,255,255,255,255,255,255,255,246,182,73,7,0,0,0,0,0,14,121,238,255,255,255,255,255,255,255,255,255,255,255,255,246,179,69,7,0,0,0,0,0,13,118,238,255,255,255,255,255,255,255,255,255,255,255,255,246,176,65,6,0,0,0,0,0,12,114,237,254,255,255,255,255,255,255,255,255,255,255,255,245,173,60,6,0,0,0,0,1,13,109,236,253,253,254,254,254,254,254,254,254,254,254,254,245,169,55,5,0,0,0,0,2,13,105,233,251,253,254,254,254,254,254,254,254,254,253,253,243,164,51,5,0,0,0,5,3,10,94,218,236,243,246,248,250,251,252,252,252,252,252,250,240,160,46,6,1,0,0,1,3,8,46,118,143,159,174,189,204,211,213,216,219,223,226,228,222,147,39,6,2,0,0,0,2,4,10,19,26,27,31,34,38,40,42,48,63,79,94,110,120,86,23,4,2,0,0,0,2,1,1,2,4,3,2,2,2,3,3,4,6,9,13,19,21,15,7,5,1,0,0,0,2,1,2,4,0,0,0,0,0,0,0,0,0,0,1,3,3,2,1,1,2,0,0,2,2,4,2,2,1,0,0,0,0,0,0,0,0,0,1,1,3,3,0,1,3,0,0,0,0,0,0,0,0,0,0,0,0,0,0,0,0,0,0,1,4,3,2,3,1,0,0,0,0,0,0,0,0,0,0,0,0,0,0,0,0,0,0,0,0,0,3,7,0,0,3
0,0,0,0,0,0,0,0,4,1,8,1,4,2,8,6,4,2,2,0,0,0,0,0,0,0,0,0,0,0,1,4,2,4,3,4,3,3,7,8,7,5,1,3,0,0,0,0,0,0,0,0,2,5,5,3,2,4,7,9,14,11,13,23,15,10,8,2,1,0,0,0,0,0,0,2,3,5,5,4,10,13,26,103,93,89,92,103,54,105,31,9,8,0,0,0,0,1,3,3,4,3,7,11,25,107,126,225,205,232,235,232,232,219,137,25,10,4,0,0,8,2,3,4,3,7,15,94,119,226,243,247,253,252,254,253,251,247,231,139,28,15,5,0,2,3,2,3,4,7,26,127,228,246,253,254,254,254,253,250,254,253,245,163,121,99,14,0,1,2,2,5,6,21,91,148,243,253,254,250,254,255,254,254,254,254,249,242,232,173,26,0,7,2,1,6,54,76,223,243,250,255,254,254,254,255,255,255,255,255,253,252,249,193,164,1,7,6,3,15,64,195,242,254,255,253,255,255,255,255,255,255,255,255,254,254,251,246,183,5,3,2,4,15,193,232,251,254,255,255,255,255,255,255,255,255,255,255,254,252,252,247,226,191,3,4,7,26,75,240,253,254,255,255,255,255,255,255,255,255,255,255,255,254,254,250,237,36,4,6,9,62,202,237,253,252,253,255,255,255,255,255,255,255,255,255,255,255,252,252,236,168,2,2,5,20,90,238,254,253,254,255,255,255,255,255,255,255,255,255,255,255,254,249,240,150,1,4,4,13,80,228,250,254,255,255,255,255,255,255,255,255,255,255,255,255,254,247,179,171,0,2,3,13,77,177,249,254,254,255,255,255,255,255,255,255,255,255,254,254,254,244,174,62,0,0,2,9,96,221,243,251,251,254,255,255,255,255,255,255,254,254,255,255,251,241,165,52,0,4,3,7,23,120,243,253,253,253,253,254,255,255,255,252,253,254,253,250,238,172,149,3,0,0,7,3,10,102,227,248,250,248,251,254,255,255,254,253,249,253,250,220,171,37,20,3,0,0,0,1,6,25,114,227,229,238,246,253,253,254,254,253,248,250,235,186,106,18,5,0,0,0,0,1,1,9,88,46,104,120,223,246,245,249,247,249,246,206,186,30,14,5,0,0,0,0,0,0,0,8,7,13,24,43,194,146,214,183,206,200,193,178,25,8,0,0,0,0,0,0,0,0,1,3,4,6,7,15,29,117,124,154,97,170,32,18,8,0,0,0,0,0,0,0,0,0,0,4,1,4,4,5,2,1,0,5,1,1,0,0,0,0,0,0,0,0,1
0,0,0,0,0,0,0,0,0,0,0,0,0,0,0,0,0,0,0,0,0,0,0,0,0,0,0,0,0,0,0,5,43,189,201,32,14,6,1,0,0,0,0,0,0,0,0,0,0,0,0,0,0,0,4,14,98,175,228,193,117,23,2,1,1,1,0,0,0,0,0,0,0,0,0,0,0,0,4,19,123,195,241,211,113,24,3,2,1,1,0,0,0,0,0,0,0,0,0,4,3,2,4,36,119,210,243,198,69,16,4,3,2,0,0,0,0,0,0,0,0,0,0,4,3,3,6,37,117,231,241,188,40,6,3,3,2,0,0,0,0,0,0,0,0,0,0,0,3,3,5,33,118,239,239,154,37,6,1,2,2,2,1,2,1,0,0,0,0,0,0,2,2,1,4,34,178,240,236,149,49,8,1,2,2,1,1,2,2,1,0,0,0,0,1,2,2,2,6,48,185,239,225,149,51,7,4,2,2,0,2,2,1,1,0,0,0,0,1,0,2,2,11,89,198,235,212,145,19,4,4,5,1,1,1,1,0,0,0,0,0,0,2,1,1,2,16,111,187,237,191,122,14,1,4,5,1,1,0,0,0,0,0,0,0,1,3,5,3,3,19,135,206,233,194,76,11,2,6,6,3,1,0,0,0,0,0,0,0,0,3,5,4,5,44,108,212,235,176,53,8,2,3,1,1,0,0,0,0,0,0,0,0,0,2,4,4,8,50,138,221,234,179,60,6,2,1,0,0,0,0,0,0,0,0,0,0,2,3,2,4,13,55,147,226,237,122,38,5,1,1,1,1,0,0,0,0,0,0,0,0,1,3,3,5,15,57,171,238,230,113,28,4,1,2,1,1,0,0,0,0,0,0,0,0,1,2,1,2,27,79,174,238,205,108,22,6,4,3,0,0,0,0,0,0,0,0,0,0,1,3,2,4,13,89,200,235,200,99,19,5,4,4,2,0,1,1,0,0,0,0,0,0,0,0,1,4,22,106,208,234,197,66,9,2,3,4,1,1,2,2,0,0,0,0,0,0,0,0,0,4,33,117,211,229,167,58,8,2,3,4,1,2,3,2,1,0,0,0,0,0,0,0,0,4,51,157,224,232,153,46,8,4,3,1,0,2,2,0,0,0,0,0,0,0,0,0,0,5,57,183,236,223,118,35,8,3,4,1,0,0,0,0,0,0,0,0,0,0,0,0,0,3,45,167,215,198,103,19,4,3,6,2,1,0,0,0,0,0,0,0,0,0,0,0,0,0,0,0,0,0,0,0,0,0,0,0,0,0,0,0,0,0,0,0,0,2
0,0,0,0,0,0,0,0,9,4,0,1,2,5,5,1,2,2,4,2,0,0,0,0,0,0,0,0,0,0,1,5,14,16,32,151,128,135,128,58,53,18,10,5,0,0,0,0,0,0,0,0,0,1,10,14,31,155,174,232,219,163,228,158,212,101,14,4,6,0,0,0,0,0,1,1,3,7,19,141,170,235,248,248,248,249,245,250,239,148,59,36,17,7,0,0,0,0,3,7,13,22,70,170,241,250,252,252,254,254,252,254,249,239,230,215,151,18,0,0,1,0,4,11,99,136,154,239,251,254,250,251,254,254,255,254,254,249,249,244,184,33,8,0,3,2,8,22,116,229,246,250,255,254,254,253,254,255,255,255,252,253,251,248,194,165,15,0,3,2,15,97,126,242,253,255,254,254,255,255,255,255,255,255,255,254,252,250,243,174,23,0,7,5,19,104,227,248,255,255,255,255,255,255,255,255,255,255,255,255,253,252,246,182,31,4,2,3,31,212,240,253,254,255,255,255,255,255,255,255,255,255,255,255,254,254,246,201,115,5,2,3,24,102,247,251,254,255,255,255,255,255,255,255,255,255,255,254,253,254,248,163,42,5,2,6,31,213,243,251,253,254,255,255,255,255,255,255,255,255,255,254,251,253,249,233,136,11,4,4,92,220,245,249,251,253,255,255,255,255,255,255,255,255,255,255,254,254,250,236,143,5,4,5,23,121,241,252,253,254,255,255,255,255,255,255,255,255,255,255,255,254,242,149,120,2,1,2,10,102,228,248,252,253,254,255,255,255,255,255,255,255,254,255,255,253,232,128,41,2,0,0,7,21,117,238,250,252,254,255,255,255,255,254,253,254,255,255,249,243,223,54,13,2,0,6,3,8,76,174,232,247,254,254,254,254,254,254,249,253,254,251,237,129,107,93,7,2,0,8,3,6,15,33,100,240,253,254,251,251,253,253,252,252,248,237,178,40,17,10,8,3,0,0,1,3,7,8,70,214,234,244,251,249,251,250,249,246,230,142,84,22,6,3,4,2,0,0,0,0,2,8,19,42,88,209,204,234,180,236,228,150,131,26,11,8,2,2,1,4,0,0,0,0,4,3,8,21,24,74,93,112,151,80,126,29,15,11,4,2,5,4,0,0,0,0,0,2,2,2,5,6,7,14,17,18,15,16,9,8,7,5,5,5,1,0,0,0,0,0,0,0,3,1,3,1,3,6,7,5,3,3,3,9,5,1,0,0,0,0,0,0,0,0,0,0,2,3,3,1,2,2,2,0,1,3,5,11,0,0,0,0,0,0,0,0,1
0,0,0,0,0,0,0,0,4,5,0,0,0,2,2,0,1,5,0,0,0,0,0,0,0,0,0,0,0,0,1,3,5,5,2,1,5,3,2,4,5,8,3,0,0,0,0,0,0,0,0,0,0,1,3,5,1,2,7,16,11,37,15,17,11,11,2,6,0,0,0,0,0,0,0,0,3,1,4,2,6,12,23,30,193,66,209,88,105,21,9,4,2,0,0,0,0,0,1,7,4,3,17,20,35,108,51,225,233,240,235,241,221,108,27,13,6,0,0,0,0,2,2,6,1,12,31,216,229,227,239,244,252,254,254,254,241,136,141,123,11,3,0,0,1,5,4,8,17,36,224,244,250,254,254,254,255,255,255,254,249,245,234,149,28,7,1,0,1,1,1,9,123,221,245,254,248,253,254,255,255,255,253,255,254,251,247,236,146,25,6,0,4,12,15,25,54,240,254,252,253,253,255,255,255,255,255,255,254,250,253,249,226,129,8,7,1,6,12,183,225,244,253,254,254,255,255,255,255,255,255,255,254,253,254,250,229,35,8,8,5,10,37,66,244,250,252,255,255,255,255,255,255,255,255,255,255,254,248,246,217,24,3,3,2,10,69,221,245,254,254,255,255,255,255,255,255,255,255,255,255,254,254,244,98,26,7,0,2,18,110,235,253,255,255,255,255,255,255,255,255,255,255,255,255,254,254,237,208,57,4,0,0,12,102,228,249,254,255,255,255,255,255,255,255,255,255,255,255,253,252,244,66,37,4,4,11,7,31,131,246,252,254,255,254,255,255,255,255,255,254,254,254,254,245,225,181,11,1,0,0,3,30,213,241,253,254,253,254,255,255,255,255,255,251,251,251,254,241,55,29,9,0,7,0,5,19,138,236,249,254,254,254,255,255,255,255,254,253,247,254,245,220,123,8,3,1,1,0,0,6,27,149,242,245,254,252,254,255,254,254,254,254,253,244,223,36,17,8,4,7,6,0,0,0,12,129,153,239,245,252,254,254,253,244,239,228,229,216,31,12,1,6,3,1,0,0,0,0,6,20,128,118,225,241,238,242,234,224,49,105,34,20,16,2,4,7,1,0,0,0,0,0,0,6,11,24,101,88,210,72,195,32,20,8,4,2,3,1,2,0,0,0,0,0,0,0,0,3,1,6,9,17,17,44,18,14,5,1,1,3,3,0,0,0,0,0,0,0,0,0,0,0,2,4,4,1,4,6,6,3,1,3,3,2,0,0,0,0,0,0,0,0,0,0,0,0,0,8,10,0,1,1,2,2,5,7,3,0,0,0,0,0,0,0,0,1
0,0,0,0,0,0,0,0,0,1,0,2,3,6,0,5,1,5,5,0,0,0,0,0,0,0,0,0,0,3,1,2,5,5,8,4,3,1,1,4,2,3,2,4,0,0,0,0,0,0,3,1,4,6,5,3,2,2,1,7,7,11,12,2,3,1,0,2,1,3,0,0,5,1,1,5,5,6,3,6,17,23,30,28,97,26,18,10,6,3,3,1,2,3,0,0,3,4,5,2,2,7,21,27,40,216,223,223,126,221,170,37,36,24,9,1,4,0,0,0,3,3,4,2,8,26,134,216,234,244,254,248,249,246,240,217,218,78,21,10,1,0,0,0,1,3,14,20,31,55,230,247,251,248,253,253,254,251,250,253,245,223,71,8,7,4,0,0,2,2,20,206,225,235,245,254,254,253,253,254,254,254,254,254,253,236,97,28,7,3,6,0,3,6,35,228,250,253,255,254,254,255,255,255,255,255,255,254,254,244,229,111,19,8,10,0,3,20,118,236,254,254,255,255,255,255,255,255,255,255,255,254,252,254,247,228,101,10,2,0,11,137,230,249,254,254,254,255,255,255,255,255,255,255,255,254,254,251,254,237,112,14,1,0,3,136,233,249,253,250,254,255,255,255,255,255,255,255,255,254,252,253,248,239,118,18,1,4,5,46,167,251,254,254,254,255,255,255,255,255,255,255,255,255,254,251,250,240,211,16,2,4,3,163,235,250,254,255,255,255,255,255,255,255,255,255,255,255,254,253,251,240,86,16,1,2,0,166,235,250,252,254,255,255,255,255,255,255,255,255,255,255,255,253,245,220,69,8,3,2,0,32,186,249,252,254,254,255,255,255,255,255,255,255,254,255,254,251,219,54,14,7,8,10,0,27,178,245,249,249,252,255,255,255,254,252,254,254,255,254,252,240,175,26,2,2,2,3,0,15,159,218,227,237,249,255,254,255,254,250,249,254,247,237,228,214,33,9,5,1,7,9,0,7,17,27,39,128,243,254,255,255,253,254,254,252,236,98,37,23,13,4,0,1,1,2,0,0,7,3,12,98,223,237,242,242,252,243,235,224,200,26,8,4,2,2,2,0,2,2,0,0,3,7,8,18,77,206,47,171,222,214,41,31,20,11,1,1,5,4,4,5,1,0,0,0,1,1,2,3,13,13,17,19,28,21,13,7,5,3,2,3,5,1,1,4,0,0,0,0,0,1,4,1,0,0,2,3,2,1,3,2,3,1,3,2,0,0,0,0,0,0,0,0,0,11,3,8,5,1,3,1,10,9,3,5,0,0,0,0,0,0,0,0,0,0,1
0,0,0,0,0,0,0,0,0,0,0,0,0,0,0,0,0,0,0,0,0,0,0,0,0,0,0,0,0,0,0,0,0,0,0,0,1,1,1,1,3,3,3,0,0,0,0,0,0,0,0,0,0,0,0,1,6,8,9,9,8,5,2,2,2,2,4,0,2,0,0,0,0,0,0,0,0,2,6,12,33,83,85,71,76,54,17,8,3,2,2,0,0,3,0,0,0,0,1,1,2,12,51,84,119,198,198,176,202,190,132,44,10,6,2,1,4,0,0,0,0,0,2,5,9,29,109,175,217,243,245,242,247,244,219,139,24,10,8,4,1,0,0,0,4,1,4,14,59,95,201,234,248,249,249,252,253,250,238,186,136,49,28,7,0,1,1,0,5,1,10,51,157,213,244,252,253,252,253,254,253,253,250,245,230,200,114,13,0,0,1,0,8,3,13,138,223,246,252,254,254,254,255,255,255,254,253,251,249,237,173,26,5,1,2,0,5,2,18,146,232,252,254,255,255,255,255,255,255,254,254,252,251,245,205,94,12,1,6,2,2,1,20,152,235,252,254,255,255,255,255,255,255,255,254,254,252,250,236,171,19,2,8,4,3,3,35,165,238,251,254,254,255,255,255,255,255,255,255,254,254,252,238,172,21,2,3,2,0,3,53,165,234,250,253,254,254,255,255,255,255,255,255,255,254,250,220,120,23,4,3,0,0,2,19,135,230,250,251,254,254,255,255,255,255,255,255,254,254,251,234,159,24,4,4,0,0,0,12,117,220,247,252,253,254,255,255,255,255,255,255,254,254,253,242,173,24,2,3,1,0,3,10,34,141,229,248,252,254,255,255,255,255,255,254,255,254,253,237,165,28,8,7,1,0,3,5,10,64,168,235,251,253,254,254,254,254,254,254,254,254,248,221,140,24,5,3,4,0,0,2,6,18,99,201,243,252,253,253,253,252,252,252,250,247,234,149,44,9,3,3,6,0,0,0,1,8,22,123,220,247,251,252,253,251,251,248,223,188,167,53,9,3,2,4,8,0,0,0,1,4,13,62,157,206,229,241,244,246,244,234,165,104,55,14,3,2,1,1,4,0,0,0,2,2,6,15,46,69,107,141,185,174,166,156,61,32,14,5,2,1,2,0,0,0,0,0,1,2,1,3,7,11,18,28,79,47,33,26,13,4,1,2,0,0,0,0,0,0,0,0,0,1,1,1,2,6,6,7,5,5,5,5,1,0,0,0,0,0,0,0,0,0,0,0,0,0,0,0,0,0,0,0,0,0,0,0,0,0,0,0,0,0,0,0,0,1
0,0,0,0,0,0,0,0,0,0,0,0,0,0,0,0,0,0,0,0,0,0,0,0,0,0,0,3,1,0,1,2,0,1,1,1,1,1,0,0,0,0,0,0,0,0,0,0,0,0,2,1,1,1,3,5,2,0,0,0,0,0,0,0,0,0,1,1,2,6,4,0,0,4,1,3,6,10,14,14,8,3,0,0,0,0,0,0,0,0,0,0,2,2,1,2,0,6,2,4,12,60,110,113,86,21,13,13,13,13,11,7,3,1,2,4,3,1,1,1,0,0,2,2,16,117,223,234,206,122,114,113,112,111,107,74,19,13,13,14,12,7,3,0,0,0,0,3,17,121,236,249,247,242,238,237,235,234,229,187,115,107,106,104,87,43,8,5,0,0,0,2,16,119,237,253,252,254,254,254,254,254,252,245,235,229,227,221,182,87,10,6,0,0,0,5,36,142,244,254,254,254,254,254,254,254,254,254,254,253,251,243,199,93,12,3,0,0,0,8,100,227,250,255,255,255,255,255,255,255,255,254,254,253,250,240,188,81,8,4,0,0,0,11,105,231,254,255,255,255,255,255,255,255,255,255,255,254,250,202,98,21,3,0,0,0,0,11,101,228,253,255,255,255,255,255,255,255,255,255,255,255,248,192,80,9,0,0,0,0,0,10,98,224,252,255,255,255,255,255,255,255,255,255,255,255,247,188,75,8,0,0,0,0,0,10,95,220,252,255,255,255,255,255,255,255,255,255,255,255,247,185,71,7,0,0,0,0,2,16,98,221,252,255,255,255,255,255,255,255,255,255,255,255,246,181,66,6,0,0,0,0,5,61,173,238,253,255,255,255,255,255,255,255,255,255,255,254,243,174,60,5,0,0,0,0,8,72,194,246,253,254,255,255,255,255,255,255,255,255,255,250,217,132,38,3,0,0,0,2,9,69,190,242,251,253,254,254,254,254,254,254,254,255,254,247,179,62,10,1,0,0,0,2,7,55,162,216,226,236,247,252,253,253,254,254,254,253,254,244,170,51,5,0,0,0,0,2,6,25,72,101,109,122,213,226,231,236,239,242,247,251,251,242,166,48,6,0,0,0,0,3,2,5,9,13,14,22,92,107,113,119,125,135,186,234,238,230,156,41,5,0,0,0,0,0,0,0,1,2,1,4,8,12,13,14,15,20,69,121,131,132,91,23,5,1,0,0,0,0,0,0,0,0,0,0,0,0,0,0,1,3,8,14,17,17,12,7,5,2,0,0,0,0,0,0,0,0,0,0,0,0,0,0,0,0,0,5,4,2,2,0,2,0,0,0,3
0,0,0,0,0,0,0,0,0,0,3,1,0,9,0,0,0,0,0,0,0,0,0,0,0,0,0,0,0,0,0,0,0,2,0,2,8,2,0,0,0,0,0,0,0,0,0,0,0,0,0,0,0,0,0,0,2,7,12,16,10,1,5,0,0,0,0,0,0,0,0,0,0,0,0,0,0,0,0,0,0,10,99,164,45,17,7,0,0,0,0,0,0,0,0,0,0,0,0,0,0,0,0,0,1,17,142,222,210,125,14,1,0,0,0,0,0,0,0,0,0,0,0,0,0,0,0,0,0,18,122,229,233,187,26,3,0,0,0,0,0,0,0,0,0,0,0,0,0,0,0,0,3,23,159,240,244,216,98,9,0,0,1,0,0,2,0,0,0,0,0,0,0,0,0,4,13,94,213,248,252,236,145,20,2,0,3,0,3,2,0,0,0,0,1,1,1,3,0,6,59,182,241,249,250,246,198,74,11,4,2,0,2,0,0,0,0,0,1,4,0,2,1,14,95,221,247,251,251,251,236,157,41,6,0,3,1,1,0,0,0,0,1,2,0,0,3,39,163,235,251,253,253,252,248,216,68,9,1,3,1,1,0,0,0,0,1,1,1,0,9,73,219,246,252,254,254,253,251,239,138,25,5,2,2,1,0,0,0,0,1,2,2,1,19,150,238,250,252,254,254,252,252,248,219,96,13,2,2,1,0,0,0,0,2,2,1,8,49,222,249,252,252,254,253,252,252,252,238,187,25,5,3,1,0,0,0,0,2,1,1,19,139,240,253,251,253,253,253,252,252,253,244,220,90,43,7,1,0,0,0,0,1,1,5,45,224,249,253,253,253,253,252,253,253,252,252,235,191,107,13,1,0,0,0,0,1,2,15,116,225,246,247,249,250,251,251,251,251,251,252,243,218,139,33,4,0,0,0,0,2,6,37,177,197,206,211,216,221,227,230,234,236,239,240,241,210,151,52,3,0,0,0,0,2,7,74,160,102,99,108,116,124,132,140,147,153,161,166,177,121,38,17,4,0,0,0,0,1,5,40,65,18,12,13,14,15,16,17,18,19,20,24,20,17,9,6,2,0,0,0,0,0,3,5,7,5,3,1,1,1,1,0,0,0,1,1,0,0,1,6,5,0,0,0,0,0,1,0,3,2,2,0,0,0,0,0,0,0,0,3,1,1,3,1,0,0,0,0,0,0,1,0,0,2,2,1,0,0,0,0,1,1,1,0,1,0,2,0,0,0,0,0,0,0,0,0,0,0,0,0,0,0,0,0,0,0,0,2,0,0,0,0,0,0,0,0
0,0,9,1,0,0,2,6,0,1,5,3,0,0,0,0,0,0,0,0,0,0,0,0,0,15,124,132,62,11,3,2,3,5,3,1,0,2,2,1,1,0,0,0,0,0,0,0,0,24,206,222,164,75,13,5,2,4,3,1,0,2,2,2,1,0,0,0,0,0,0,0,0,26,216,243,227,171,82,14,5,3,3,1,4,1,1,2,1,0,0,0,0,0,0,0,0,18,166,226,243,229,177,89,21,7,4,2,3,3,1,0,0,0,0,0,0,0,0,0,0,9,54,152,218,243,232,184,95,30,8,3,2,5,1,0,0,0,0,0,0,0,0,0,0,2,11,52,135,210,243,234,188,103,31,8,4,3,3,1,1,0,0,0,0,0,0,0,0,0,2,9,47,122,204,242,236,191,109,29,7,1,2,2,1,0,0,0,0,0,0,0,0,0,0,2,10,40,112,202,238,236,196,113,21,5,1,1,1,1,3,1,0,0,0,0,0,0,3,2,4,11,34,100,193,235,237,205,124,27,8,2,4,7,1,0,2,3,0,0,0,0,1,4,4,3,8,28,93,181,233,240,215,129,38,9,3,2,5,0,0,0,0,0,0,0,0,4,3,1,4,9,21,81,176,236,244,220,130,39,9,4,1,3,4,1,0,0,0,0,1,2,5,3,2,3,6,15,65,167,235,243,218,139,42,13,6,2,3,2,0,0,0,0,0,1,1,1,3,5,2,3,13,54,155,221,239,219,150,57,13,5,3,2,0,0,0,0,3,3,1,0,1,4,7,2,2,10,46,142,212,239,225,156,61,12,4,1,0,0,0,0,1,1,0,1,3,3,1,0,1,2,8,44,130,210,239,228,163,64,13,3,0,0,0,0,0,0,0,0,0,0,0,1,2,2,2,10,41,116,206,241,232,176,69,20,3,0,0,0,0,0,0,0,0,0,1,1,2,3,3,4,8,31,102,200,237,232,174,71,11,0,0,0,0,0,0,0,0,0,0,0,0,2,4,1,4,9,19,91,190,232,232,185,20,0,0,0,0,0,0,0,0,0,0,0,0,2,3,4,1,3,8,17,82,169,220,207,18,0,0,0,0,0,0,0,0,0,0,1,2,1,0,0,3,4,2,5,16,68,121,32,10,0,0,0,0,0,0,0,0,0,0,1,3,4,2,0,1,4,4,2,4,10,10,13,1,0,0,0,0,0,0,0,0,0,1,1,0,0,0,1,3,0,0,0,0,0,0,0,0,0,0,0,0,0,0,0,0,0,0,0,0,0,0,0,0,0,0,0,0,0,0,0,0,0,2
0,0,0,0,0,0,0,0,0,0,0,5,166,8,2,1,8,4,4,3,0,0,0,0,0,0,0,1,10,58,98,116,205,212,118,123,202,166,88,14,4,3,1,4,2,0,0,0,0,1,0,7,48,153,221,240,245,245,224,224,242,240,203,69,13,0,1,0,1,0,0,0,2,2,2,13,111,207,242,252,249,252,252,252,253,252,244,206,28,7,2,2,1,0,0,0,6,2,7,44,160,242,252,252,251,253,254,254,254,254,251,239,162,33,12,2,1,1,0,0,4,4,13,90,216,248,253,253,253,254,254,254,254,254,254,248,238,212,36,2,1,1,0,0,1,6,16,111,233,251,253,254,254,254,255,255,255,255,254,252,249,225,53,4,0,2,1,0,5,6,18,103,225,251,254,254,255,255,255,255,255,255,253,252,250,230,61,7,2,1,0,0,2,5,55,181,241,251,254,255,255,255,255,255,255,255,252,251,253,238,102,25,7,3,1,0,0,7,81,227,248,253,254,255,255,255,255,255,255,255,254,254,253,241,205,64,6,2,2,0,0,7,68,205,245,254,254,255,255,255,255,255,255,255,255,254,253,239,153,50,8,1,1,3,2,3,20,107,240,254,254,255,255,255,255,255,255,255,255,254,253,236,99,22,7,1,3,7,3,3,10,97,232,251,254,254,255,255,255,255,255,255,255,254,253,241,135,39,7,2,3,5,2,6,9,80,208,244,250,253,255,255,255,255,255,255,254,253,253,242,203,84,11,5,3,2,1,4,5,38,113,195,246,253,255,255,254,254,254,254,254,252,252,240,148,51,11,3,2,3,0,1,2,9,25,129,239,252,254,254,253,253,252,253,252,252,248,220,103,18,6,1,1,2,0,3,1,4,12,88,202,245,252,253,253,253,250,252,252,244,231,160,62,10,2,2,0,0,0,2,3,2,8,36,124,213,242,247,241,243,248,250,248,230,176,80,16,8,5,0,0,1,0,2,3,4,5,10,41,97,174,214,174,199,237,239,205,175,94,23,13,7,2,1,1,0,0,0,2,3,3,4,7,15,64,103,75,109,159,165,108,56,30,8,5,4,2,2,4,0,0,0,1,3,4,2,2,4,10,16,20,32,46,49,29,8,5,4,1,0,1,1,3,0,0,0,2,2,5,5,2,2,3,4,6,5,6,7,5,3,4,4,2,1,0,0,0,0,0,0,1,0,1,3,3,2,2,3,3,3,4,4,2,2,5,4,2,3,0,0,0,0,0,0,0,0,0,0,0,0,0,0,0,0,6,5,2,0,0,0,0,0,0,0,0,0,1
0,0,0,0,0,0,0,0,0,0,0,0,0,0,0,0,0,0,0,0,0,0,0,0,0,0,0,0,0,0,0,0,0,2,4,2,0,0,0,0,1,7,14,18,14,6,1,0,0,0,0,0,0,0,0,0,0,2,3,1,0,1,4,3,6,37,126,171,130,39,5,0,0,0,0,0,0,0,0,0,0,2,2,0,2,2,3,6,17,69,166,227,215,107,7,0,0,0,0,0,0,0,0,0,0,0,0,2,4,3,3,10,49,148,223,239,195,47,6,0,0,0,0,0,0,0,0,0,0,0,1,3,3,3,10,42,129,214,239,209,121,22,1,0,0,0,0,0,0,0,0,0,0,0,1,3,3,4,20,112,207,240,220,144,47,7,0,0,0,0,0,0,0,0,0,0,1,1,2,3,4,7,48,191,242,231,170,64,15,2,0,0,0,0,0,0,0,0,0,0,1,2,2,2,3,13,78,220,244,207,106,24,4,2,0,0,0,0,0,0,0,0,0,0,0,1,2,1,5,30,109,227,234,184,91,19,2,0,2,0,0,0,0,0,0,0,1,2,1,1,1,4,23,86,180,234,204,118,37,8,2,2,0,0,0,2,1,1,1,0,1,3,4,3,3,15,70,165,229,225,142,49,9,4,3,2,0,0,0,2,3,3,3,0,0,4,5,3,11,56,147,221,241,197,70,15,4,1,4,0,0,0,0,1,4,1,0,0,2,4,4,8,45,129,209,241,222,138,26,6,3,2,3,0,0,0,0,1,2,1,2,3,2,3,6,34,111,198,242,236,175,77,12,3,1,4,2,1,3,0,0,0,0,1,3,3,2,3,9,83,183,238,245,233,167,65,7,2,3,3,1,1,3,0,0,0,0,0,3,3,1,4,16,88,189,241,242,197,101,26,6,5,4,1,0,2,3,0,0,0,0,0,3,3,2,5,27,149,225,243,210,124,41,7,2,5,4,1,0,2,0,0,0,1,1,2,3,3,5,14,81,205,242,222,146,54,9,2,0,1,3,2,0,1,0,0,0,2,2,2,1,3,11,57,152,234,234,169,68,11,3,2,1,0,0,0,0,0,0,0,0,1,3,1,1,6,34,133,216,235,189,88,19,3,1,2,1,0,0,0,0,0,0,0,0,1,1,0,4,21,109,203,237,202,111,34,7,2,2,2,1,0,0,0,0,0,0,0,0,2,1,2,7,79,177,234,235,146,53,10,4,3,3,1,0,0,0,0,0,0,0,0,0,0,2,1,5,64,178,242,246,170,52,4,2,2,4,2,0,0,0,0,0,0,0,0,2
0,0,0,0,0,1,46,177,249,242,84,3,0,0,0,0,0,0,0,0,0,0,0,0,0,0,0,0,0,3,42,156,238,231,150,40,4,1,2,1,1,0,0,0,0,0,0,0,0,0,0,0,0,1,15,98,216,238,188,62,7,1,4,0,1,0,0,0,0,0,0,0,0,0,0,1,3,1,8,76,169,220,230,107,20,6,1,1,0,1,1,0,0,0,0,0,0,0,0,0,0,2,4,28,111,211,236,141,78,17,7,1,5,0,1,2,1,1,0,0,0,0,0,0,1,2,3,12,90,197,236,212,118,23,4,1,1,2,1,3,2,0,0,0,0,1,3,1,2,3,3,9,54,146,222,236,140,32,7,2,5,2,0,0,1,0,0,0,0,2,2,1,2,2,1,6,18,84,198,240,186,82,16,5,4,3,0,0,0,0,0,0,0,1,3,2,0,0,1,5,13,69,173,233,229,160,28,3,2,2,1,1,0,0,0,0,0,0,1,2,1,0,3,5,8,51,111,208,239,180,55,9,1,1,0,1,0,0,0,0,0,0,0,0,1,0,1,2,4,16,54,184,239,194,131,21,2,0,0,0,0,0,0,0,0,0,0,0,1,3,3,4,4,4,24,135,223,232,184,37,6,2,2,0,1,0,0,0,0,0,0,0,0,0,1,1,2,1,12,107,201,242,224,93,11,3,1,2,1,0,0,0,0,0,0,0,0,0,0,1,1,1,6,34,168,238,239,136,21,5,4,5,2,0,1,0,0,0,0,0,0,0,1,1,2,1,1,17,148,214,239,201,36,4,7,2,3,0,1,4,0,0,0,0,0,0,1,1,3,4,3,12,79,175,231,226,68,27,9,4,4,4,0,1,0,0,0,0,0,0,0,0,1,4,5,9,52,91,209,237,174,60,13,3,3,3,0,0,0,0,0,0,0,1,1,1,0,4,3,5,9,51,190,240,202,166,25,4,2,5,0,0,0,0,0,0,0,2,4,2,0,2,2,2,5,43,146,230,244,193,40,6,1,0,0,0,0,0,0,1,1,2,4,1,1,4,5,3,7,25,113,215,245,202,108,16,1,0,0,0,0,0,0,0,1,0,3,4,2,1,3,2,3,6,27,170,238,219,141,29,2,0,0,0,0,0,0,0,0,0,0,0,1,0,3,6,2,4,19,146,209,236,209,48,3,0,0,0,0,0,0,0,0,0,0,0,0,2,3,7,3,0,11,73,158,211,206,50,3,0,0,0,0,0,0,0,0,0,0,0,0,0,0,0,0,0,0,0,0,0,0,0,0,0,0,0,2
0,0,0,0,0,0,0,0,0,0,2,6,134,236,124,0,0,0,0,0,0,0,0,0,0,0,0,0,0,0,0,0,0,1,10,92,197,232,139,22,7,0,0,0,0,0,0,0,0,0,0,0,0,0,0,0,0,2,19,133,227,238,190,84,11,1,0,0,0,0,0,0,0,0,2,0,0,1,0,0,0,7,66,178,239,245,232,138,18,3,0,0,0,0,0,0,0,1,5,2,0,4,2,0,1,14,132,228,250,254,246,176,58,9,0,0,0,0,0,0,0,0,1,5,1,3,5,4,8,36,162,244,253,253,251,236,153,15,1,1,0,0,0,1,0,1,1,2,1,1,2,6,20,143,230,250,251,248,250,243,169,37,8,3,0,1,1,5,1,2,1,4,1,3,11,26,121,213,247,252,252,252,252,241,207,122,7,0,2,6,0,1,1,2,1,4,3,14,81,188,232,247,252,254,254,254,252,241,165,33,11,1,2,1,0,0,2,0,3,2,10,60,186,242,252,252,254,254,254,254,252,244,196,96,11,1,0,2,0,1,0,0,4,5,18,156,229,250,253,251,253,254,254,254,251,248,232,156,21,3,0,2,2,2,4,1,3,7,29,184,238,249,252,253,253,254,255,252,252,253,245,189,64,9,2,2,4,2,1,3,6,18,134,219,247,252,254,251,251,254,254,254,253,252,250,236,162,17,4,1,0,0,1,2,12,108,195,236,251,253,254,253,253,254,253,254,253,252,253,247,187,31,6,1,4,3,2,3,23,174,225,245,252,253,253,253,253,254,253,254,254,254,254,251,228,148,23,5,1,3,0,18,77,192,241,249,246,247,251,253,253,253,253,254,253,253,253,253,249,216,107,13,0,1,1,144,175,198,208,200,198,208,238,247,247,247,246,244,243,243,249,251,248,226,169,17,1,5,6,29,39,42,44,42,43,52,190,199,199,198,196,194,191,198,231,238,229,211,77,17,6,0,2,5,6,5,3,3,4,26,33,41,41,41,39,39,39,48,178,185,187,175,144,10,0,0,5,7,4,2,2,1,3,3,4,3,3,3,4,4,4,13,30,37,38,37,33,8,3,0,5,5,3,0,1,1,3,2,1,0,0,0,1,1,1,2,4,3,4,3,3,3,1,0,0,1,4,1,0,1,1,2,1,1,0,0,0,0,0,0,2,2,5,3,3,1,1,0,0,0,3,2,1,0,1,2,2,1,1,1,1,1,1,1,0,2,4,3,3,0,1,0,0,0,0,0,0,0,0,1,0,0,1,1,1,0,0,1,1,3,2,1,0,1,1,0,0
0,0,0,0,0,0,0,0,6,7,6,3,0,5,1,2,5,1,0,8,1,2,0,0,0,0,0,1,3,2,1,5,1,2,3,6,7,10,15,15,8,4,10,5,6,0,0,0,7,3,0,3,2,3,4,2,15,18,23,26,28,38,183,134,32,26,26,24,17,5,1,0,0,1,1,0,3,3,3,8,25,118,187,196,197,206,236,226,216,190,189,186,97,22,15,0,8,10,3,3,1,5,13,20,41,196,230,246,247,251,251,252,250,250,248,241,203,119,16,0,6,6,3,5,6,19,95,183,198,241,252,253,252,249,253,254,253,251,254,251,241,162,20,0,5,3,3,9,21,125,206,240,249,253,254,254,253,251,254,255,254,253,254,253,246,173,36,0,3,4,7,30,144,215,245,252,254,255,255,255,254,254,255,255,255,255,254,254,247,215,153,0,2,3,7,39,197,246,253,254,255,255,255,255,255,255,255,255,255,255,255,253,252,248,238,252,5,4,5,39,195,247,252,252,255,255,255,255,255,255,255,255,255,255,255,254,253,253,254,255,0,3,6,31,161,238,253,254,253,255,255,255,255,255,255,255,255,255,255,253,253,252,252,253,5,2,6,60,224,248,253,254,255,255,255,255,255,255,255,255,255,255,255,253,253,249,245,253,11,4,7,81,232,253,252,253,255,255,255,255,255,255,255,255,255,255,255,254,252,247,214,154,7,3,10,83,233,253,252,253,254,255,255,255,255,255,255,255,255,255,255,254,253,247,177,1,0,2,10,76,221,239,246,251,253,254,255,255,255,255,255,255,255,255,255,254,252,241,190,121,1,1,7,64,60,156,224,244,250,254,253,254,255,254,254,254,254,254,254,254,243,196,96,1,0,0,5,6,13,30,138,213,249,254,252,254,254,252,251,253,252,251,248,247,229,82,18,1,0,2,3,4,6,9,28,160,242,250,252,252,253,251,247,249,240,212,186,181,168,22,6,5,0,3,1,4,4,6,13,109,199,232,200,230,247,249,239,197,177,99,34,25,21,11,2,0,0,0,1,2,4,2,7,17,90,165,43,151,186,188,180,34,20,15,9,6,4,2,1,2,0,0,3,3,2,4,2,3,11,13,14,16,22,25,18,11,6,2,1,1,2,4,4,6,0,0,1,5,5,6,2,1,0,0,3,4,2,2,4,6,3,3,2,2,5,0,0,3,0,0,3,2,4,4,5,6,2,1,6,1,7,7,4,2,1,0,2,2,0,0,0,0,0,0,0,1,3,1,0,0,0,5,0,1,0,1,3,5,0,0,0,0,0,0,0,0,1
0,0,0,0,0,0,0,0,0,0,0,0,0,0,0,0,0,0,0,0,0,0,0,0,0,0,0,0,0,0,0,0,0,0,0,0,0,0,0,0,0,0,0,0,0,0,0,0,0,0,0,0,0,1,1,1,0,0,2,2,0,0,0,0,0,0,0,0,0,0,0,0,0,0,0,1,8,4,5,5,4,5,4,1,1,1,0,0,0,0,0,0,0,0,0,0,0,0,0,0,1,2,5,21,44,37,15,9,4,1,0,0,0,0,0,0,0,0,0,0,0,0,0,0,0,2,13,75,193,161,78,67,37,11,4,1,0,0,0,0,0,0,0,0,0,0,0,0,0,4,33,122,223,239,235,226,147,85,36,11,4,0,0,0,0,0,0,0,0,0,0,0,1,10,64,205,245,251,252,250,244,230,143,101,31,11,5,0,0,0,0,0,0,0,0,0,2,28,130,218,251,254,253,254,254,249,244,230,143,119,25,11,5,1,0,0,0,0,0,0,8,48,201,237,252,255,255,254,254,254,254,249,245,229,157,119,26,13,8,0,0,0,0,1,24,151,215,251,254,255,255,255,255,254,254,254,254,251,245,222,178,104,13,0,0,0,0,9,42,199,243,252,255,255,255,255,255,255,255,254,254,254,253,251,241,202,21,0,0,1,2,24,165,212,251,254,255,255,255,255,255,255,255,255,255,255,254,252,247,191,24,0,0,1,7,34,171,243,253,255,255,255,255,255,255,255,255,255,255,255,255,252,235,162,17,0,0,3,16,75,190,245,253,254,255,255,255,255,255,255,255,255,255,255,254,249,203,78,11,0,0,2,13,122,215,239,251,254,254,254,255,255,255,255,255,255,255,255,252,228,175,59,5,0,0,1,8,43,81,197,234,245,254,254,254,254,255,255,255,255,255,253,247,204,102,23,2,0,0,0,2,7,18,32,50,218,235,243,252,253,254,254,255,255,254,251,217,165,60,6,0,0,0,2,5,1,1,3,12,22,64,192,217,239,247,250,253,254,252,242,198,81,13,2,0,0,0,0,1,2,1,1,0,2,10,21,81,146,157,217,241,246,249,217,138,45,4,0,0,0,0,0,0,0,0,0,0,0,0,2,9,15,24,86,110,223,227,194,81,10,1,0,0,0,0,0,0,0,0,0,0,0,0,0,0,0,4,8,18,50,90,100,22,3,0,0,0,0,0,0,0,0,0,0,0,0,0,0,0,0,0,0,7,8,12,10,4,0,0,0,0,0,0,0,0,0,0,0,0,0,0,0,0,0,0,0,0,0,0,0,0,0,0,0,0,0,3
0,0,0,0,0,0,0,0,0,0,0,0,1,5,3,6,0,0,0,0,0,0,0,0,0,0,0,0,0,0,0,0,0,0,0,0,1,1,5,1,4,1,0,0,0,0,0,0,0,0,0,0,1,0,0,0,0,0,0,1,0,0,1,1,0,0,0,0,0,0,0,0,0,0,0,3,1,1,1,0,0,0,1,1,1,0,0,1,4,0,2,1,8,1,0,0,0,0,0,2,1,0,1,5,1,1,1,2,1,0,5,3,2,5,1,8,4,5,2,0,0,0,3,4,3,2,2,3,6,1,1,3,2,2,2,4,2,3,8,5,6,1,1,7,0,6,3,4,3,1,4,5,4,2,2,2,2,2,4,4,3,3,11,9,12,9,10,0,0,4,3,1,2,5,4,4,4,3,2,3,4,6,11,14,16,14,25,75,63,63,51,142,1,3,4,4,6,8,8,5,10,25,18,23,27,70,63,124,124,123,117,177,170,215,219,251,1,8,10,23,14,62,23,59,57,112,103,168,163,205,163,213,219,232,233,242,247,247,247,254,39,44,91,48,87,89,152,141,203,201,206,196,232,229,246,244,248,241,244,239,235,233,207,215,144,132,191,197,222,223,224,223,242,245,244,243,230,233,232,230,202,203,155,165,89,168,99,112,254,242,242,245,244,238,231,229,213,210,209,205,159,164,99,105,57,60,60,54,24,25,17,1,246,238,222,222,173,176,114,177,112,120,63,68,27,19,17,22,10,10,11,7,5,5,3,1,211,138,138,137,144,77,86,21,31,14,38,7,5,1,2,3,5,5,5,2,3,4,2,4,107,25,32,20,20,15,9,7,3,4,3,3,0,2,3,5,5,4,1,4,4,4,3,2,4,7,4,4,4,6,3,1,3,3,1,2,1,1,5,6,4,1,0,4,4,3,0,0,1,3,2,5,2,1,3,3,4,4,3,0,1,0,1,6,3,1,0,2,1,2,1,0,1,7,6,4,5,1,7,4,3,0,0,0,1,0,0,4,1,0,0,1,3,1,0,0,0,1,4,1,1,1,1,3,1,0,0,1,1,0,0,0,0,1,1,3,3,2,0,0,0,0,0,5,1,0,3,1,2,1,1,0,0,0,0,0,0,0,0,1,0,0,0,0,0,0,0,0,0,1,4,5,2,5,1,0,0,0,0,0,0,0,0,0,0,0,0,0,0,0,0,0,0,0,1,0,2,0,2,1,0,0,0,0,0,0,0,0,0,0,0,0,0,0,0,0,0,0,0,0,0,4,0,0,0,0,0,0,0,0,0,0,0,0,0,0,2
0,0,0,0,0,0,0,0,0,0,0,1,1,0,0,0,4,2,3,10,0,0,0,0,0,0,0,0,0,0,0,0,0,1,1,0,0,1,2,13,19,24,15,8,0,0,0,0,0,0,0,0,0,0,1,1,1,0,0,1,1,9,16,34,171,174,126,12,4,0,0,0,0,0,2,1,1,1,1,0,0,1,1,8,15,32,171,190,234,235,146,24,9,0,0,0,0,1,2,2,0,0,0,1,9,15,23,32,171,190,238,250,250,244,158,129,13,0,0,0,4,9,1,1,1,2,9,15,30,169,178,190,238,250,252,254,253,250,237,139,18,0,0,0,0,1,2,6,11,16,33,171,188,198,246,250,252,254,255,255,254,255,246,153,28,7,0,0,2,3,9,18,34,171,191,238,248,250,252,254,255,255,255,255,255,255,251,232,133,13,0,0,6,7,21,164,190,237,250,252,254,254,255,255,255,255,255,255,255,255,255,246,153,28,6,0,6,4,54,214,238,250,254,254,255,255,255,255,255,255,255,255,255,255,255,251,232,133,13,0,2,5,19,87,237,252,254,254,255,255,255,255,255,255,255,255,255,255,255,255,246,153,28,0,2,2,10,71,223,247,254,255,255,255,255,255,255,255,255,255,255,255,255,255,250,232,133,2,0,1,6,61,91,239,255,255,255,255,255,255,255,255,255,255,255,255,255,255,254,245,152,1,0,0,2,10,81,231,254,255,255,255,255,255,255,255,255,255,255,255,255,254,254,248,229,149,0,0,0,6,69,221,246,255,255,255,255,255,255,255,255,255,255,255,255,254,251,247,233,120,0,0,0,2,18,89,239,255,255,255,255,255,255,255,255,255,254,254,252,251,239,198,180,120,0,0,0,0,6,69,222,247,255,255,255,255,255,255,254,254,252,251,239,198,179,35,22,5,0,0,0,0,2,18,89,239,255,255,254,255,254,254,253,251,239,198,179,34,16,9,6,5,0,0,0,0,0,6,69,221,247,254,253,252,251,249,239,198,179,34,16,9,1,2,1,0,0,0,0,0,0,3,18,88,237,251,249,247,206,196,179,34,16,9,1,1,0,0,2,2,0,0,0,0,0,2,7,68,219,228,198,187,177,32,16,9,1,0,0,0,1,1,0,0,0,0,0,0,0,2,5,16,66,172,35,25,16,9,1,0,0,0,1,1,0,0,0,0,0,0,0,0,3,2,2,3,12,14,10,4,2,0,0,1,1,1,0,0,0,0,0,0,0,0,0,0,11,5,6,6,4,4,1,0,0,2,1,1,0,0,0,0,0,0,0,0,3
0,0,0,0,0,0,0,0,0,0,2,4,2,5,181,102,1,4,0,0,0,0,0,0,0,0,0,0,0,0,0,0,1,8,14,28,156,175,227,144,25,6,1,0,0,0,0,0,0,0,0,0,0,0,1,1,7,21,156,173,185,243,244,229,134,17,7,0,0,0,0,0,0,0,0,0,0,1,8,14,31,166,185,243,249,250,251,244,154,125,12,0,0,0,0,0,0,0,1,2,8,14,31,159,178,236,249,251,254,253,253,250,241,145,27,5,0,0,0,0,1,7,14,15,31,159,178,236,249,251,254,254,254,255,255,255,250,231,129,12,0,0,0,0,3,11,23,156,175,236,249,252,254,254,254,254,255,255,255,255,255,245,149,27,5,0,0,0,4,23,162,185,246,252,254,254,254,254,255,255,255,255,255,255,255,250,231,129,12,0,0,0,1,80,219,240,250,254,254,254,255,255,255,255,255,255,255,255,255,255,245,149,27,6,0,0,2,98,126,241,253,253,255,255,255,255,255,255,255,255,255,255,255,255,250,231,135,17,7,0,4,14,108,227,248,255,255,255,255,255,255,255,255,255,255,255,255,255,255,245,154,124,12,5,4,6,24,125,243,255,255,255,255,255,255,255,255,255,255,255,255,255,254,249,236,139,23,3,0,0,9,106,228,249,255,255,255,255,255,255,255,255,255,255,255,254,253,251,238,147,118,2,0,0,5,23,125,243,255,255,255,255,255,255,255,255,255,254,254,255,254,250,235,140,77,4,0,0,0,9,106,228,248,255,255,255,255,255,255,255,254,254,255,250,246,231,141,120,18,4,0,0,0,4,23,120,237,249,255,255,255,255,254,254,255,250,246,231,145,126,27,13,9,2,0,0,0,0,9,100,129,243,255,255,254,254,255,250,246,231,145,126,26,11,8,4,1,3,0,0,0,0,4,18,114,232,248,253,254,255,250,241,150,131,26,11,6,1,1,1,1,8,0,0,0,0,0,9,100,128,242,251,249,246,231,141,121,17,6,1,1,0,0,2,2,2,0,0,0,0,0,6,14,109,221,237,228,145,126,26,11,6,1,0,0,1,1,0,0,0,0,0,0,0,0,3,7,21,108,138,126,27,12,6,1,0,0,1,1,0,0,0,0,0,0,0,0,0,0,3,3,8,52,21,15,11,3,1,0,0,1,1,0,0,0,0,0,0,0,0,0,0,6,3,4,6,6,6,2,5,1,0,1,1,0,0,0,0,0,0,0,0,0,0,0,0,0,8,1,5,2,2,1,3,1,3,0,0,0,0,0,0,0,0,0,0,3
0,0,0,0,0,0,0,0,0,0,0,0,0,0,0,0,0,0,0,0,0,0,0,0,0,0,0,0,0,0,0,0,0,0,0,0,0,1,1,1,0,0,0,0,0,0,0,0,0,0,0,1,1,1,1,2,1,0,0,0,0,0,0,0,1,2,6,2,1,1,0,0,0,0,0,0,2,8,16,22,18,11,4,2,3,4,4,4,2,1,1,1,0,3,0,0,0,0,0,4,2,14,125,168,172,91,32,35,42,49,53,40,17,13,10,7,3,1,0,0,0,0,0,2,2,22,184,238,240,218,200,199,201,203,203,163,100,99,87,34,6,2,4,0,0,0,0,0,1,24,187,247,252,251,250,250,250,250,248,237,223,216,182,72,8,2,3,0,0,0,0,0,4,30,192,249,254,254,254,254,254,254,254,253,250,244,205,86,11,1,0,0,0,0,0,0,10,109,222,252,254,254,255,255,255,255,255,254,251,228,182,86,7,0,0,0,0,0,0,0,17,150,240,254,255,255,255,255,255,255,255,254,251,223,118,20,3,0,0,0,0,0,0,0,19,151,242,254,255,255,255,255,255,255,255,255,251,222,117,14,0,0,0,0,0,0,0,0,19,150,241,254,255,255,255,255,255,255,255,255,252,225,122,15,0,0,0,0,0,0,0,0,18,148,241,254,255,255,255,255,255,255,255,255,252,227,129,16,0,0,0,0,0,0,0,3,24,153,243,253,254,255,255,255,255,255,255,255,252,230,135,17,0,0,0,0,0,0,0,10,90,204,246,253,254,255,255,255,255,255,255,254,250,226,135,13,0,0,0,0,0,0,1,12,106,215,241,246,249,252,254,254,254,254,254,253,244,182,62,7,0,0,0,0,0,0,2,9,69,144,164,170,192,236,244,245,246,246,247,248,239,163,23,3,0,0,1,0,0,0,1,6,11,19,22,23,52,149,161,165,171,175,186,197,231,163,20,2,1,3,4,0,0,0,3,0,1,3,2,2,8,14,20,20,21,22,30,148,166,124,13,2,3,6,2,0,0,0,2,1,2,2,1,0,0,1,1,1,1,1,8,15,22,16,7,5,1,2,4,0,0,0,0,3,1,1,1,0,0,0,0,0,0,0,0,2,4,1,2,0,2,0,0,0,0,0,0,0,0,0,0,0,0,0,0,0,0,0,1,0,2,3,1,1,3,0,0,0,0,0,0,0,0,0,0,0,0,0,0,0,0,0,0,1,3,7,1,1,1,0,0,0,0,0,0,0,0,0,0,0,0,0,0,0,0,0,0,0,0,0,0,0,0,0,0,0,3
0,0,0,0,0,0,0,0,0,1,1,1,0,0,1,2,3,0,6,1,0,0,0,0,0,0,0,0,0,0,1,1,1,0,0,0,1,2,9,11,10,6,5,2,5,0,0,0,0,0,0,1,1,1,0,0,0,1,1,5,9,14,26,102,70,11,3,3,7,0,0,0,1,6,5,0,0,0,1,1,5,9,14,23,106,116,125,222,151,25,8,4,1,0,0,0,0,3,2,5,2,5,9,14,23,106,115,125,228,238,243,242,231,141,13,2,0,0,0,0,3,2,4,8,10,18,100,110,125,228,238,244,249,255,254,254,242,155,25,6,0,0,0,0,0,6,10,25,106,120,129,233,244,249,255,255,255,254,253,254,246,167,138,13,0,0,0,0,6,11,70,121,227,238,244,249,255,255,254,254,254,255,255,255,251,239,148,19,0,0,0,0,6,10,132,223,243,254,255,254,254,254,255,255,255,255,255,255,255,247,161,29,6,0,0,0,3,10,29,160,246,254,253,255,255,255,255,255,255,255,255,255,255,250,233,142,13,0,0,0,0,2,19,149,243,254,255,255,255,255,255,255,255,255,255,255,255,255,243,151,19,0,0,0,0,0,13,142,233,251,255,255,255,255,255,255,255,255,255,255,255,255,247,161,29,6,0,0,0,0,6,29,161,247,255,255,255,255,255,255,255,255,255,255,255,255,251,233,142,13,0,0,0,0,0,19,151,243,255,255,255,255,255,255,255,255,255,255,255,255,255,243,151,19,0,0,0,0,0,13,142,233,250,255,255,255,255,255,255,255,255,255,255,255,254,246,160,29,7,0,0,0,0,6,29,161,247,255,255,255,255,255,255,255,255,255,255,253,253,250,231,141,14,3,0,0,0,0,19,148,239,251,255,255,255,255,255,255,254,254,254,255,254,247,234,144,17,5,0,0,0,0,13,138,167,247,255,255,255,254,254,254,255,255,255,250,246,236,150,90,12,7,0,0,0,0,6,25,157,243,254,253,254,254,255,255,250,246,242,232,149,135,124,18,7,4,0,0,0,0,0,13,140,232,250,254,254,250,246,242,232,149,139,130,27,18,14,10,2,3,0,0,0,0,1,7,29,160,240,244,242,232,149,139,130,27,17,12,7,2,5,0,1,0,0,0,0,0,1,4,17,144,220,149,139,130,27,17,12,7,1,1,0,0,0,0,0,0,0,0,0,6,2,3,12,85,126,29,18,12,7,1,1,0,0,0,0,0,0,0,0,0,0,0,0,8,2,5,7,4,4,5,7,2,0,0,0,0,0,0,0,0,0,0,0,0,3
0,0,0,0,0,0,0,0,0,0,4,4,3,4,3,6,3,0,0,0,0,0,0,0,0,0,0,0,0,0,1,2,2,4,3,3,1,1,0,3,2,4,1,0,0,0,0,0,0,0,0,0,1,1,2,2,4,5,3,3,2,2,3,2,2,3,2,0,0,0,0,0,0,0,0,0,1,2,3,5,8,16,30,35,37,39,33,16,8,5,1,0,0,0,0,0,0,1,1,2,2,2,3,15,42,77,193,196,179,172,136,82,38,11,3,1,0,0,0,0,0,3,3,2,2,3,20,58,187,216,242,242,230,232,206,176,119,52,17,9,2,0,0,0,1,2,2,1,4,10,45,178,222,250,251,251,252,249,247,231,209,176,141,58,6,0,0,0,1,1,0,3,11,52,104,215,247,252,250,253,253,253,252,250,246,240,210,97,21,6,0,0,6,3,2,6,32,137,206,241,252,253,252,253,254,254,254,252,250,250,241,206,95,19,4,0,6,4,3,18,60,172,243,252,254,254,254,254,255,255,254,254,253,252,250,227,189,88,8,0,5,4,5,23,91,199,249,254,254,254,254,255,255,255,255,255,254,254,252,247,208,112,15,0,1,3,5,22,129,230,249,254,254,255,255,255,255,255,255,255,255,254,254,249,204,125,76,0,3,1,2,13,84,199,246,253,254,254,255,255,255,255,255,255,255,254,254,250,220,150,90,0,1,1,1,9,89,191,236,251,254,254,255,255,255,255,255,255,255,254,254,251,237,202,159,0,2,1,1,8,63,180,240,251,252,254,255,255,255,255,255,255,255,255,254,253,249,228,173,0,0,1,1,4,48,146,223,248,251,254,255,255,255,255,255,255,255,254,254,253,247,213,129,0,0,1,1,3,13,88,177,230,250,253,254,255,255,255,255,255,254,254,254,253,242,178,49,0,0,0,2,3,8,37,115,206,240,248,253,254,254,254,254,254,254,253,254,252,239,180,17,0,0,0,1,3,6,10,68,127,164,228,251,253,252,254,254,253,250,252,242,234,198,47,9,0,0,0,0,2,3,6,18,34,106,205,242,249,252,252,253,252,240,231,205,52,33,10,1,0,0,0,0,0,1,2,4,7,25,111,173,229,244,251,244,234,215,43,24,11,1,0,0,0,0,0,0,0,2,3,0,3,10,52,132,107,169,218,216,51,20,10,0,0,0,0,0,0,0,0,0,0,0,0,0,0,2,8,11,17,20,26,20,10,0,0,0,0,0,0,0,0,0,0,0,0,0,0,0,0,0,0,0,0,0,0,0,0,0,0,0,0,0,0,0,0,1
0,0,0,0,0,0,0,0,0,5,3,3,6,0,0,0,0,0,0,0,0,0,0,0,0,0,0,0,0,1,0,1,2,1,1,5,1,1,0,0,0,0,0,0,0,0,0,0,0,0,0,0,1,1,1,2,4,3,8,5,4,6,0,0,0,0,0,0,0,0,0,0,0,0,0,0,0,0,2,1,9,23,23,13,5,2,0,0,0,0,0,0,0,0,0,0,0,0,0,0,0,1,3,5,21,186,211,79,18,4,1,0,0,0,0,0,0,0,0,0,0,0,0,0,0,2,1,5,69,227,244,205,92,13,5,0,0,0,0,2,0,0,0,0,0,0,0,0,0,0,7,21,87,234,236,236,130,123,20,6,3,0,1,5,2,2,6,0,0,0,0,0,0,1,5,81,200,224,253,248,243,229,145,31,16,12,7,5,1,1,0,0,0,0,0,0,0,0,9,33,131,246,253,254,253,250,237,182,175,38,11,1,4,6,0,0,0,0,0,0,0,0,15,135,234,248,248,248,253,252,250,242,205,207,47,17,9,4,2,6,0,0,0,1,4,0,21,204,240,252,254,254,254,254,254,251,250,243,224,85,81,11,5,5,1,0,0,2,1,0,26,167,238,247,254,255,253,254,251,251,254,254,242,216,117,32,15,5,0,0,4,4,2,11,34,219,247,253,254,255,255,254,253,252,252,253,242,244,232,209,125,0,0,1,1,1,3,31,181,238,249,250,254,254,255,255,254,251,251,253,253,253,248,229,209,173,0,2,1,0,5,46,202,249,252,253,253,254,254,254,253,253,253,252,252,254,249,251,234,166,0,5,2,1,9,72,217,251,253,252,252,254,253,252,253,252,252,252,253,251,243,233,221,245,0,0,1,3,15,86,239,251,254,253,253,254,254,254,254,253,252,243,222,212,199,40,30,0,0,3,1,0,22,217,246,254,253,253,253,251,251,252,243,223,212,203,39,31,19,9,2,5,0,0,0,5,36,212,253,253,249,248,239,216,208,211,202,37,27,18,11,1,1,2,1,0,0,0,0,13,119,224,236,240,211,203,194,36,27,27,19,10,1,1,0,2,6,2,1,0,0,0,6,27,140,198,202,188,36,26,18,9,2,1,1,0,0,0,1,2,1,2,1,1,0,0,6,126,135,32,26,17,8,4,4,2,0,0,0,1,1,1,0,1,2,0,0,0,0,0,6,13,18,7,2,2,0,0,0,0,1,1,1,1,0,0,0,0,0,0,0,0,0,0,0,2,1,7,8,8,0,0,2,1,0,0,0,0,0,0,0,0,0,0,0,0,0
0,0,0,0,0,0,0,0,0,0,0,0,0,0,0,0,0,0,0,0,0,0,0,0,0,0,0,0,0,0,0,0,0,0,0,0,0,0,1,1,1,4,6,6,5,4,0,0,0,0,0,0,0,0,0,0,1,2,2,2,1,5,12,15,15,17,24,62,10,4,0,0,0,3,2,1,3,5,6,6,13,19,22,21,20,29,103,117,116,116,123,144,27,7,0,0,0,1,2,4,15,29,32,32,70,114,125,126,125,133,223,238,238,237,237,217,134,12,3,0,0,1,3,6,36,102,136,141,147,202,238,240,239,244,248,254,254,254,249,230,137,17,2,0,0,5,4,5,23,117,227,239,243,248,252,254,254,254,254,254,254,253,252,228,133,16,0,0,0,4,3,2,19,116,235,251,253,254,254,254,254,254,254,255,255,255,252,227,130,18,1,0,0,0,0,2,15,111,235,253,253,254,255,255,255,255,255,255,255,255,253,233,151,42,5,0,0,0,0,1,10,100,229,250,254,255,255,255,255,255,255,255,255,255,253,247,209,105,10,0,0,0,0,0,5,42,151,244,255,255,255,255,255,255,255,255,255,255,255,250,213,105,12,0,0,0,0,0,1,18,117,238,255,255,255,255,255,255,255,255,255,255,255,250,210,98,11,0,0,0,0,0,0,14,111,236,255,255,255,255,255,255,255,255,255,255,255,250,207,92,10,0,0,0,0,0,0,10,103,232,253,255,255,255,255,255,255,255,255,255,255,251,209,93,15,0,0,0,0,0,0,6,70,195,247,255,255,255,255,255,255,255,255,255,255,252,236,165,52,0,0,0,0,0,0,3,23,124,241,254,255,255,255,255,254,254,254,254,254,253,245,188,61,0,0,0,0,0,0,0,15,114,236,254,254,254,254,254,254,254,254,254,253,252,242,184,55,0,0,0,0,0,0,1,13,109,235,253,253,254,254,253,250,247,244,245,245,240,213,153,39,0,0,0,1,1,0,1,13,104,230,244,242,239,237,237,226,160,159,162,168,169,106,58,16,0,0,0,0,2,3,3,8,70,179,203,150,107,109,113,113,85,37,39,44,45,24,10,4,0,0,0,0,1,4,3,5,15,42,70,43,15,13,13,13,9,6,3,4,4,3,1,1,0,0,0,0,1,2,0,2,3,5,8,6,2,1,1,1,1,0,0,0,0,0,0,0,0,0,0,0,0,0,0,0,0,0,0,0,0,0,0,0,0,0,0,0,0,0,0,0,0,0,0,0,0,0,0,0,0,0,0,0,0,0,0,0,0,0,0,0,0,0,0,0,0,3
0,0,0,0,0,0,0,0,0,1,1,0,0,0,1,1,4,0,1,0,0,0,0,0,2,1,1,1,2,0,0,1,1,1,1,1,1,1,1,0,1,7,5,5,4,1,1,0,2,0,1,2,1,2,1,0,0,0,0,0,0,0,0,3,0,3,2,1,2,2,0,0,0,2,2,2,6,1,0,0,1,1,1,1,2,3,12,17,26,26,26,26,18,6,3,0,5,2,0,1,1,2,1,10,18,28,27,27,27,26,36,191,197,202,193,179,102,6,1,0,0,30,30,29,31,28,27,37,203,212,211,208,206,203,212,238,248,232,232,120,23,7,7,0,249,224,218,209,212,212,212,223,243,253,252,251,250,249,249,250,253,245,203,88,9,1,0,0,245,251,252,252,252,252,252,253,252,254,254,254,254,254,253,253,254,236,90,18,4,0,1,3,221,225,246,253,252,252,252,252,254,253,252,253,254,252,253,254,250,213,47,5,0,1,4,3,0,160,225,245,253,253,254,253,251,254,254,254,254,251,253,250,236,186,32,5,2,1,1,0,0,27,152,238,244,254,254,249,253,254,255,254,251,253,252,246,179,36,10,1,1,3,4,3,6,13,119,215,245,254,251,253,252,254,255,254,254,248,250,233,152,14,1,0,2,2,1,2,0,6,22,112,229,247,254,250,254,254,254,255,254,253,243,213,31,8,0,1,1,1,1,0,11,2,4,18,88,238,252,254,251,253,254,254,252,246,230,135,20,0,0,6,3,0,3,15,0,1,1,5,61,199,241,252,254,251,248,249,253,240,214,120,12,4,0,0,0,2,3,0,0,2,5,7,14,44,199,231,239,249,253,254,253,240,119,21,5,0,0,0,0,0,0,0,0,4,3,3,1,10,22,35,160,226,247,253,253,231,80,9,1,0,0,0,0,0,0,0,0,0,0,0,0,0,0,6,27,152,236,239,240,202,62,6,1,0,0,0,0,0,0,0,0,0,0,0,0,0,0,0,11,116,214,244,218,53,17,5,0,0,0,0,0,0,0,0,0,0,0,0,0,0,0,1,6,22,109,208,170,30,2,1,1,0,0,0,0,0,0,0,0,0,0,0,0,0,0,1,2,5,17,25,18,9,5,4,0,0,0,0,0,0,0,0,0,0,0,0,0,0,1,8,3,6,7,2,0,1,3,2,0,0,0,0,0,0,0,0,0,0,0,0,0,0,0,1,1,4,1,1,4,2,1,0,0,0,0,0,0,0,0,0,0,0,0,0,0,0,0,0,8,3,3,1,2,1,0,2,2,0,0,0,0,0,0,0,0
0,0,0,0,0,0,0,0,0,0,0,0,0,0,0,0,1,1,0,0,0,0,0,0,0,0,0,0,0,0,0,1,1,0,0,0,0,0,0,0,2,2,0,0,2,2,0,0,0,0,0,1,0,2,3,3,0,0,0,0,0,0,0,2,5,5,3,2,2,5,0,0,0,0,0,2,5,8,8,6,8,9,9,11,13,14,17,29,41,50,40,15,10,7,2,0,0,0,1,5,20,85,46,52,64,75,86,97,108,121,134,146,159,172,155,94,84,41,4,0,0,0,2,5,84,168,162,173,188,203,218,225,230,233,235,237,240,240,234,213,163,62,4,0,0,0,3,5,36,175,226,240,244,249,250,253,253,253,252,251,252,250,241,220,131,20,2,0,0,1,1,1,23,119,233,251,253,253,254,254,253,253,253,253,252,249,232,191,101,10,2,0,0,1,2,2,9,89,208,246,253,252,253,254,253,253,251,253,250,239,201,131,23,6,1,0,0,3,1,1,5,34,139,231,251,252,252,253,254,253,252,252,249,228,155,38,8,3,0,0,0,2,2,2,2,13,102,204,246,251,251,253,254,253,252,251,240,187,75,12,3,3,0,0,0,1,2,2,2,6,47,161,236,248,252,254,254,253,252,249,213,110,25,4,3,2,1,0,0,1,1,0,0,1,14,118,211,244,252,253,254,253,252,241,180,56,7,1,3,1,1,0,0,2,2,0,1,0,7,52,169,235,248,252,252,251,248,218,131,35,3,0,2,1,1,0,0,2,4,1,2,1,2,19,141,223,246,250,249,250,235,167,58,10,3,2,1,2,2,0,0,2,1,1,2,1,2,12,68,179,241,251,253,248,202,92,17,2,2,3,1,2,3,0,0,0,0,0,0,0,1,3,24,95,196,248,251,237,176,68,6,0,0,1,1,0,2,4,0,0,0,0,0,0,0,1,9,55,165,234,241,210,119,31,3,0,0,0,0,0,0,0,0,0,0,0,0,0,0,1,13,57,122,206,229,180,78,8,1,0,0,0,0,0,0,0,0,0,0,0,0,0,0,1,11,50,140,202,160,74,18,3,0,0,0,0,0,0,0,0,0,0,0,0,0,0,0,1,5,37,117,148,85,22,5,1,0,0,0,0,0,0,0,0,0,0,0,0,0,0,0,1,3,18,48,56,29,6,3,2,0,0,0,0,0,0,0,0,0,0,0,0,0,0,0,1,3,3,5,7,8,4,1,1,0,0,0,0,0,0,0,0,0,0,0,0,0,0,0,0,2,1,0,3,8,5,0,0,0,0,0,0,0,0,0,0,0
0,0,0,0,0,0,0,0,0,0,191,191,251,138,3,4,0,0,0,0,0,0,0,0,0,0,0,0,0,7,14,29,164,183,237,247,240,144,28,7,1,0,0,0,0,0,0,0,0,0,0,0,7,22,164,181,193,247,252,251,247,230,124,11,0,0,0,0,0,0,0,0,0,0,7,14,32,174,193,245,250,252,254,254,254,245,145,26,6,0,0,0,0,0,0,0,0,15,32,166,186,238,250,252,255,254,254,255,255,250,231,126,11,0,0,0,0,0,0,0,3,166,186,238,250,252,255,254,254,255,255,255,255,255,245,145,26,6,0,0,0,0,0,0,191,232,249,252,255,254,254,255,255,255,255,255,255,255,250,231,131,16,5,0,0,0,0,0,180,243,251,254,254,254,255,255,255,255,255,255,255,255,255,245,150,121,11,0,0,0,0,0,179,240,251,254,255,255,255,255,255,255,255,255,255,255,255,250,236,136,22,5,0,0,0,0,178,183,248,255,255,255,255,255,255,255,255,255,255,255,255,255,245,150,121,11,0,0,0,5,2,165,236,252,255,255,255,255,255,255,255,255,255,255,255,255,250,240,140,27,7,0,1,4,2,32,177,248,255,255,255,255,255,255,255,255,255,255,255,255,254,248,230,124,12,3,2,11,0,15,158,236,252,255,255,255,255,255,255,255,255,255,255,254,254,252,242,143,26,8,4,5,0,8,32,177,248,255,255,255,255,255,255,255,255,254,254,254,254,251,245,221,112,6,6,0,0,0,15,158,236,252,255,255,255,255,255,255,254,254,254,253,253,243,220,196,35,9,3,3,0,0,7,32,177,248,255,255,255,255,254,254,254,253,253,243,221,202,53,34,14,3,1,2,0,0,0,15,158,236,252,255,254,254,254,253,253,243,221,203,54,35,13,6,5,1,1,2,0,0,0,7,32,177,247,253,254,253,253,251,229,211,54,36,26,4,3,3,3,4,4,2,0,0,0,0,15,157,233,248,251,252,229,219,201,44,26,5,3,2,1,1,1,5,5,4,0,0,0,0,10,31,176,243,240,219,201,52,34,13,3,2,1,0,0,1,2,2,1,0,0,0,0,0,4,15,151,205,201,53,34,13,3,2,1,0,0,1,1,0,0,1,0,0,0,0,0,1,1,8,17,40,36,15,3,2,1,0,0,1,1,1,0,0,0,0,0,0,0,0,0,0,2,7,3,3,3,3,2,1,0,0,1,1,0,0,0,0,0,0,0,0,0,0,0,0,0,2,3,2,1,3,1,1,2,1,0,0,0,0,0,0,0,0,0,0,3
0,0,0,0,0,0,0,0,2,5,7,0,3,4,5,1,4,3,8,3,0,0,0,0,0,0,0,0,0,1,7,3,2,4,2,10,6,8,8,8,2,5,2,5,4,0,0,0,0,0,0,4,3,5,2,4,14,18,23,27,30,29,125,20,8,3,7,2,2,0,0,0,0,0,0,1,4,9,15,24,37,187,190,137,187,192,153,145,31,22,9,2,4,0,0,0,0,2,3,2,7,13,115,188,206,239,242,232,245,244,232,234,213,134,18,3,3,0,0,0,8,2,1,9,7,25,138,240,251,249,250,253,253,254,253,253,246,193,38,15,9,4,0,0,4,1,6,9,22,136,202,247,253,251,253,254,255,255,255,252,250,205,142,117,17,2,8,0,4,3,2,20,132,220,247,251,254,253,254,255,255,255,255,254,251,248,238,188,23,3,5,0,1,3,9,24,201,243,251,254,254,255,255,255,255,255,255,254,254,254,250,206,36,11,0,0,1,2,5,27,146,246,254,254,255,255,255,255,255,255,255,255,254,252,251,239,187,19,1,1,1,3,5,24,179,244,254,255,255,255,255,255,255,255,255,255,254,253,251,243,193,24,2,0,1,2,6,28,178,243,254,254,255,255,255,255,255,255,255,255,254,252,250,228,132,19,3,5,0,3,3,26,134,243,253,254,254,255,255,255,255,255,255,255,254,254,248,217,124,11,5,0,2,4,2,22,184,245,252,253,254,255,255,255,255,255,255,255,254,254,246,184,29,8,2,1,1,8,2,16,179,236,249,252,254,255,255,255,255,255,254,254,254,252,246,143,24,2,1,1,3,3,5,10,35,196,245,251,254,255,255,255,255,254,252,253,253,251,242,200,21,2,3,3,0,2,1,1,17,169,211,239,251,255,255,254,254,254,251,251,248,224,184,125,15,2,4,9,0,1,2,2,8,17,40,188,245,252,253,253,253,253,252,251,236,137,29,17,6,1,2,6,0,0,1,1,2,1,14,126,208,219,236,237,219,235,235,198,175,24,6,1,3,2,6,0,0,0,1,1,2,2,6,20,118,43,133,171,46,117,172,35,18,10,2,4,6,1,0,2,0,0,2,2,5,3,6,7,6,13,18,17,17,15,13,13,4,1,6,6,3,2,3,0,0,0,0,0,1,6,7,2,4,2,3,4,1,0,1,3,2,3,1,1,1,0,0,0,0,0,0,1,2,4,3,3,2,1,2,2,1,2,2,0,2,3,0,0,0,0,0,0,0,0,0,0,2,0,0,2,0,1,6,5,6,3,2,0,0,0,0,0,0,0,0,0,1
0,0,0,0,0,7,5,116,246,246,226,127,3,2,10,6,0,0,0,0,0,0,0,0,0,0,0,0,1,1,6,32,202,244,213,115,19,2,3,6,0,0,0,0,0,0,0,0,0,0,0,0,2,0,3,32,201,228,237,182,32,4,4,2,3,0,2,0,0,0,0,0,0,0,0,1,3,1,3,23,143,242,243,112,35,7,4,2,3,1,2,3,3,0,0,0,0,0,0,1,3,1,2,40,143,238,243,183,75,12,4,4,4,3,1,3,4,0,0,0,0,0,1,0,3,2,3,15,75,222,247,189,78,19,2,2,4,2,1,2,2,1,0,0,0,0,0,1,1,3,5,10,82,217,235,221,150,15,5,4,3,3,1,0,1,0,0,0,0,1,0,0,6,2,5,13,82,180,244,223,85,58,9,4,4,1,0,0,1,0,0,0,2,4,2,2,5,2,3,9,86,183,233,236,146,50,7,2,3,3,1,1,0,0,0,0,1,4,1,1,6,2,1,10,29,118,235,241,141,49,6,1,3,3,2,0,0,0,0,0,2,4,3,3,3,1,2,5,24,180,209,242,198,52,6,3,2,3,1,0,0,0,0,0,0,4,4,0,1,4,4,4,19,114,213,241,201,51,25,3,1,1,1,0,0,0,0,0,0,1,0,1,1,5,5,2,12,110,139,242,229,109,21,7,6,3,4,3,1,0,0,0,0,0,0,2,5,7,5,4,10,50,143,239,232,105,77,6,6,7,4,1,0,0,0,0,0,0,0,0,5,3,5,2,6,55,138,220,233,178,24,8,3,6,2,0,0,2,0,0,0,0,0,0,0,1,1,1,4,22,145,223,233,173,84,7,4,1,1,1,4,4,3,1,0,0,0,0,0,1,3,2,1,16,154,182,242,217,80,17,6,1,2,7,1,4,3,0,0,0,0,0,1,1,3,3,1,13,80,221,242,176,148,20,4,1,3,1,2,1,5,0,0,0,0,1,1,1,1,3,3,12,84,184,242,229,147,24,4,1,1,4,1,1,0,0,0,0,0,0,0,0,4,4,4,9,37,185,238,229,204,48,5,3,4,1,1,0,0,0,0,0,0,0,0,0,3,4,2,5,37,110,210,243,205,38,10,2,4,3,1,0,0,0,0,0,0,0,0,1,4,3,2,6,32,115,231,240,142,113,10,2,4,2,0,0,0,0,0,0,0,0,0,0,5,5,3,7,32,58,203,242,204,111,17,0,1,4,0,0,0,0,0,0,0,0,0,0,0,0,0,2,2,36,226,253,203,203,1,9,1,0,0,0,0,0,2
0,0,0,96,197,228,149,44,1,3,7,9,7,2,0,0,0,0,0,0,0,0,0,0,0,4,87,179,237,223,145,54,7,3,3,7,2,0,0,1,0,0,3,0,0,0,0,0,0,4,26,180,234,244,207,63,11,4,4,5,1,0,2,4,4,2,2,1,0,0,0,0,0,0,12,101,195,238,236,139,51,11,6,4,2,5,1,2,4,3,1,0,0,0,0,0,0,0,5,21,118,207,240,214,131,46,12,5,2,5,4,1,2,2,0,0,0,0,0,0,0,0,0,10,101,196,241,244,206,119,33,7,2,2,6,2,0,1,0,0,0,0,0,0,0,4,1,5,26,112,205,244,221,137,32,10,2,6,2,1,0,1,0,0,0,0,0,0,0,2,3,2,7,33,124,236,243,206,119,14,6,1,4,1,1,1,0,0,0,0,0,0,0,1,2,1,4,14,58,207,246,237,136,25,6,2,4,1,2,1,0,0,0,0,0,0,1,0,3,4,3,9,108,199,220,243,202,108,11,1,0,4,2,0,0,0,0,0,0,0,0,1,5,3,2,9,46,127,209,241,210,120,26,7,2,1,1,0,0,0,0,0,0,0,2,2,4,4,2,6,12,48,130,214,236,198,103,27,5,3,6,4,3,1,0,1,0,0,1,1,1,5,4,2,6,9,45,142,237,240,196,93,14,3,5,5,2,0,1,3,0,0,6,4,0,0,5,5,3,2,10,55,214,251,242,178,31,3,2,4,3,0,1,2,3,1,1,2,1,0,1,5,3,3,4,43,211,247,250,191,40,7,3,4,3,2,3,1,3,5,0,0,0,1,3,4,8,3,2,20,146,227,246,234,92,24,9,3,3,5,2,1,4,0,0,0,0,0,2,1,2,1,1,10,37,158,232,241,189,85,21,8,2,3,5,1,0,0,0,0,0,0,0,0,1,3,1,3,12,54,168,242,237,178,73,8,3,3,5,0,0,0,0,0,0,0,0,1,2,2,2,1,4,49,157,239,239,186,88,14,4,5,1,0,0,0,0,0,0,0,0,1,2,1,2,1,6,13,76,216,244,231,164,23,5,2,2,0,0,0,0,0,0,0,0,1,1,1,1,4,4,6,22,157,227,246,217,86,14,4,1,4,0,0,0,0,0,0,0,0,0,1,5,6,1,3,15,82,175,233,240,168,77,13,7,2,0,0,0,0,0,0,0,0,0,1,2,3,1,6,9,70,161,226,245,224,155,57,8,0,0,0,0,0,0,0,0,0,0,0,0,11,2,0,4,2,73,182,254,236,162,49,0,0,0,0,2
0,0,0,0,0,1,0,4,4,0,0,3,4,4,6,0,0,0,0,0,0,0,0,0,0,0,0,0,0,3,9,4,5,2,2,1,3,2,8,5,1,3,0,0,0,0,0,0,0,0,0,6,7,9,7,59,27,41,35,26,25,15,11,1,2,2,0,0,0,0,0,0,0,0,0,13,138,33,36,92,217,225,226,220,126,209,32,15,6,2,3,1,3,0,0,0,0,0,7,35,164,227,227,234,247,253,254,249,249,237,223,41,21,13,0,1,1,1,0,0,0,7,20,161,234,250,250,248,253,252,252,254,254,254,244,235,210,29,8,1,5,4,0,1,0,15,151,180,248,251,253,251,253,254,254,255,254,248,251,253,239,177,24,6,1,1,4,5,0,22,158,238,248,250,250,254,255,255,255,255,254,252,251,254,251,233,51,14,4,4,2,7,5,25,129,239,254,254,254,254,255,255,255,255,255,254,254,254,254,245,226,41,21,10,4,0,10,27,134,242,254,255,255,255,255,255,255,255,255,255,255,254,254,253,243,231,145,16,6,1,4,114,225,249,254,251,255,255,255,255,255,255,255,255,255,255,255,254,254,246,195,25,7,2,0,34,229,251,254,255,255,255,255,255,255,255,255,255,255,255,255,255,254,251,201,41,4,6,4,21,216,241,254,255,255,255,255,255,255,255,255,255,255,255,255,254,254,251,229,81,8,3,2,11,52,231,251,255,255,255,255,255,255,255,255,255,255,255,254,253,251,251,230,80,7,4,2,1,20,206,235,244,255,253,255,255,255,255,255,255,255,255,252,251,253,246,226,32,8,1,0,2,12,23,57,237,254,254,253,254,254,255,255,255,255,254,254,251,254,241,133,104,5,4,5,4,6,13,69,211,242,251,250,250,254,254,255,254,254,254,251,253,247,229,118,17,5,0,1,4,2,5,21,33,223,244,254,250,254,254,250,254,254,253,247,239,229,127,25,5,1,0,4,2,5,5,2,14,30,216,234,245,254,254,254,252,253,253,236,111,120,104,10,0,0,0,0,0,5,6,6,4,16,22,42,218,228,234,237,245,237,236,215,79,25,17,5,0,0,0,0,0,0,1,1,2,3,5,11,22,70,38,150,158,185,52,72,21,5,8,5,0,0,0,0,0,0,0,0,3,3,6,1,6,4,13,14,24,21,14,13,8,8,1,0,0,0,0,0,0,0,0,0,0,1,1,9,3,3,1,11,9,8,3,3,1,1,0,0,0,0,0,0,0,0,0,0,0,0,0,2,5,5,0,1,1,1,0,2,3,0,0,0,0,0,0,1
0,0,0,0,0,0,0,0,0,0,0,1,0,0,0,0,0,0,0,0,0,0,0,0,0,0,0,0,0,0,0,0,0,0,0,1,2,1,2,1,0,1,0,0,0,0,0,0,0,0,0,0,0,0,0,0,0,0,0,0,0,1,1,1,0,2,2,0,0,0,0,0,0,0,0,0,0,1,0,0,0,1,1,0,1,2,2,2,1,2,4,3,1,0,0,0,0,0,0,0,0,2,2,0,1,1,1,1,3,4,3,2,3,4,5,4,4,0,0,0,0,0,0,0,0,4,3,1,0,2,2,2,3,3,1,2,4,5,4,2,4,3,3,0,0,0,0,0,3,5,7,4,0,1,1,1,3,4,3,5,6,7,10,10,11,22,26,28,0,0,0,1,2,3,3,4,2,4,4,4,7,19,24,27,30,48,54,80,76,86,98,158,0,2,5,10,14,15,20,13,19,29,51,37,51,83,104,129,137,146,142,187,185,186,196,235,0,7,47,62,71,63,120,56,106,113,169,179,196,203,202,217,227,225,221,229,234,239,233,250,0,23,134,166,171,171,206,206,200,235,238,239,240,243,242,243,237,240,230,222,212,204,180,0,0,182,200,221,230,238,238,237,235,237,241,241,225,214,215,213,177,178,135,131,109,115,77,0,0,206,231,224,226,205,203,182,190,161,165,170,141,123,71,68,51,79,38,33,26,34,20,0,0,131,159,158,160,127,104,75,93,57,48,30,22,14,11,9,9,15,6,3,3,5,3,0,0,76,64,64,62,65,33,28,11,11,9,7,2,4,6,4,2,2,4,1,2,2,1,0,0,25,18,13,9,8,7,3,2,1,2,4,3,4,3,1,1,3,4,2,2,2,1,0,0,5,4,3,1,3,4,2,2,2,1,2,6,4,2,1,5,3,4,1,1,1,1,0,0,6,1,3,1,3,5,3,2,1,0,2,3,1,1,1,2,1,0,0,0,1,0,0,0,1,2,1,4,1,2,1,1,1,0,0,1,1,0,1,2,0,0,0,0,0,0,0,0,0,0,0,1,0,1,0,0,0,0,0,0,0,0,0,1,2,3,2,1,0,0,0,0,0,0,0,0,1,1,0,0,0,0,0,0,0,0,0,0,1,2,1,0,0,0,0,0,0,0,0,0,0,1,1,0,0,0,0,0,0,0,0,0,0,1,0,0,0,0,0,0,0,0,0,0,0,0,1,0,0,0,0,0,0,0,0,0,0,1,0,0,0,0,0,0,0,0,0,0,0,0,0,0,0,0,0,0,0,0,0,0,0,0,0,0,0,0,0,2
0,0,0,0,0,0,0,0,0,0,2,4,4,1,0,3,8,1,0,0,0,0,0,0,0,0,0,0,0,1,5,5,9,11,9,11,7,5,1,8,2,1,2,2,0,0,0,0,0,0,0,0,0,7,8,16,93,26,67,79,51,20,10,1,5,1,3,2,0,0,0,0,0,0,0,3,5,12,27,118,122,99,103,225,228,192,38,22,12,3,3,2,1,0,0,0,0,0,2,2,15,109,133,229,237,234,240,246,251,243,234,207,23,2,2,3,2,1,0,0,9,0,0,6,28,218,242,248,253,254,254,254,254,255,253,236,89,22,10,1,1,2,0,0,2,0,0,15,87,238,254,254,248,254,254,254,255,255,254,244,233,217,32,11,0,0,2,0,3,0,2,23,217,247,255,252,250,254,255,254,255,255,254,251,248,242,214,21,1,4,1,0,0,3,3,41,226,254,252,254,254,253,255,255,255,255,254,253,252,251,235,39,10,1,6,3,1,1,1,30,225,254,252,254,255,255,255,255,255,255,255,253,252,253,243,215,24,1,2,1,5,4,7,26,218,248,254,255,255,255,255,255,255,255,255,254,253,253,252,224,36,10,4,0,1,7,6,27,129,245,253,254,255,255,255,255,255,255,255,255,254,252,251,224,78,8,3,0,4,3,7,64,221,242,248,254,255,255,255,255,255,255,255,255,255,254,253,236,48,15,5,5,4,4,3,32,227,250,252,254,255,255,255,255,255,255,255,255,255,255,254,242,223,30,16,1,1,1,0,20,215,241,253,252,254,255,255,255,255,255,255,255,255,254,254,251,208,181,21,1,3,0,1,11,41,235,253,251,254,255,255,255,255,255,255,255,255,252,250,246,224,41,14,4,0,1,1,2,20,215,244,251,254,254,254,255,255,255,255,254,254,254,254,241,91,22,8,0,0,2,5,5,11,30,215,237,247,251,252,255,255,254,254,252,253,253,249,232,116,13,8,1,0,0,2,10,1,12,25,95,235,254,252,254,255,253,253,254,248,254,246,139,111,15,5,0,0,0,1,4,6,2,7,27,216,242,251,253,254,255,254,251,249,247,229,157,17,10,13,0,0,0,0,1,2,4,4,13,41,199,239,240,253,250,249,241,243,181,161,23,9,1,1,0,0,0,0,0,3,1,5,3,26,171,59,223,236,229,145,212,164,152,22,10,0,0,0,0,0,0,0,0,3,1,3,4,18,11,22,75,121,114,33,35,25,13,7,0,0,0,0,0,0,0,0,0,0,0,8,0,4,6,4,2,2,0,11,15,0,0,0,0,0,0,0,0,1
0,0,0,0,0,0,0,0,0,0,0,0,1,4,6,4,0,0,0,0,0,0,0,0,0,0,0,0,0,0,0,0,0,0,0,1,4,3,1,1,0,0,1,8,1,0,0,0,0,0,0,0,0,0,0,0,0,0,0,1,1,2,1,1,0,1,7,3,6,2,2,0,0,0,0,0,0,0,0,0,0,0,0,0,0,0,2,3,6,1,2,5,2,5,13,46,0,0,0,0,0,0,0,0,0,0,1,1,1,0,3,4,3,2,9,8,10,15,68,167,0,1,0,0,0,0,0,0,0,0,1,1,2,3,3,2,3,7,18,71,77,85,166,237,0,3,1,1,2,0,0,1,2,0,1,2,3,2,2,4,6,14,85,163,171,220,238,244,0,1,3,4,4,2,1,2,5,4,1,2,2,2,2,7,19,82,176,227,233,246,228,181,2,4,5,3,1,2,0,1,3,8,2,1,2,6,19,26,81,185,233,247,247,226,167,75,1,0,1,1,4,1,2,7,2,2,3,6,14,37,89,97,187,235,240,222,216,160,76,4,0,0,0,3,4,6,1,1,6,1,6,26,94,182,227,238,238,226,168,84,81,70,14,2,2,1,0,4,4,1,2,8,2,5,20,101,194,244,251,249,231,159,65,56,11,9,8,2,3,1,2,3,4,1,3,8,17,23,113,201,242,251,248,231,161,46,12,8,5,3,2,9,5,2,2,2,4,10,16,35,123,130,203,240,243,225,220,149,36,9,5,6,6,1,2,7,2,1,2,5,11,38,124,200,230,236,239,215,203,139,133,38,10,4,3,3,1,3,7,0,1,5,11,43,50,128,214,243,248,244,208,133,54,23,15,7,4,7,5,4,1,1,1,0,1,12,54,125,140,210,245,245,215,203,125,46,9,3,2,0,1,3,4,1,0,1,3,0,0,63,142,209,221,243,242,204,129,113,46,10,5,1,1,3,1,0,2,3,1,0,1,0,151,209,237,243,242,229,194,108,40,33,9,5,4,4,3,2,2,1,0,1,0,0,0,0,221,241,235,201,193,116,33,16,11,5,2,3,6,6,3,0,1,1,0,0,0,0,0,0,197,213,185,109,99,18,10,5,3,4,1,4,4,1,1,1,1,0,0,0,0,0,0,0,2,91,91,25,9,7,1,2,7,2,3,4,0,1,0,0,0,0,0,0,0,0,0,0,0,7,7,4,5,5,1,8,6,3,0,0,1,2,2,1,0,0,0,0,0,0,0,0,0,0,0,0,0,0,0,0,4,0,0,2,6,2,7,3,1,0,0,0,0,0,0,0,2
0,0,0,0,0,0,0,0,0,0,0,0,0,0,0,0,0,0,0,0,0,0,0,0,0,0,0,0,0,0,0,0,0,0,0,0,0,0,0,0,0,0,0,0,0,0,0,0,0,0,0,0,1,0,3,2,0,0,0,0,0,0,1,3,1,4,2,2,1,2,0,0,0,7,4,3,1,1,2,2,0,1,3,3,3,3,4,9,20,24,23,21,12,4,2,0,0,2,6,6,5,4,4,4,7,21,35,38,37,35,34,40,115,122,120,106,54,7,3,0,0,3,9,29,45,49,47,46,49,104,168,169,166,161,155,158,207,216,207,170,64,8,2,0,0,8,35,124,191,202,195,188,191,210,235,239,238,235,232,233,243,247,228,160,28,3,2,0,0,8,104,189,228,246,245,242,244,248,251,253,253,252,251,252,251,251,229,126,14,1,1,0,0,6,53,147,218,239,249,252,252,252,252,253,254,254,254,254,254,251,212,55,8,2,2,0,0,2,11,79,160,199,237,250,252,252,253,252,252,254,253,253,253,249,208,60,4,2,1,5,0,1,4,10,27,93,199,242,251,253,252,251,253,254,253,251,252,243,183,23,3,1,1,2,0,0,1,3,6,30,118,232,246,253,253,252,253,254,252,252,251,229,97,11,2,2,2,1,0,0,1,2,4,10,67,208,243,253,252,251,253,254,253,249,244,209,33,4,1,2,1,2,0,0,1,1,3,5,35,135,234,250,253,252,254,254,253,250,231,144,17,0,0,0,1,4,0,0,0,0,2,3,9,51,162,242,253,253,253,254,253,250,226,72,16,0,1,1,1,9,0,0,1,1,1,4,2,13,67,217,242,251,252,252,252,251,228,165,12,1,1,1,2,1,0,0,0,1,2,2,1,3,16,58,186,231,247,252,249,250,228,82,11,2,0,0,0,0,0,0,0,1,1,4,0,3,7,15,48,126,236,251,252,245,193,41,4,0,0,0,0,0,0,0,0,0,0,2,0,3,2,2,9,58,209,246,252,237,111,19,1,0,0,0,0,0,0,0,0,1,3,0,0,2,0,0,3,29,133,235,241,220,81,9,0,0,0,0,0,0,0,0,0,1,3,0,0,0,0,0,0,8,63,208,233,168,58,9,0,0,0,0,0,0,0,0,0,0,0,0,0,0,0,0,0,2,15,57,168,209,82,4,0,0,0,0,0,0,0,0,0,0,0,0,0,0,0,0,0,0,2,14,93,185,21,3,0,0,0,0,0,0,0,0,0,0,0,0,0,0,0,0,0,0,0,0,0,0,0,0,0,0,0,0,0,0,0
0,0,0,0,0,0,0,0,0,0,0,0,0,0,0,0,0,0,0,0,0,0,0,0,0,0,0,0,0,0,0,0,0,0,0,0,0,2,4,5,3,1,0,0,0,0,0,0,0,0,0,0,0,0,0,0,0,0,1,4,9,19,48,61,32,5,2,0,0,0,0,0,0,0,0,0,0,0,0,0,0,2,8,26,44,115,161,136,70,19,6,1,0,0,0,0,0,0,0,0,0,0,0,2,5,12,44,129,175,214,237,230,154,62,16,3,0,0,0,0,0,0,0,0,0,2,6,15,51,79,152,221,245,248,250,246,188,118,52,6,0,0,0,0,1,1,0,1,3,11,58,99,161,201,231,249,253,253,253,251,243,187,94,25,2,0,0,0,0,1,4,10,20,77,142,197,235,249,252,253,254,254,254,254,252,239,158,56,7,1,0,0,7,15,28,75,150,195,234,245,252,253,254,254,254,255,255,255,255,249,202,108,32,5,1,0,10,75,154,197,240,249,252,253,254,254,254,254,255,255,255,255,255,253,241,161,79,30,3,0,96,187,212,247,252,254,254,254,255,255,255,255,255,255,255,255,255,255,249,216,141,58,9,0,121,224,243,251,254,254,254,255,255,255,255,255,255,255,255,255,255,255,253,246,214,126,38,1,13,144,242,253,254,255,255,255,255,255,255,255,255,255,255,255,255,255,254,253,242,162,63,2,6,110,226,248,254,255,255,255,255,255,255,255,255,255,255,255,254,254,254,253,247,226,139,75,0,35,135,227,250,255,255,255,255,255,255,255,255,255,255,254,254,254,253,248,240,230,170,0,0,15,71,161,242,253,255,255,255,255,255,255,255,254,254,254,252,251,245,226,176,144,65,0,0,3,22,99,207,250,255,255,255,255,254,254,254,254,251,248,240,204,194,123,106,44,14,0,0,0,5,51,169,240,252,254,254,254,254,253,253,249,242,182,172,79,72,26,11,8,5,0,0,0,1,13,74,195,243,252,253,253,252,245,226,217,151,136,37,14,6,4,1,0,0,0,0,0,0,4,48,104,207,246,248,247,238,193,110,100,26,13,7,1,0,0,0,1,0,0,0,0,0,2,9,57,173,225,228,171,160,64,18,8,5,1,0,0,0,0,0,0,0,0,0,0,0,0,4,13,70,124,126,31,21,10,3,0,0,0,0,0,0,0,0,0,0,0,0,0,0,0,0,2,9,55,17,9,4,0,0,0,0,0,0,0,0,0,0,0,0,0,0,0,0,0,0,0,0,0,0,0,0,0,0,0,0,0,0,0,0,0,0,0,0,0,3
0,0,0,0,0,0,0,3,0,0,0,0,0,0,0,0,3,1,4,2,2,2,1,0,8,8,2,0,1,1,4,2,1,1,1,1,1,1,2,6,9,11,11,11,10,4,2,0,3,6,5,3,1,1,6,9,12,11,12,12,12,12,12,21,89,97,98,93,78,9,2,0,4,10,14,14,13,13,22,96,104,105,105,104,103,101,100,109,207,213,212,193,126,10,2,0,4,79,99,108,111,105,114,217,227,228,227,227,224,222,220,224,242,246,232,198,33,7,7,0,1,132,196,229,236,227,231,247,253,253,253,253,253,251,250,250,252,252,234,165,20,1,1,0,0,32,180,240,251,252,253,252,252,253,254,254,254,254,254,254,254,251,210,73,13,0,1,0,2,15,162,206,232,250,252,253,253,253,253,253,254,254,254,253,254,248,203,87,8,1,2,3,0,10,19,70,184,234,251,251,254,252,252,254,254,254,253,252,253,242,177,26,6,1,2,2,2,2,4,13,87,205,244,251,253,251,252,254,255,254,253,253,248,219,128,14,4,1,2,1,2,0,3,6,24,173,235,250,252,252,253,254,255,253,252,252,242,170,31,5,0,3,5,3,1,0,3,4,14,123,215,248,254,251,252,254,255,254,251,246,225,148,15,1,0,2,1,2,3,0,2,1,6,25,158,232,250,253,254,254,254,254,253,244,176,58,9,0,1,2,0,1,0,4,1,6,2,8,40,175,239,250,252,253,254,253,250,234,153,21,2,1,4,0,1,9,2,1,1,2,1,1,16,141,192,243,251,251,250,252,247,226,146,17,2,1,4,1,3,9,1,0,4,1,2,4,11,62,105,198,244,248,250,252,248,204,100,16,3,0,0,1,3,0,0,3,4,1,3,4,5,8,21,135,160,241,252,254,248,210,112,8,0,0,0,0,0,0,0,1,4,1,0,3,1,0,6,16,122,215,247,252,243,154,26,6,0,0,0,0,0,0,0,0,0,0,0,0,0,0,0,5,33,152,235,240,225,128,13,1,0,0,0,0,0,0,0,0,0,0,0,0,0,0,0,1,14,122,222,238,166,52,10,0,0,0,0,0,0,0,0,0,0,0,0,0,0,0,0,0,9,61,166,217,126,17,4,1,0,0,0,0,0,0,0,0,0,0,0,0,0,0,0,2,5,14,79,123,70,9,2,2,0,0,0,0,0,0,0,0,0,0,0,0,0,0,0,4,3,5,13,14,8,5,4,0,0,0,0,0,0,0,0,0,0,0,0,0,0,0,0,0,0,8,8,2,0,2,3,0,0,0,0,0,0,0,0
0,0,0,0,0,0,0,0,0,0,0,0,0,0,0,0,0,0,0,0,0,0,0,0,0,0,0,0,1,0,0,0,0,0,0,0,1,2,3,2,3,1,0,0,0,0,0,0,0,0,0,0,1,0,0,0,0,0,0,0,1,2,2,2,1,2,1,1,0,0,0,0,0,0,0,0,1,1,0,0,0,0,1,2,1,8,14,20,16,12,7,3,5,0,0,0,0,0,0,0,0,4,1,1,1,0,1,9,14,27,143,155,141,19,2,1,0,0,0,0,0,0,0,1,1,2,2,3,4,5,11,24,160,120,201,233,184,29,6,2,0,0,0,0,0,5,2,1,1,0,1,5,43,34,86,111,209,239,239,233,186,88,5,2,1,0,0,0,0,1,1,1,0,3,13,32,85,204,219,238,246,252,246,240,164,30,8,0,0,0,0,0,1,1,1,7,12,26,85,201,221,236,242,251,252,252,253,241,189,79,4,0,0,0,0,0,1,8,12,16,90,192,225,235,245,251,251,253,249,249,251,241,174,21,3,0,0,0,0,0,2,83,103,111,132,238,250,251,246,252,254,254,254,251,252,221,92,19,2,0,0,0,0,0,4,154,196,235,243,247,253,252,253,253,254,254,254,252,251,244,208,29,4,0,0,0,0,0,196,219,241,251,254,254,254,251,253,253,253,255,254,254,254,250,209,70,12,2,1,1,0,0,140,212,228,246,250,254,254,252,253,254,254,254,254,250,254,244,204,54,11,4,2,2,0,1,1,131,148,228,237,251,253,254,254,253,254,254,253,253,254,245,94,65,7,1,2,2,3,6,3,17,121,141,220,235,248,254,254,253,254,253,250,253,252,245,213,78,6,4,1,2,5,6,3,7,12,26,127,148,223,239,250,254,253,253,252,254,254,249,201,36,10,4,6,1,1,0,0,0,4,8,12,27,137,158,236,250,253,252,253,254,251,241,217,85,7,2,2,1,3,0,3,0,0,0,1,6,18,130,149,227,240,249,253,252,253,247,192,34,8,4,4,0,0,0,0,1,1,0,0,1,6,12,27,134,153,230,244,252,251,245,212,91,10,3,0,0,0,0,0,0,0,1,1,0,0,1,6,12,27,144,226,238,248,242,189,103,15,2,0,0,0,0,0,0,0,0,0,1,0,0,1,1,7,24,132,158,232,240,212,138,13,2,0,0,0,0,0,0,0,0,0,0,1,1,0,1,2,7,13,28,148,159,179,93,13,2,0,0,0,0,0,0,0,0,0,0,0,0,3,3,7,2,0,1,1,145,145,89,0,0,0,0,0,0,0
0,0,0,0,0,0,0,0,0,0,0,0,0,0,0,0,0,0,249,212,1,4,0,0,0,0,0,0,0,0,0,0,3,4,0,0,2,8,3,8,45,165,232,226,185,104,6,0,0,0,0,0,0,0,0,1,0,0,0,2,6,5,9,37,131,217,241,221,138,35,9,0,0,0,0,0,0,0,0,0,0,1,2,5,2,8,36,129,216,239,218,132,35,8,2,0,0,0,0,0,0,0,0,0,0,0,5,1,4,16,86,211,239,213,123,36,7,2,1,0,0,0,0,0,0,0,0,0,0,2,3,4,11,56,168,234,207,116,35,6,2,2,1,0,0,0,0,0,0,0,0,1,2,2,3,11,56,159,220,202,115,34,8,2,2,2,1,0,0,0,0,0,0,0,0,1,2,3,9,52,153,222,216,135,46,9,3,3,2,1,0,0,0,0,0,0,0,3,0,0,1,6,47,116,180,229,189,93,25,5,2,3,3,0,0,1,0,1,2,2,0,1,3,6,5,20,82,176,229,223,119,30,9,3,3,3,2,2,2,1,0,3,2,2,0,1,5,6,20,81,176,229,224,162,56,9,4,1,2,2,0,2,2,1,1,3,1,1,4,1,4,11,68,178,229,223,157,66,16,5,4,1,0,1,2,1,1,2,0,1,0,4,3,3,10,36,138,228,221,152,60,14,4,5,3,1,0,1,2,1,1,0,0,0,1,5,3,8,35,116,203,217,149,52,12,2,2,1,2,1,0,0,0,0,0,0,1,0,2,2,5,26,109,203,223,151,50,11,2,1,2,1,0,0,0,0,0,0,0,0,0,1,3,2,9,43,139,220,211,125,30,4,1,2,2,1,0,0,0,0,0,0,0,0,0,0,2,12,45,136,217,230,141,38,9,4,3,2,0,1,0,0,0,0,0,0,0,0,0,2,10,50,140,219,233,189,62,13,3,1,5,0,0,0,0,0,0,0,0,0,0,0,0,10,49,149,221,233,188,89,23,6,1,5,2,1,0,1,0,0,0,0,0,0,0,0,0,27,140,221,231,185,82,23,6,6,1,1,0,1,4,0,0,0,0,0,0,0,0,0,0,32,145,206,177,75,19,5,9,2,0,0,0,4,4,0,3,0,0,0,0,0,0,0,0,8,18,29,86,47,9,6,5,1,5,1,0,0,0,0,0,0,0,0,0,0,0,0,0,0,0,4,5,6,2,1,0,0,0,0,0,0,0,0,0,0,0,0,0,0,0,0,0,0,0,0,0,0,0,0,0,0,0,0,0,0,0,0,0,0,0,0,0,0,0,0,2
0,0,0,0,0,0,0,0,0,0,0,3,6,6,6,4,2,2,3,1,2,1,0,0,0,0,0,0,0,0,2,3,5,4,3,4,4,3,3,3,2,2,2,4,6,1,0,0,0,1,0,0,0,1,4,6,7,9,11,10,8,7,7,5,4,2,1,4,7,3,0,0,0,1,3,2,2,3,5,18,55,72,76,77,67,31,22,49,26,6,2,2,3,5,0,0,0,1,2,2,4,8,15,70,165,191,197,198,176,97,79,189,89,22,7,4,2,3,0,0,0,2,2,2,7,19,63,188,234,246,247,244,236,218,220,231,200,90,15,8,6,0,0,0,0,1,2,5,17,61,193,241,250,252,250,252,252,251,251,250,238,189,96,23,7,1,0,0,0,1,2,10,52,173,238,249,251,253,253,253,253,254,254,253,251,243,204,98,12,4,4,0,0,1,4,13,74,191,246,253,253,254,255,255,255,254,255,254,252,250,214,107,21,5,3,0,0,0,3,13,91,223,249,254,255,255,255,255,255,255,255,254,252,251,224,142,51,7,1,0,0,0,5,22,104,229,252,254,255,255,255,255,255,255,255,255,254,253,245,202,93,9,0,0,0,3,9,53,153,237,252,254,255,255,255,255,255,255,255,255,254,253,248,205,92,10,0,0,0,7,10,84,207,246,253,254,255,255,255,255,255,255,255,254,253,252,247,203,87,11,0,0,0,5,11,88,213,250,252,253,255,255,255,255,255,255,255,254,253,251,245,198,81,10,0,0,0,0,10,89,214,248,252,254,255,255,255,255,255,255,255,254,252,250,238,181,67,7,0,0,0,1,7,81,203,240,251,254,255,255,255,255,255,255,255,254,253,248,230,158,50,5,0,0,0,0,5,15,91,206,245,253,254,255,255,255,255,255,255,253,252,247,195,101,27,5,0,0,0,0,1,5,19,121,239,252,254,254,254,254,253,253,254,254,251,239,155,49,11,5,0,0,0,0,2,1,10,89,206,243,249,251,252,253,251,250,251,248,239,187,93,24,5,3,0,0,0,0,3,3,7,30,113,194,207,215,235,248,250,250,245,198,150,88,29,7,3,2,0,0,0,0,3,5,3,8,39,80,87,101,170,214,223,227,218,119,28,12,5,2,3,2,0,0,0,0,2,3,2,3,9,13,13,21,65,100,113,122,119,57,7,0,0,0,2,6,0,0,0,0,0,0,0,0,0,0,1,3,6,10,13,16,12,7,2,0,0,0,0,0,0,0,0,0,0,0,0,0,0,0,0,0,0,0,0,0,0,0,0,0,0,0,0,0,0,0,1
0,0,0,0,0,0,0,0,0,0,0,6,10,3,0,0,0,0,0,0,0,0,0,0,0,0,0,1,2,6,8,12,50,71,92,97,99,75,22,14,8,2,0,0,0,0,0,0,0,0,0,0,3,13,56,62,145,172,203,202,193,182,146,140,64,11,2,0,0,0,0,0,0,0,0,2,4,18,128,166,218,234,246,246,241,239,233,225,154,51,15,10,2,0,0,0,0,0,1,3,10,32,139,230,247,252,253,253,253,251,251,239,209,158,58,9,2,1,0,0,0,0,6,5,39,108,185,240,252,254,254,254,254,252,252,249,243,212,90,15,6,1,0,0,0,1,7,11,74,205,242,250,252,254,255,254,254,253,253,253,250,226,146,50,10,3,0,0,0,0,4,26,130,230,251,254,254,254,255,255,254,254,254,254,251,232,195,121,36,4,0,0,0,0,6,41,203,245,252,254,255,255,255,255,255,255,255,254,253,246,213,105,19,4,0,0,0,0,7,84,217,249,252,254,255,255,255,255,255,255,255,254,253,246,209,98,12,4,0,0,3,2,10,83,223,247,252,254,255,255,255,255,255,255,255,254,252,234,152,46,11,2,0,0,3,5,11,89,193,243,252,254,255,255,255,255,255,255,254,254,252,241,204,106,15,2,0,0,0,3,10,71,179,243,252,254,255,255,255,255,255,255,254,252,251,238,196,120,12,2,1,0,0,2,6,27,175,245,252,254,255,255,255,255,255,255,254,252,251,237,158,31,9,6,2,0,0,1,3,31,164,242,253,253,254,254,255,255,255,255,254,252,247,227,146,13,2,2,1,0,0,2,2,17,92,226,247,251,250,252,254,254,254,255,254,250,241,182,36,7,0,2,1,0,0,3,1,5,30,118,205,247,252,253,254,254,254,254,251,240,213,124,13,1,1,1,0,0,0,4,2,1,9,64,128,229,244,245,245,246,249,250,240,187,54,22,8,1,1,0,0,0,0,1,1,2,5,16,35,124,154,209,160,172,228,228,187,66,15,2,3,1,0,0,0,0,0,1,4,3,2,3,9,24,45,101,66,62,89,76,40,15,6,4,2,1,2,0,0,0,0,0,1,1,3,5,4,6,9,14,14,13,14,11,7,3,6,5,5,0,0,0,0,0,0,0,0,0,0,1,2,2,2,2,2,3,3,3,2,2,3,4,2,1,0,0,0,0,0,0,0,0,0,0,1,0,1,2,2,2,2,1,1,4,3,1,1,0,0,0,0,0,0,0,0,0,0,0,0,0,1,2,0,4,4,2,1,4,3,1,1,0,0,0,0,0,1
0,0,0,0,0,0,0,0,0,0,0,0,0,0,0,0,0,0,0,0,0,0,0,0,0,0,0,0,0,0,0,0,0,1,3,0,0,0,0,0,0,0,0,0,0,0,0,0,0,0,0,0,0,0,0,0,1,1,2,1,4,4,0,0,0,0,0,0,0,0,0,0,0,0,0,0,0,0,0,0,2,5,9,13,11,1,3,0,0,0,0,0,0,0,0,0,0,0,0,0,0,0,0,0,1,11,89,125,31,7,3,0,0,0,0,0,0,0,0,0,0,0,0,0,0,0,0,0,5,25,160,219,127,16,1,0,0,0,0,0,0,0,0,0,0,0,0,0,0,0,0,1,12,93,206,236,212,29,4,0,0,0,0,0,0,0,0,0,1,0,0,0,0,0,0,5,34,155,237,245,235,117,14,0,0,0,0,0,0,0,0,0,2,2,2,0,1,0,4,25,106,207,247,253,246,210,37,6,1,1,0,0,1,0,0,0,0,6,0,1,3,0,9,77,189,241,250,250,252,235,124,26,6,3,1,2,3,0,0,0,1,1,0,1,1,3,24,121,226,247,252,251,252,246,217,96,13,2,0,2,0,0,0,0,1,1,0,1,0,7,76,195,240,252,253,253,253,252,241,170,26,4,2,1,1,1,0,0,0,2,4,1,3,19,106,230,248,251,254,254,253,250,250,220,111,17,5,1,1,1,0,0,4,1,1,1,9,71,204,244,252,252,253,254,253,253,251,245,199,80,10,3,0,0,0,0,3,2,2,4,25,112,236,252,252,252,253,254,253,249,253,249,230,124,18,5,0,1,0,0,1,2,2,18,89,204,246,253,253,253,254,252,253,251,253,251,242,194,75,12,4,1,0,0,2,3,6,48,179,239,250,252,252,253,253,253,252,252,252,252,249,228,169,46,6,1,0,0,2,5,16,92,212,229,237,238,240,241,243,244,244,244,244,244,243,238,210,85,12,2,0,0,3,3,21,116,158,166,168,171,173,176,179,181,183,183,184,184,186,192,174,120,18,1,0,0,1,3,11,42,46,49,50,52,53,54,56,58,58,60,61,62,63,66,62,53,13,2,0,0,3,0,3,5,6,6,5,7,6,6,6,6,5,6,7,7,7,7,9,8,5,6,0,0,2,1,0,4,4,4,0,0,0,0,0,0,0,0,1,4,1,1,1,5,6,1,0,0,1,0,0,0,0,1,1,0,0,1,1,1,1,1,1,0,1,0,2,1,1,5,0,0,0,0,0,0,0,0,0,0,0,0,0,0,0,0,0,0,0,0,0,0,0,0,0,0,0
0,0,0,0,5,5,7,1,0,2,1,1,0,0,0,0,0,0,0,0,0,0,0,0,0,0,0,0,0,3,6,6,2,0,1,2,1,0,0,0,0,0,0,0,0,0,0,0,0,0,0,0,0,10,32,33,18,8,1,1,0,0,0,0,0,0,0,0,1,0,0,0,0,0,0,1,1,20,184,220,175,46,23,12,3,0,0,0,0,0,1,1,2,0,0,0,0,0,0,0,2,27,201,240,236,220,207,88,32,25,16,8,1,1,0,1,0,1,0,0,0,0,0,0,4,29,201,233,248,251,245,228,217,211,165,34,20,13,3,1,3,3,0,0,0,0,0,0,4,26,135,236,248,252,252,253,252,250,236,215,198,82,28,17,10,1,1,0,0,0,1,1,3,16,96,226,250,253,251,253,253,253,253,251,242,219,199,186,32,18,6,0,0,1,3,0,6,11,108,224,249,252,251,253,253,254,254,253,251,250,231,220,175,107,6,0,0,0,0,0,0,5,38,177,248,249,254,254,254,254,252,253,249,245,231,146,32,16,5,0,0,1,1,3,0,1,22,176,245,253,254,254,254,253,252,252,240,164,138,27,8,0,0,0,0,3,0,2,3,4,26,175,246,252,254,253,254,251,250,241,216,35,14,9,1,1,0,0,0,0,0,1,1,0,17,182,239,253,253,253,253,245,233,207,95,13,2,0,2,2,0,0,0,0,0,0,0,0,9,40,230,250,248,250,248,225,106,64,15,4,0,2,2,2,0,0,0,0,0,0,0,0,3,47,213,251,253,251,236,203,45,8,2,0,0,1,2,1,0,0,0,0,0,0,0,0,4,60,218,245,241,218,203,57,12,1,1,4,0,0,1,0,0,0,0,0,0,0,0,0,4,49,170,229,194,77,22,10,2,3,0,0,0,4,3,0,0,0,0,0,0,0,0,0,2,17,119,212,91,17,4,0,0,0,0,1,2,2,3,0,0,0,0,0,0,0,0,0,2,11,71,116,44,5,0,0,0,0,0,0,0,0,0,0,0,0,0,0,0,0,1,4,4,5,8,10,9,2,0,0,0,0,0,0,0,0,0,0,0,0,0,0,0,0,2,4,3,1,1,1,1,1,0,0,0,0,0,0,0,0,0,0,0,0,0,0,0,0,0,0,1,0,1,1,0,0,0,0,0,0,0,0,0,0,0,0,0,0,0,0,0,0,0,0,0,0,0,0,0,0,0,0,0,0,0,0,0,0,0,0,0,0,0,0,0,0,0,0,0,0,0,0,0,0,0,0,0,0,0,0,0,0,0,0,0,0,0
0,0,0,0,0,0,0,0,8,2,0,0,0,0,0,0,0,0,0,0,0,0,0,0,0,0,0,0,0,0,0,0,2,6,24,89,89,27,5,1,0,0,0,0,0,0,0,0,0,0,0,0,0,0,0,0,0,12,99,188,177,56,10,0,0,0,0,0,0,0,0,0,0,0,0,0,0,0,0,0,4,30,166,230,214,117,20,2,0,0,0,0,0,0,0,0,0,0,0,0,0,0,0,0,8,97,202,241,239,191,40,9,3,0,0,0,0,0,0,0,0,0,0,0,0,0,0,1,14,104,218,249,250,224,130,74,20,8,1,1,1,0,0,0,0,4,2,0,1,2,1,7,29,132,227,251,250,246,236,191,79,19,2,2,1,0,0,0,0,2,3,2,2,3,5,28,111,216,245,251,250,251,249,226,147,40,7,1,1,0,0,0,0,0,2,1,1,2,8,55,203,244,252,252,253,253,250,239,188,90,20,2,1,1,0,0,0,1,0,2,2,1,16,109,237,251,253,253,254,254,253,248,231,154,45,7,1,3,0,0,0,2,1,4,3,6,45,219,247,253,251,253,254,254,252,248,246,221,125,17,3,0,0,0,0,0,1,2,5,27,117,235,253,251,252,253,254,253,251,252,251,243,165,49,8,2,0,0,0,0,3,5,16,98,205,240,253,252,251,253,254,253,253,251,253,249,218,133,36,5,0,0,0,0,3,7,31,133,233,249,253,253,252,253,253,253,253,251,253,252,245,203,101,12,0,0,0,2,6,25,96,189,243,253,253,253,253,253,253,254,253,253,253,251,245,229,159,36,11,0,0,4,23,86,171,228,248,252,252,253,253,253,253,253,252,251,248,238,223,212,187,138,104,0,0,4,49,148,211,237,250,251,249,247,246,244,242,239,236,231,225,188,123,108,97,83,58,0,0,5,37,110,197,241,248,236,213,202,194,185,176,167,156,145,131,92,34,24,19,15,9,0,0,5,59,147,204,228,228,161,78,68,63,59,54,50,45,40,34,21,7,3,4,3,3,0,0,6,55,100,112,111,99,54,15,7,7,6,6,5,4,4,4,2,1,2,4,4,3,0,0,4,20,30,31,28,21,10,4,2,1,1,0,0,0,0,0,1,0,1,1,1,0,0,0,2,5,6,5,4,2,2,2,2,1,1,0,0,0,0,0,1,0,0,0,0,0,0,0,3,6,4,2,1,1,1,1,2,1,1,1,1,1,1,1,0,0,0,0,0,0,0,0,6,7,4,1,1,1,0,0,0,0,0,0,0,0,0,0,0,0,0,0,0,0,0,0
0,0,0,0,0,0,0,0,0,0,0,0,0,0,0,0,0,0,0,0,0,0,0,0,0,0,0,0,0,0,0,0,0,0,0,2,4,10,6,3,1,0,0,0,0,0,0,0,0,0,0,0,0,0,1,2,2,2,1,2,3,5,4,4,5,2,0,0,0,0,0,0,0,0,0,0,0,2,3,3,3,3,3,1,1,3,2,6,3,0,3,0,0,0,0,0,0,0,0,0,1,3,4,5,7,11,11,14,16,13,8,3,2,0,0,0,0,0,0,0,0,0,0,3,4,5,10,18,51,55,99,123,122,127,44,11,4,1,1,3,0,0,0,0,0,0,1,5,6,13,55,129,164,176,206,222,223,220,161,50,19,10,2,8,0,0,0,0,0,1,3,8,10,49,163,233,241,246,249,250,251,249,232,175,158,37,10,1,0,0,0,0,0,3,5,11,79,129,236,250,252,254,254,254,253,251,249,242,206,172,29,4,1,0,0,0,1,5,13,19,90,213,247,251,253,254,254,254,253,253,253,251,247,201,53,11,1,0,0,0,2,7,18,103,171,242,252,253,254,254,255,255,254,254,254,252,250,238,184,26,4,1,1,0,0,4,21,154,237,248,252,254,254,255,255,255,255,255,254,253,252,245,190,33,3,1,3,0,2,2,21,154,238,252,254,255,255,255,255,255,255,255,255,252,250,239,161,27,7,1,1,0,0,1,20,151,236,251,254,255,255,255,255,255,255,255,255,253,252,239,91,22,6,1,2,0,0,6,16,139,201,247,254,254,254,255,255,255,255,255,255,254,252,238,168,27,2,1,2,0,0,1,8,35,189,243,253,254,254,255,255,255,255,254,254,253,250,234,127,21,2,2,5,0,0,2,6,22,154,237,252,251,254,255,255,254,254,253,252,253,243,165,40,6,1,3,2,0,0,2,3,11,105,210,245,250,253,254,254,254,253,251,251,249,230,70,12,2,1,3,0,0,0,1,1,5,23,155,218,227,249,253,254,253,251,246,241,230,141,35,4,3,4,2,0,0,0,0,0,0,10,69,102,185,216,242,246,240,215,202,155,97,40,9,5,3,2,1,0,0,0,0,0,1,4,8,17,66,86,188,191,155,81,68,43,15,7,3,2,1,0,0,0,0,0,0,0,0,1,2,3,6,16,45,50,38,16,9,4,4,2,2,0,0,0,0,0,0,0,0,0,0,0,4,2,7,4,7,5,5,2,1,2,1,0,0,0,0,0,0,0,0,0,0,0,0,0,0,5,6,1,2,0,1,2,3,1,1,0,0,0,0,0,0,0,0,1
0,0,0,0,0,1,0,0,0,0,0,0,0,0,0,0,0,0,0,0,0,0,0,0,0,0,0,4,3,2,2,2,3,2,1,1,3,5,4,0,1,0,0,0,0,0,0,0,0,1,3,6,5,2,1,3,2,6,12,12,15,16,15,10,6,4,2,3,2,2,4,0,0,2,4,4,3,1,2,9,15,17,31,96,122,116,106,90,51,14,8,6,2,2,2,0,0,2,4,3,3,4,10,39,116,126,131,185,214,214,208,195,135,61,28,11,5,1,2,3,0,3,3,4,6,12,43,122,211,224,224,237,246,248,248,243,211,168,94,27,7,1,2,3,0,3,2,4,10,40,115,212,241,250,252,252,252,251,252,252,249,240,179,76,16,5,1,0,0,0,2,2,12,88,200,241,252,253,254,254,254,252,252,253,252,250,238,156,54,11,2,0,0,0,3,5,13,91,212,250,253,254,254,254,254,254,254,254,252,253,247,219,100,14,5,0,0,1,1,6,22,100,214,250,251,254,255,255,255,255,255,255,254,254,251,217,97,14,1,0,0,5,3,8,74,174,235,252,252,254,255,255,255,255,255,255,255,254,251,217,105,25,7,0,0,1,5,11,92,203,246,253,254,255,255,255,255,255,255,255,255,254,251,235,169,45,3,0,0,0,3,12,92,206,248,252,254,255,255,255,255,255,255,255,255,254,252,245,183,37,2,0,0,0,1,11,90,205,248,252,254,255,255,255,255,255,255,255,254,253,252,245,177,23,1,0,0,0,0,9,85,199,245,251,253,255,255,255,255,255,255,255,254,253,251,241,168,22,1,0,0,0,0,6,58,163,229,246,252,254,255,255,255,255,255,255,254,253,248,226,141,15,1,0,0,0,2,5,12,65,177,238,252,254,254,254,255,255,255,255,254,253,245,174,54,8,0,0,0,0,2,2,6,18,81,211,249,251,253,253,252,254,254,254,254,249,233,136,16,2,0,0,0,0,0,1,3,8,51,167,236,249,251,251,251,252,252,250,245,230,147,40,8,1,0,0,0,0,0,2,2,4,19,70,173,198,234,245,246,244,231,205,198,140,49,9,4,4,0,0,0,0,1,4,3,2,4,18,56,80,161,184,186,184,152,81,70,41,11,3,3,4,0,0,0,0,2,2,4,3,2,3,6,17,44,56,58,56,41,17,9,6,3,1,5,1,0,0,0,0,0,2,3,4,4,1,3,4,5,8,10,8,3,3,2,2,1,1,2,2,0,0,0,0,0,3,1,0,0,1,9,2,9,5,2,3,2,3,5,5,5,2,2,4,0,0,1
0,0,0,0,0,0,0,0,0,0,0,0,0,0,0,0,0,0,0,0,0,0,0,0,0,0,0,0,0,0,0,0,0,0,0,0,0,0,0,0,0,0,0,0,0,0,0,0,0,0,0,0,0,2,1,0,6,4,1,1,0,0,0,0,0,0,0,0,0,0,0,0,0,0,0,0,0,2,0,1,1,1,1,0,0,0,0,0,0,0,0,0,0,0,0,1,0,0,0,4,2,1,4,5,4,8,6,4,0,0,0,0,0,0,1,1,2,2,1,7,0,0,0,1,5,3,7,24,43,51,48,21,9,8,8,6,2,0,0,1,2,5,1,2,0,0,3,3,1,3,11,100,173,193,189,95,74,76,79,67,19,13,14,12,8,2,1,0,0,0,1,0,0,1,15,127,220,245,242,216,207,207,208,185,115,113,118,115,33,8,3,0,0,0,0,0,0,0,15,125,224,251,252,251,250,250,249,241,226,224,226,216,128,14,2,0,0,0,0,0,0,2,19,128,226,252,254,254,254,254,254,253,252,252,251,241,183,20,1,0,0,0,0,0,0,6,63,173,238,253,255,255,255,255,255,254,254,254,252,233,149,15,1,0,0,0,0,0,0,11,107,214,249,254,255,255,255,255,255,255,255,255,251,198,32,6,0,0,0,0,0,0,0,13,108,217,251,255,255,255,255,255,255,255,255,255,249,189,25,0,0,0,0,0,0,0,0,12,105,216,251,255,255,255,255,255,255,255,255,255,249,188,24,0,0,0,0,0,0,0,3,19,110,221,252,255,255,255,255,255,255,255,255,253,239,173,16,0,0,0,0,0,0,0,7,82,200,244,253,254,255,255,255,255,255,255,255,251,201,34,7,0,0,0,0,0,0,1,10,85,207,249,253,254,254,255,255,255,255,254,254,248,190,25,0,0,0,0,0,0,2,2,10,79,202,244,248,250,252,253,253,252,253,253,253,247,187,24,0,0,0,0,0,0,5,3,7,62,168,197,196,197,224,235,231,227,231,245,247,233,175,17,1,0,0,0,0,0,1,3,5,23,45,40,26,30,115,134,119,103,121,192,191,157,25,10,2,1,0,0,0,0,2,0,2,5,7,4,1,5,10,15,14,13,20,21,25,18,8,3,2,0,0,0,0,0,1,1,2,6,1,0,0,0,0,0,0,0,1,2,2,1,2,1,1,0,0,0,0,0,0,0,0,0,1,0,0,0,0,0,0,0,0,0,0,0,0,0,0,0,0,0,0,0,0,0,0,0,0,0,0,0,0,0,0,0,0,0,0,0,0,0,0,0,0,0,3
0,0,0,0,0,0,0,0,0,0,0,3,0,0,0,0,0,0,0,0,0,0,0,0,0,0,0,0,0,0,0,0,0,0,0,1,2,0,1,0,2,0,0,1,2,2,1,0,0,0,0,0,0,0,0,0,0,0,0,0,0,1,4,1,5,2,6,23,37,42,27,0,0,0,0,0,0,0,0,0,0,0,0,0,0,2,3,2,5,9,27,101,166,217,205,0,0,0,0,1,0,0,0,0,0,0,1,0,2,3,3,5,17,56,112,194,233,241,208,0,0,0,0,1,1,1,0,0,1,0,0,2,2,3,5,13,61,159,224,232,224,197,135,0,0,0,0,1,2,2,1,0,2,3,1,2,2,7,31,59,151,223,235,192,150,65,17,0,0,0,0,1,3,1,1,0,2,6,3,1,5,30,102,154,219,238,200,109,52,14,2,0,0,0,0,0,1,1,1,0,4,3,4,9,28,94,186,225,241,214,127,38,8,3,0,0,0,0,0,0,1,5,3,1,4,1,10,53,139,195,226,236,221,145,48,10,2,0,2,0,0,0,1,0,2,5,2,5,7,15,41,148,224,234,199,168,105,54,10,4,2,1,2,0,0,0,1,0,3,1,1,6,22,109,148,223,241,205,107,56,18,10,3,3,3,0,1,0,0,0,1,4,1,2,6,15,102,201,230,241,217,124,34,7,5,3,2,5,2,0,0,0,0,0,0,1,2,9,21,89,187,238,244,230,146,45,8,2,2,5,1,2,1,0,0,0,0,0,1,8,11,54,148,211,229,206,225,160,56,12,2,3,6,3,0,0,0,3,1,0,0,0,5,28,90,147,219,240,205,111,83,39,13,4,2,2,5,1,0,1,2,3,0,0,0,3,18,101,190,221,239,213,124,33,14,7,2,3,1,0,2,1,0,1,1,2,0,0,0,9,75,194,242,245,221,139,45,11,4,4,3,2,1,0,0,0,0,0,0,1,0,0,0,17,151,230,243,227,160,57,12,7,2,1,4,0,1,0,0,0,0,0,0,0,0,0,0,14,170,196,157,162,69,15,6,3,1,3,2,0,0,0,0,0,0,0,0,0,0,0,0,8,27,107,32,20,12,4,6,1,5,0,1,1,0,0,0,0,0,0,0,0,0,0,0,0,12,5,6,4,3,6,3,1,0,0,2,3,0,0,0,0,0,0,0,0,0,0,0,0,0,0,0,0,2,2,4,0,0,3,3,1,0,0,0,0,0,0,0,0,0,0,0,0,0,0,0,0,0,0,0,1,0,0,0,2,1,0,0,0,0,0,0,0,0,0,2
0,0,0,0,0,0,0,0,7,2,8,2,3,3,203,253,238,151,0,0,0,0,0,0,0,0,0,0,0,0,0,2,1,1,3,1,7,83,227,248,223,126,11,1,0,0,0,0,0,0,0,0,0,0,4,0,0,6,3,2,15,104,208,243,206,29,8,0,0,0,0,0,0,0,0,3,1,5,5,1,1,2,1,8,26,192,240,215,120,21,1,1,5,0,0,0,0,0,1,1,3,5,1,1,8,1,7,15,106,210,241,196,96,9,2,4,0,1,0,0,0,0,0,1,3,0,2,6,2,1,3,19,125,239,243,116,25,5,5,1,0,0,0,0,0,0,0,0,1,0,0,1,6,0,3,23,199,226,234,179,16,4,3,5,0,0,0,0,0,0,0,0,0,0,1,1,0,0,6,34,216,247,200,91,16,2,1,3,1,2,6,0,0,0,0,0,1,1,2,1,0,2,14,135,234,241,178,69,11,5,4,6,1,2,5,2,0,0,0,0,0,1,2,4,2,1,29,157,242,239,79,20,8,1,1,1,0,5,5,0,0,0,0,0,0,0,0,0,2,5,35,216,244,188,158,11,3,5,5,1,2,1,1,0,0,0,0,0,0,3,1,3,3,27,56,233,240,167,47,12,1,5,5,4,1,0,0,0,0,0,0,1,4,5,5,1,12,47,167,240,233,56,27,3,3,1,3,0,0,0,0,0,0,1,1,2,1,5,5,3,11,158,188,244,216,35,5,2,0,0,0,0,0,0,0,0,0,5,5,0,1,1,1,8,20,79,239,242,157,29,1,2,4,2,1,0,0,0,0,0,2,5,2,1,6,4,5,11,69,178,241,234,135,14,2,0,1,2,1,1,0,0,0,0,0,6,2,1,3,1,2,16,91,200,247,216,34,6,0,0,1,1,0,0,0,0,0,0,0,0,0,0,5,3,4,16,179,234,226,199,23,3,0,6,1,0,0,1,0,0,0,0,0,0,0,0,1,5,5,25,116,243,239,125,19,3,1,2,6,2,0,3,1,0,0,0,0,0,1,0,4,2,10,99,199,243,212,105,15,7,1,8,1,1,5,3,1,1,0,0,0,0,0,5,1,1,20,126,217,239,190,25,8,1,2,1,1,5,5,1,3,0,0,0,0,0,0,0,0,13,30,205,243,205,100,18,6,3,6,0,0,4,0,0,0,0,0,0,0,0,0,0,0,11,121,223,248,227,83,10,1,3,1,1,2,0,0,0,0,0,0,0,0,0,0,0,0,0,156,239,250,199,1,1,4,5,2,7,0,0,0,0,0,0,0,0,2
0,0,0,0,0,0,0,0,0,0,0,0,0,0,0,0,0,0,0,0,0,0,0,0,0,0,0,0,0,0,0,0,2,3,1,0,0,0,0,0,0,0,0,0,0,0,0,0,0,0,0,0,0,0,0,2,5,4,1,1,0,0,0,0,0,0,0,0,0,0,0,0,0,0,0,0,0,1,1,1,4,5,2,3,1,0,0,0,0,0,0,0,3,0,0,0,0,0,0,0,1,1,3,4,8,7,6,2,0,0,0,0,0,0,0,1,4,0,0,0,0,0,0,0,0,1,5,21,44,50,32,10,2,1,0,0,0,2,1,3,4,0,0,0,0,0,0,0,1,2,11,91,199,196,110,36,23,7,1,0,2,3,2,2,2,1,1,0,0,0,0,0,2,5,32,138,226,224,151,105,90,24,8,5,8,2,1,2,2,1,1,0,0,0,0,0,0,3,38,116,183,234,235,223,157,86,56,50,12,1,1,3,3,3,1,0,0,0,0,0,0,4,43,156,232,249,250,248,242,230,170,148,24,17,18,17,5,4,2,0,0,0,0,0,0,5,44,173,245,252,249,251,253,249,238,196,101,102,88,47,13,8,4,0,0,0,0,0,0,4,49,195,247,249,248,250,252,252,250,244,238,226,193,122,79,52,30,0,0,0,0,0,1,5,52,214,246,251,253,253,253,251,252,253,252,248,244,228,184,135,63,0,0,0,0,1,3,17,59,203,243,252,254,254,254,254,251,252,253,252,251,242,232,196,124,0,0,0,0,2,1,13,84,212,249,252,253,254,254,254,251,252,253,252,251,248,243,221,141,0,0,0,2,1,0,15,165,224,250,251,252,254,254,253,253,252,252,248,239,231,181,124,48,0,0,0,1,1,0,20,128,237,251,252,253,254,253,252,252,250,241,228,181,123,62,16,8,0,0,0,0,1,1,17,167,240,252,253,252,253,253,252,241,231,193,117,69,17,8,3,0,0,0,0,0,0,1,17,113,240,253,252,252,251,240,232,209,111,76,18,8,5,2,1,0,0,0,0,0,0,3,22,130,240,251,249,239,228,211,109,81,18,7,3,1,2,2,0,0,0,0,0,0,0,8,83,188,235,243,224,208,123,71,22,7,3,0,1,1,1,1,0,0,0,0,0,0,0,14,124,194,217,209,146,57,28,8,2,0,0,1,1,0,0,0,0,0,0,0,0,0,0,11,123,185,185,42,24,11,3,1,0,0,0,0,0,0,0,0,0,0,0,0,0,0,0,0,6,4,3,2,1,0,1,1,1,0,0,0,0,0,0,0,0,0,0,0
0,0,0,0,0,0,0,0,0,228,242,245,0,0,0,0,0,0,0,0,0,0,0,0,0,0,0,1,2,10,25,156,191,231,245,240,228,160,92,7,1,1,0,0,0,0,0,0,0,0,2,9,38,63,176,231,243,249,251,252,246,208,61,10,1,2,1,0,0,0,0,0,0,5,14,61,163,222,239,248,253,253,253,253,247,163,90,9,2,3,0,0,0,0,0,0,0,14,118,184,235,248,252,253,253,253,252,253,247,214,68,10,1,1,0,0,0,0,0,0,0,33,217,241,249,252,252,253,251,253,252,252,250,216,92,19,2,1,0,3,1,0,0,0,0,210,240,252,252,253,252,251,253,253,252,251,248,219,124,33,2,2,1,1,0,0,0,0,0,215,247,251,252,252,252,252,253,254,254,253,249,220,123,33,4,1,1,1,0,0,0,0,0,186,228,245,244,253,252,252,253,254,254,254,250,228,147,42,5,1,0,0,0,0,0,0,0,131,205,182,240,249,252,251,251,253,253,253,250,236,184,56,4,0,0,0,0,0,0,0,0,16,46,142,213,235,245,252,253,253,253,250,250,241,150,34,3,0,0,0,0,0,0,0,0,2,9,29,85,133,202,234,247,251,252,250,251,241,144,33,4,0,0,0,0,0,0,0,0,3,2,5,11,20,69,158,203,227,245,250,254,243,144,54,7,0,0,0,0,0,0,0,0,2,2,3,1,4,44,56,69,131,194,235,247,242,184,63,8,1,0,0,0,0,0,0,0,1,3,3,1,4,7,9,34,23,84,173,198,233,222,74,8,2,1,0,0,0,0,0,0,1,2,1,2,2,3,2,2,6,42,64,115,192,194,60,7,3,1,0,0,0,0,0,0,0,2,3,2,1,1,0,0,1,4,15,54,90,100,32,4,2,1,0,0,0,0,0,0,0,1,3,1,0,0,0,0,0,0,3,7,17,20,12,2,1,1,1,0,0,0,0,0,0,0,3,1,0,0,0,0,0,0,1,3,3,7,5,1,1,0,0,0,0,0,0,0,0,0,0,0,0,0,0,0,0,0,1,2,2,5,3,0,1,0,0,0,0,0,0,0,0,0,0,0,0,0,0,0,0,0,0,0,2,3,1,2,0,0,0,0,0,0,0,0,0,0,0,0,0,0,0,0,0,0,0,0,1,3,0,0,0,0,0,0,0,0,0,0,0,0,0,0,0,0,0,0,0,0,0,0,0,0,0,0,0,0,0,0,0,0,0,0,0,0,0,0,0,0,0,0,0,0,0,0,0,0,0,0,0,0,0,0,0,0,0,0
0,0,0,0,0,0,0,0,0,0,0,0,0,0,0,0,0,0,0,0,0,0,0,0,0,0,0,0,0,0,0,0,0,0,0,1,2,6,3,3,9,48,164,201,38,3,0,0,0,0,0,0,0,0,0,0,0,1,0,1,3,5,5,9,42,117,213,231,75,14,1,0,0,0,0,0,0,1,1,1,2,2,0,0,3,4,6,32,104,187,234,230,184,37,2,0,0,0,0,0,0,1,2,2,2,1,2,2,2,3,9,39,120,201,228,197,115,27,2,0,0,0,0,0,0,0,1,2,2,1,3,4,3,5,16,85,194,235,205,123,38,6,0,0,0,0,0,0,0,0,0,1,1,1,5,2,2,9,37,121,232,244,192,84,15,1,0,0,0,0,0,0,0,0,0,0,0,1,5,2,4,20,72,149,237,233,177,75,11,1,0,0,0,0,0,0,0,0,0,1,1,1,3,1,10,49,133,213,235,191,105,35,7,3,1,0,0,0,0,0,0,0,0,0,2,2,1,1,14,123,204,240,229,162,71,18,3,1,2,0,0,0,0,0,0,0,0,0,1,2,2,3,21,158,227,245,210,92,24,8,3,3,3,0,0,0,0,0,0,0,1,3,3,2,4,15,68,166,235,230,164,23,6,5,3,3,2,0,0,0,0,0,0,0,2,4,5,3,14,60,149,218,230,184,93,14,3,3,5,1,0,1,0,0,1,1,1,0,1,4,3,3,19,113,213,240,221,152,62,8,3,5,4,1,0,0,0,1,2,2,1,2,1,4,3,7,30,126,227,240,167,71,17,4,3,4,3,2,1,0,0,0,2,2,0,3,5,2,9,22,78,175,240,220,108,25,5,1,2,0,0,0,0,0,0,0,0,0,1,3,1,2,15,68,137,213,236,195,95,19,2,2,2,1,0,0,0,0,0,0,0,0,1,3,2,4,17,122,186,226,208,133,47,9,2,2,1,1,0,0,0,0,0,0,0,0,1,2,3,7,32,178,232,229,145,58,12,5,3,2,0,0,0,0,0,0,0,0,0,1,2,2,3,22,96,215,244,218,171,46,5,2,3,3,1,0,0,0,0,0,0,0,0,0,1,1,8,40,118,220,239,195,108,18,5,3,4,2,1,0,0,0,0,0,0,0,0,0,0,4,32,107,181,218,185,104,36,8,2,0,2,0,0,0,0,0,0,0,0,0,0,0,0,3,46,144,193,34,21,13,5,1,0,0,0,0,0,0,0,0,0,0,0,0,0,0,0,0,0,0,0,0,0,0,0,0,0,0,0,0,0,0,0,0,0,0,2
0,0,0,0,0,0,0,0,2,0,1,5,5,4,6,2,0,0,0,0,0,0,0,0,0,0,0,0,0,1,4,4,4,0,0,1,1,3,2,1,0,0,0,0,0,0,0,0,0,0,0,0,1,5,8,6,2,0,0,2,1,2,0,0,1,1,0,0,0,0,0,0,0,0,1,1,4,2,3,6,5,1,1,6,4,2,0,1,1,1,0,0,0,0,0,0,0,12,17,15,7,5,1,5,4,3,1,4,6,4,2,1,2,1,1,1,2,1,0,0,40,126,132,63,65,15,9,4,7,4,2,1,4,4,3,3,2,0,0,1,4,2,0,0,211,217,214,162,160,91,30,36,30,12,5,4,4,2,2,2,3,1,2,5,6,2,0,0,250,241,244,242,225,218,178,180,108,51,48,19,10,5,3,2,2,1,4,9,5,6,0,0,130,206,210,242,246,244,238,241,203,136,192,133,57,45,21,14,5,1,3,2,3,1,1,0,39,111,182,187,216,185,227,247,245,242,241,216,161,165,79,84,28,18,9,5,1,5,5,3,1,17,40,34,93,91,163,218,223,237,242,244,235,238,231,181,178,108,116,27,14,15,13,3,1,4,6,6,8,17,68,139,65,152,210,213,240,249,249,246,236,209,205,140,69,135,69,76,1,1,1,2,2,4,12,12,16,31,119,116,186,184,234,240,231,244,241,235,220,213,160,76,0,3,3,3,2,5,3,2,7,7,14,19,32,86,85,167,164,217,241,245,244,243,223,177,1,1,3,3,6,2,2,1,4,3,5,3,6,18,24,52,64,133,192,139,206,209,235,254,3,1,1,1,2,6,7,4,1,6,2,5,3,3,4,6,10,18,50,52,109,182,180,238,0,0,0,0,1,2,7,2,3,1,4,8,3,1,2,1,1,4,6,10,26,32,34,88,0,0,0,1,2,1,1,1,0,3,4,4,1,2,2,2,2,3,4,4,4,5,6,2,0,0,1,4,3,3,3,0,1,2,2,0,0,1,2,2,4,6,2,1,3,7,5,2,0,0,1,2,3,2,2,0,0,0,0,0,0,1,1,1,2,5,3,3,4,2,7,1,0,0,0,2,2,0,0,0,0,0,0,0,0,1,1,0,0,1,1,6,1,3,7,0,0,0,0,1,1,0,0,0,0,0,0,0,0,0,0,1,2,2,0,0,0,0,0,0,0,0,0,0,0,0,0,0,0,0,0,0,0,0,1,4,4,4,0,0,0,0,0,0,0,0,0,0,0,0,0,0,0,0,0,0,0,0,0,2,0,0,0,0,0,0,0,0,2
0,0,0,0,0,0,0,0,0,0,0,1,1,1,1,1,0,2,2,0,0,3,0,0,0,0,0,1,2,0,0,0,0,0,0,0,0,0,0,2,3,4,2,2,0,2,0,0,2,1,0,4,5,0,1,0,0,0,0,0,0,2,6,12,16,17,15,9,5,1,0,0,4,1,0,1,2,3,1,4,8,11,11,12,13,18,62,111,121,123,91,29,6,2,0,0,2,2,3,5,9,13,12,27,83,96,101,106,111,119,174,232,237,230,166,54,7,1,0,0,1,3,7,34,74,85,91,114,209,223,229,235,237,240,245,251,251,243,180,64,8,1,0,0,2,2,9,80,183,208,217,229,247,253,253,253,254,254,254,253,253,247,189,75,12,1,0,0,1,2,11,96,216,244,250,252,253,254,254,254,254,254,254,255,254,251,220,138,45,4,0,0,0,1,8,83,203,243,251,253,254,255,255,255,255,255,255,255,255,254,245,188,74,7,0,0,0,0,3,20,101,219,251,254,255,255,255,255,255,255,255,255,255,255,248,197,83,9,0,0,0,0,0,9,88,208,250,255,255,255,255,255,255,255,255,255,255,255,249,202,89,9,0,0,0,0,0,8,82,202,249,255,255,255,255,255,255,255,255,255,255,255,250,207,95,10,0,0,0,0,0,8,77,196,248,255,255,255,255,255,255,255,255,255,255,255,250,213,103,13,1,0,0,0,0,7,72,190,248,255,255,255,255,255,255,255,255,255,255,255,252,225,132,37,5,0,0,0,0,5,63,178,242,253,255,255,255,255,255,255,255,255,254,254,253,246,210,100,10,2,0,0,0,3,31,111,206,250,255,255,255,255,255,254,254,254,254,254,253,250,221,113,14,3,0,0,0,1,9,65,179,246,254,254,254,254,254,254,254,252,251,249,248,243,220,116,13,3,0,0,0,0,6,56,169,244,253,253,253,252,251,251,250,244,213,200,193,187,169,89,11,4,0,0,0,1,7,52,162,240,247,240,227,219,215,209,205,192,109,81,74,68,59,31,7,6,0,0,4,2,5,43,146,220,220,169,115,104,98,92,86,74,27,10,9,10,8,5,3,0,0,0,5,3,4,23,75,114,108,64,18,12,11,11,10,7,3,0,0,1,1,1,0,0,0,0,0,1,4,6,11,15,14,8,3,1,0,0,0,0,0,0,0,0,0,0,0,0,0,0,0,1,1,2,2,3,6,4,0,0,0,0,0,0,0,0,0,0,0,0,0,0,0,0,0,0,0,0,0,0,0,0,0,0,0,0,0,0,0,0,0,0,0,0,0,0,3
0,0,0,1,1,3,2,1,5,6,5,0,3,2,0,0,0,0,0,0,0,0,0,0,0,0,2,0,1,9,3,0,1,2,1,2,2,3,3,3,3,1,0,1,0,0,0,0,0,0,1,2,5,2,1,0,3,3,5,1,1,3,6,3,7,6,3,2,4,3,0,2,0,0,1,1,6,8,2,5,9,22,20,21,18,25,21,14,1,2,4,6,1,1,1,1,0,3,0,6,2,4,9,17,40,163,213,50,138,217,215,41,27,17,8,2,2,6,5,1,0,0,1,2,1,10,25,165,228,240,241,240,239,248,244,234,221,151,25,7,1,1,3,4,0,2,2,3,9,23,178,238,252,254,254,254,254,251,249,254,251,238,163,21,0,2,4,10,0,0,3,0,16,176,198,248,254,255,254,254,254,253,253,253,254,252,229,35,9,1,2,9,0,4,1,9,36,195,246,249,254,255,255,255,255,255,255,255,253,252,239,170,17,8,4,5,0,9,2,16,179,239,251,253,254,255,255,255,255,255,255,255,254,254,249,191,36,10,7,0,3,6,2,24,188,247,251,252,254,255,255,255,255,255,255,255,254,253,248,237,179,17,1,0,0,6,2,20,176,236,251,254,255,255,255,255,255,255,255,255,255,253,248,247,196,25,0,1,8,1,5,23,53,200,249,254,255,255,255,255,255,255,255,255,255,253,253,247,198,29,1,0,0,1,3,19,172,237,251,254,255,255,255,255,255,255,255,255,255,254,251,250,197,26,1,1,4,4,8,18,174,240,253,254,254,255,255,255,255,255,255,254,254,254,252,237,187,17,4,0,4,2,1,19,37,228,250,251,252,255,255,255,255,255,255,253,251,252,241,194,29,10,10,0,0,0,4,2,21,164,237,251,254,254,254,254,254,254,255,254,254,251,198,43,13,3,6,0,0,1,1,7,10,25,163,238,250,254,250,251,254,254,254,254,251,244,188,26,5,6,1,0,0,2,2,1,10,8,23,143,230,245,252,247,249,251,251,239,227,181,171,25,2,3,0,0,1,6,2,3,1,8,9,17,37,215,225,218,156,222,223,168,36,26,18,17,2,6,0,0,1,0,0,0,1,1,4,2,11,22,30,27,31,35,28,17,8,2,5,2,5,1,0,0,0,1,1,1,1,4,3,6,7,4,6,4,2,11,7,2,4,2,1,2,7,1,0,0,0,0,0,0,0,2,1,1,4,2,4,4,6,1,3,3,1,1,4,12,1,3,0,0,0,0,0,0,0,0,0,0,0,4,0,3,5,4,1,4,1,0,0,0,0,0,0,0,1
0,0,0,0,0,1,0,1,113,237,242,242,0,0,0,0,0,0,0,0,0,0,0,0,0,0,0,0,2,2,2,56,170,237,248,238,225,212,205,115,98,61,18,9,4,1,0,0,0,0,0,1,2,2,4,17,122,230,249,252,250,250,245,234,225,189,119,99,41,16,9,0,0,0,0,1,1,2,1,10,56,175,250,253,253,253,253,252,249,243,233,222,167,126,101,0,0,0,0,1,2,2,2,9,104,215,247,253,252,254,253,253,253,251,251,247,244,238,201,0,0,0,1,1,2,2,1,9,63,184,246,252,253,253,254,253,252,252,252,251,249,241,202,0,0,0,2,2,0,1,0,9,73,186,245,251,252,253,254,253,249,253,252,248,229,210,184,0,0,0,3,4,0,0,0,9,116,219,245,251,253,254,254,253,252,253,249,236,204,94,20,0,0,1,1,1,2,1,0,11,75,188,242,252,254,254,253,251,253,250,233,190,112,24,4,0,0,0,1,1,0,0,0,11,102,202,242,252,254,254,253,252,248,236,180,71,16,8,3,0,0,0,0,0,0,0,1,9,91,197,243,251,251,253,253,253,234,125,77,16,3,2,1,0,0,0,0,0,0,0,0,4,31,147,236,251,251,252,250,244,208,31,7,5,3,1,1,0,0,0,0,0,0,0,0,0,21,153,240,253,253,246,235,174,114,15,2,0,2,1,1,0,0,0,0,0,0,0,0,1,16,142,233,252,251,235,97,48,26,9,3,1,1,2,1,1,0,0,0,0,0,0,0,1,17,87,204,233,233,198,51,6,2,1,3,0,2,2,0,0,0,0,0,0,0,0,0,2,15,146,224,219,92,58,20,2,0,0,0,0,1,2,0,0,0,0,0,0,0,0,2,1,16,125,212,161,49,7,2,0,0,0,0,0,0,3,0,0,0,0,0,0,0,0,3,4,12,108,167,70,12,2,0,0,0,0,0,0,0,0,0,0,0,0,0,0,0,0,2,2,6,23,21,11,4,2,0,0,0,0,0,0,0,0,0,0,0,0,0,0,0,0,1,2,2,3,7,3,5,2,0,0,0,0,0,0,0,0,0,0,0,0,0,0,1,0,1,2,2,1,4,5,3,0,0,0,0,0,0,0,0,0,0,0,0,0,0,0,0,0,0,1,0,1,4,3,0,0,0,0,0,0,0,0,0,0,0,0,0,0,0,0,0,0,0,0,0,3,1,2,0,0,0,0,0,0,0,0,0,0,0,0,0,0,0,0,0,0,0,0,0,0,0,0,0,0,0,0,0,0,0,0,0,0,0,0,0
0,0,6,5,1,3,47,191,191,191,131,0,0,0,0,0,0,0,0,0,0,0,0,0,0,0,4,0,1,9,72,220,240,239,212,168,161,157,108,25,18,18,16,10,4,0,0,0,0,0,0,0,0,8,73,229,250,252,248,240,238,234,202,157,150,149,145,100,18,5,5,0,0,0,0,0,0,6,72,229,253,253,253,254,254,252,244,236,233,232,226,185,89,10,3,1,0,0,0,0,1,14,79,237,254,254,254,254,254,254,253,253,253,252,248,227,124,14,2,1,0,0,0,0,2,44,199,245,255,255,254,254,254,254,254,254,254,253,246,228,113,12,1,0,0,0,0,0,3,53,226,253,255,255,255,255,255,255,254,254,254,253,241,149,46,7,0,0,0,0,0,0,3,51,227,255,255,255,255,255,255,255,255,255,255,254,235,94,13,1,0,0,0,0,0,0,12,57,236,255,255,255,255,255,255,255,255,255,255,255,231,77,7,0,0,0,0,0,0,0,21,215,245,255,255,255,255,255,255,255,255,255,255,255,229,63,5,0,0,0,0,0,0,0,30,224,254,255,255,255,255,255,255,255,255,255,255,247,219,41,2,0,0,0,0,0,0,3,32,227,254,255,255,255,255,255,255,255,255,255,255,236,82,14,1,0,0,0,0,1,1,12,86,235,254,254,254,254,255,255,255,255,255,255,254,226,32,2,0,0,0,0,0,3,3,20,194,243,253,253,254,254,254,254,254,254,255,255,252,214,28,0,0,0,0,0,0,6,2,20,183,239,252,253,253,253,254,254,254,254,254,253,240,183,18,0,0,0,0,0,0,2,4,13,81,206,223,227,237,248,252,252,253,253,253,250,210,35,8,0,0,0,0,0,0,1,2,5,18,64,82,93,143,217,224,230,238,250,251,244,189,25,1,0,0,0,0,0,0,2,0,1,6,7,10,15,36,73,86,100,192,221,225,220,162,18,2,1,2,2,0,0,0,1,1,3,3,2,0,1,4,8,11,19,60,81,91,95,63,11,2,4,5,1,0,0,0,1,3,2,2,1,0,0,0,0,0,2,6,11,15,13,10,5,1,5,4,0,0,0,0,0,1,0,0,0,0,0,0,0,0,0,0,2,3,2,2,2,0,2,0,0,0,0,0,0,0,0,0,0,0,0,0,0,0,0,0,1,2,3,1,1,1,0,0,0,0,0,0,0,0,0,0,0,0,0,0,0,0,0,0,0,0,4,0,2,0,0,0,0,0,0,0,0,0,0,0,0,0,0,0,0,0,0,0,0,0,0,0,0,0,0,0,0,0,0,3
0,0,0,0,0,0,0,1,6,3,1,0,0,0,0,0,0,0,0,0,0,0,0,0,0,56,59,35,17,9,3,1,3,3,1,0,0,0,0,0,0,0,0,0,0,0,0,0,0,205,209,136,69,27,9,3,2,3,1,0,0,0,0,0,0,0,0,0,0,0,0,0,0,201,237,207,156,85,28,9,3,3,2,1,1,0,0,0,0,0,0,0,0,0,0,0,0,139,218,232,222,183,117,44,11,4,2,1,1,0,0,1,0,0,1,0,1,1,0,0,0,51,110,194,230,239,214,130,47,24,5,1,2,2,3,2,0,0,2,2,1,0,0,0,0,9,28,105,178,220,237,206,124,81,24,4,1,3,5,2,0,0,2,3,2,0,0,0,0,1,7,37,90,163,226,237,199,160,71,17,3,3,4,4,0,0,0,2,3,1,0,0,0,2,3,9,23,84,177,227,234,219,149,60,18,8,4,5,1,1,2,2,1,0,0,0,0,3,3,5,7,20,51,132,215,227,222,173,103,53,22,6,4,1,3,4,0,0,0,0,0,0,1,4,3,6,12,44,140,215,230,232,188,133,74,22,7,2,2,5,0,0,1,0,0,0,1,3,1,2,5,11,61,150,187,231,231,204,150,64,16,4,3,3,2,0,1,0,0,0,1,2,3,2,3,4,15,70,107,189,230,231,206,141,52,14,7,3,2,1,2,0,0,2,1,1,2,3,3,3,5,15,29,64,146,216,234,216,163,93,32,8,2,1,2,0,0,4,2,1,0,0,1,6,6,3,4,13,62,152,216,232,227,180,95,42,15,2,1,0,0,0,2,4,2,1,2,3,3,1,2,3,19,78,154,196,233,225,170,113,55,12,1,0,0,0,0,1,1,0,1,1,0,2,2,1,6,27,79,125,205,237,223,190,131,48,10,0,0,0,0,0,0,0,0,0,0,2,2,2,3,8,24,55,138,213,239,233,207,142,74,0,0,0,0,0,0,0,0,0,1,1,1,0,3,4,5,16,55,120,185,225,234,227,183,139,0,0,0,0,0,0,0,0,0,0,0,0,3,3,2,5,12,32,92,169,204,237,229,208,0,0,0,0,0,0,0,0,0,0,0,0,2,3,2,2,4,8,33,90,136,214,238,234,0,0,0,0,0,0,0,0,0,0,0,1,1,3,3,2,4,2,7,28,53,142,190,204,0,0,0,0,0,0,0,0,0,0,1,1,0,1,2,3,3,0,2,4,8,16,22,0,0,0,0,0,0,0,0,0,0,0,1,2,0,0,0,4,0,0,0,0,0,0,0,0,2
0,0,0,0,0,0,0,0,0,0,0,0,0,0,0,0,0,0,0,0,0,0,0,0,0,0,0,0,0,0,0,1,1,1,2,2,2,9,60,142,204,206,51,4,0,0,0,0,0,0,0,0,0,1,4,2,0,3,3,1,3,17,124,196,229,204,75,8,0,0,0,0,0,0,0,0,0,2,4,0,2,4,3,2,8,47,159,229,223,158,49,8,0,0,0,0,0,0,0,0,0,2,2,0,2,3,3,4,21,93,198,240,216,116,37,6,1,0,0,0,0,0,0,0,0,0,0,0,2,3,3,5,32,132,220,228,200,78,15,2,1,0,0,0,0,0,0,0,0,0,1,1,2,3,4,23,57,158,229,211,140,45,9,2,1,3,0,0,0,0,0,0,0,0,1,1,2,2,7,41,117,204,233,144,86,25,5,3,2,3,0,0,0,0,0,0,0,0,0,0,1,2,11,88,168,218,223,125,34,8,4,3,1,0,0,0,0,0,0,0,0,0,1,2,2,4,24,110,206,237,191,102,25,3,4,5,2,1,0,0,0,0,0,0,0,1,2,4,3,7,52,142,219,233,156,66,14,2,2,3,2,1,0,0,0,0,1,1,0,0,2,4,4,15,89,188,226,216,113,28,5,1,0,0,1,0,0,0,1,2,2,2,2,2,1,4,14,39,123,220,226,174,84,19,2,2,2,1,0,0,0,0,1,3,2,1,2,4,3,4,25,82,165,226,221,118,42,12,2,2,1,1,1,0,0,0,1,2,1,0,2,3,2,4,29,121,211,228,207,93,15,4,3,0,0,0,0,0,0,0,0,0,0,0,2,4,4,11,48,144,230,218,147,53,8,1,3,2,0,0,1,0,0,0,0,0,0,0,1,3,4,27,100,195,238,207,118,34,4,1,3,3,1,1,3,1,0,0,0,0,1,1,2,2,7,37,124,217,225,183,84,13,2,0,2,2,2,2,1,0,0,0,0,0,0,1,1,3,21,70,148,234,204,129,49,8,4,2,0,0,2,1,0,0,0,0,0,0,0,1,2,6,40,124,201,232,157,53,14,4,6,3,1,0,0,0,0,0,0,0,0,0,0,0,2,12,78,191,222,226,127,21,4,4,7,6,5,1,0,0,0,0,0,0,0,0,0,0,0,10,75,184,214,175,77,12,1,2,1,1,0,0,0,0,0,0,0,0,0,0,0,0,0,3,11,21,25,20,11,3,0,0,0,0,0,0,0,0,0,0,0,0,0,0,0,0,0,0,0,0,0,0,0,0,0,0,0,0,0,0,0,0,0,0,0,0,2
0,0,0,0,0,0,0,0,0,0,0,0,0,0,0,0,0,0,0,0,0,0,0,0,0,0,0,0,1,3,4,5,14,22,29,29,29,29,29,27,18,8,0,0,0,0,0,0,0,0,0,4,22,47,55,58,92,218,225,225,225,224,224,219,173,17,2,0,0,0,0,0,0,0,1,9,99,203,226,231,239,248,255,255,255,254,253,248,198,32,6,0,0,0,0,0,0,0,1,10,116,219,248,254,254,254,254,254,254,254,254,252,228,134,14,0,0,0,0,0,0,0,1,7,42,173,247,253,253,254,254,254,254,254,255,254,246,182,22,0,0,0,0,0,0,0,0,1,23,172,246,254,255,255,255,255,255,255,255,255,249,188,24,0,0,0,0,0,0,0,0,0,23,180,247,255,255,255,255,255,255,255,255,255,249,189,24,0,0,0,0,0,0,0,0,0,24,183,248,255,255,255,255,255,255,255,255,255,251,198,32,6,0,0,0,0,0,0,0,0,27,181,242,253,255,255,255,255,255,255,255,255,253,232,145,14,0,0,0,0,0,0,0,0,19,100,217,251,255,255,255,255,255,255,255,255,254,246,178,22,0,0,0,0,0,0,0,0,9,74,207,250,255,255,255,255,255,255,255,255,255,248,184,24,0,0,0,0,0,0,0,0,8,83,209,250,255,255,255,255,255,255,255,254,254,249,191,28,4,0,0,0,0,0,0,0,9,92,212,250,254,255,255,255,255,255,254,254,253,251,214,92,12,1,0,0,0,0,0,0,7,85,195,243,253,254,254,254,254,254,254,254,254,251,239,172,19,2,0,0,0,0,0,0,3,22,132,230,252,253,254,254,254,253,251,249,248,245,237,179,22,2,2,0,0,0,0,0,1,17,134,229,250,251,251,249,249,245,223,192,185,181,174,133,17,4,0,0,0,1,1,0,2,17,142,228,246,242,206,197,193,186,138,71,62,57,52,37,9,2,1,0,0,4,3,1,2,14,127,194,203,190,95,81,76,68,41,11,7,7,8,5,2,1,1,0,0,2,6,4,3,9,67,95,94,78,18,9,8,7,4,2,1,1,2,2,3,1,1,0,0,2,6,3,4,5,9,12,13,8,4,1,1,1,1,0,0,0,1,1,7,0,1,0,0,0,4,1,0,0,2,1,4,2,0,0,0,0,0,0,0,1,1,2,1,0,0,0,0,0,0,0,1,1,1,2,2,1,1,0,0,0,0,0,0,0,0,0,0,0,0,0,0,0,0,0,4,1,0,4,1,1,1,1,0,0,0,0,0,0,0,0,0,0,0,0,3
0,0,0,0,0,1,0,0,8,3,0,1,0,0,0,0,0,0,0,0,0,0,0,0,0,0,0,0,5,17,23,17,10,1,1,0,0,0,0,0,0,0,0,0,0,0,0,0,0,0,0,0,6,99,177,189,32,15,7,1,0,0,0,0,0,0,0,0,0,0,0,0,0,0,0,0,10,58,189,224,207,145,33,20,12,3,0,0,0,0,1,1,0,0,0,0,0,0,0,1,5,89,200,239,245,229,211,198,76,29,18,8,1,1,2,1,0,1,1,0,0,0,0,1,4,23,128,241,252,251,250,243,226,213,191,33,15,7,1,1,1,0,3,0,0,0,2,2,3,16,107,237,253,253,253,253,253,251,232,217,146,35,22,11,3,2,2,0,0,0,1,2,2,18,110,232,251,252,252,254,254,253,252,248,235,215,197,82,21,10,3,0,0,0,0,1,2,28,116,204,248,252,252,253,252,253,252,252,252,251,243,229,196,41,16,0,0,0,0,0,2,38,140,210,244,252,253,254,254,253,251,253,253,251,249,239,218,183,122,0,0,0,0,4,4,24,93,195,243,253,254,254,254,253,250,251,250,247,235,210,156,40,23,0,0,0,0,1,4,39,134,209,241,251,253,253,253,251,252,250,240,218,187,132,35,8,2,0,0,0,0,0,2,15,86,199,245,249,253,251,252,250,248,241,211,136,51,16,9,2,3,0,0,0,0,0,0,5,35,185,247,252,250,253,251,244,211,163,113,44,10,4,4,1,2,0,0,0,0,0,0,3,54,196,247,252,250,246,240,205,117,43,13,6,2,1,2,0,0,0,0,0,0,0,0,3,28,186,239,240,242,206,130,92,34,9,3,2,3,1,0,1,1,0,0,0,0,0,0,1,19,99,241,244,216,104,44,11,5,3,4,2,1,1,2,0,0,0,0,0,0,0,2,3,13,161,215,225,169,41,14,2,0,0,2,2,2,4,0,1,0,0,0,0,0,0,1,2,10,51,76,88,62,16,2,0,0,0,0,0,1,4,0,0,0,0,0,0,0,0,1,1,2,4,10,11,8,5,0,0,0,0,0,0,0,3,1,0,0,0,0,0,0,0,0,1,1,0,1,1,2,2,1,0,0,0,0,0,0,0,0,0,0,0,0,0,0,0,0,0,1,1,3,3,1,0,1,0,0,0,0,0,0,0,0,0,0,0,0,0,0,0,0,0,0,1,4,3,2,0,0,0,0,0,0,0,0,0,0,0,0,0,0,0,0,0,0,0,0,0,0,0,2,0,0,0,0,0,0,0,0,0,0,0,0,0,0
0,0,0,0,0,0,0,0,0,1,0,0,0,0,0,0,0,0,0,0,0,0,0,0,0,0,0,0,0,0,1,1,2,2,1,0,0,0,0,0,0,0,0,0,0,0,0,0,0,0,1,2,3,2,0,2,2,2,1,0,0,0,0,0,0,0,0,0,0,0,0,0,0,2,3,2,3,2,1,1,1,1,1,0,0,0,0,0,0,0,0,0,0,0,0,0,10,13,5,2,3,3,2,3,3,2,0,0,0,0,0,0,0,0,0,0,1,0,0,0,75,37,22,12,9,6,3,3,3,3,1,1,1,0,0,0,0,1,1,2,2,0,0,0,182,126,117,74,57,22,8,3,3,3,2,2,1,0,2,2,1,1,2,4,4,0,0,0,238,228,220,170,120,79,35,24,11,5,2,2,1,1,4,3,0,0,1,1,1,0,0,0,219,233,236,226,196,184,145,124,63,23,11,3,1,3,6,6,1,2,5,0,0,0,0,0,90,147,164,213,237,238,227,200,153,88,62,22,12,8,5,4,1,1,3,3,0,1,1,0,6,44,96,139,202,212,234,232,222,197,169,130,79,47,11,7,7,3,1,5,3,2,0,0,3,7,38,48,78,89,157,213,224,239,233,216,178,141,65,50,44,11,4,4,2,2,2,0,3,2,4,9,9,15,57,133,153,214,232,223,233,224,197,168,127,50,14,9,6,2,2,0,2,2,2,2,2,3,15,38,48,82,138,157,219,242,240,218,185,139,88,76,39,14,6,0,0,1,0,3,2,1,4,6,7,16,46,68,144,204,211,220,236,232,223,192,121,78,43,0,0,0,0,2,4,1,3,3,2,4,9,17,37,69,87,158,215,228,238,230,205,177,157,0,0,0,0,1,2,2,2,2,5,2,1,3,5,11,22,70,136,148,170,216,230,240,223,0,0,0,2,1,2,1,0,3,4,1,2,2,1,2,5,16,24,34,77,144,177,223,223,239,0,0,3,2,2,0,0,2,2,0,1,2,2,2,3,3,4,8,17,48,75,145,151,159,0,0,1,2,1,0,0,1,1,0,1,1,0,3,3,2,3,4,5,8,12,22,38,0,0,0,0,0,0,0,0,0,0,0,1,1,0,1,2,3,3,1,5,0,1,1,1,0,0,0,0,0,0,0,0,0,0,0,0,0,0,0,1,1,1,2,1,0,0,0,0,0,0,0,0,0,0,0,0,0,0,0,0,0,0,1,0,0,0,1,0,0,0,0,0,0,0,0,0,0,0,0,0,0,0,0,0,0,1,0,0,0,0,0,0,0,0,0,0,0,2
0,0,0,0,0,0,0,0,0,0,0,0,0,0,0,0,0,0,0,0,0,0,0,0,0,0,0,0,0,0,0,0,0,1,1,1,0,0,0,0,0,0,0,0,0,0,0,0,0,0,0,0,0,0,0,0,0,0,1,2,3,4,4,2,2,5,2,0,0,0,0,0,0,0,0,0,0,0,0,0,0,0,3,7,21,48,29,10,5,1,3,1,0,0,0,0,0,0,0,0,0,0,0,0,0,4,9,59,88,194,152,51,10,1,0,0,0,0,0,0,0,0,0,1,0,0,0,3,11,24,79,99,232,240,196,124,32,2,0,0,0,0,0,0,0,0,1,1,0,1,6,20,56,107,214,239,247,252,243,177,50,8,0,0,0,0,0,0,0,0,2,2,6,21,42,100,140,220,247,253,254,254,251,235,146,16,1,0,0,0,0,0,0,1,5,9,31,101,156,209,242,248,253,254,254,255,255,248,183,59,10,1,0,0,0,0,0,4,25,53,116,206,242,250,253,254,254,255,255,255,255,252,240,170,53,6,0,0,0,0,0,7,79,157,214,245,252,254,254,254,255,255,255,255,255,255,251,231,110,15,2,0,0,0,0,7,89,195,239,249,253,254,254,255,255,255,255,255,255,255,254,243,178,63,8,1,0,0,0,4,34,131,222,250,253,254,255,255,255,255,255,255,255,255,255,250,216,126,43,5,0,0,0,3,12,106,210,246,253,254,255,255,255,255,255,255,255,255,255,253,245,189,64,13,4,0,0,0,5,27,132,222,248,254,255,255,255,255,255,255,255,255,255,254,251,237,163,42,8,0,0,0,0,7,31,148,236,253,254,255,255,255,255,255,255,255,254,254,252,245,184,115,10,0,0,0,0,0,12,132,222,248,254,255,255,255,255,255,255,254,254,253,249,227,192,73,9,0,0,0,0,0,5,27,160,236,251,255,255,255,255,254,254,254,252,249,227,150,84,23,5,0,0,0,0,0,0,13,131,180,246,254,255,254,254,254,252,250,242,198,150,50,12,8,1,0,0,0,0,0,0,6,19,142,223,250,253,254,253,252,247,209,184,80,46,10,2,1,0,0,0,0,0,0,0,0,7,38,177,230,250,251,250,244,205,149,66,15,5,1,0,0,0,0,0,0,0,0,0,0,1,24,122,190,242,246,222,187,103,58,11,3,0,0,0,0,0,0,0,0,0,0,0,0,0,7,37,137,210,210,156,90,26,7,2,0,0,0,0,0,0,0,0,0,0,0,0,0,0,3,1,54,206,0,0,0,0,0,0,0,0,0,0,0,0,0,3
0,0,0,0,0,0,0,0,0,0,0,0,0,0,0,0,0,1,0,0,0,0,0,0,0,0,0,0,0,0,0,0,0,0,3,3,1,1,1,2,2,3,2,0,0,0,0,0,0,0,0,0,0,0,1,2,5,5,2,3,7,23,15,5,4,6,5,0,0,0,0,0,0,0,0,0,0,0,3,2,4,5,9,20,40,119,78,34,25,14,8,3,0,0,0,0,0,0,0,0,1,2,3,7,13,26,106,118,181,186,201,118,120,67,75,14,6,0,0,0,0,0,0,1,2,2,10,20,74,199,227,240,243,248,243,227,227,175,173,87,13,3,0,0,0,0,2,2,1,6,22,169,213,243,251,253,252,253,253,250,245,244,223,145,77,7,0,0,0,1,2,3,4,16,117,231,249,251,251,253,252,254,253,251,250,250,239,195,109,14,0,0,0,2,1,8,16,41,212,246,251,249,253,254,254,254,253,253,253,251,247,225,137,18,2,0,0,2,8,23,119,189,241,253,253,254,254,255,255,255,255,254,253,253,249,214,105,20,6,0,0,5,36,113,201,244,252,254,255,255,255,255,255,255,255,255,254,254,251,222,142,48,9,0,0,7,35,145,238,252,254,255,255,255,255,255,255,255,255,254,253,253,252,240,170,58,5,0,0,12,84,210,248,254,255,255,255,255,255,255,255,255,255,254,252,253,249,227,135,34,3,0,0,22,137,236,252,254,254,255,255,255,255,255,255,255,255,254,254,252,240,161,51,11,1,0,0,24,141,238,251,253,253,254,255,255,255,255,255,255,254,254,254,247,208,93,13,2,0,0,0,17,108,237,251,252,252,253,255,255,255,255,254,254,254,251,245,230,139,33,6,1,0,0,0,22,145,224,249,252,253,254,254,254,254,254,253,251,251,243,186,101,45,10,3,1,0,0,0,10,69,186,238,251,252,253,253,252,253,253,251,250,246,214,110,25,13,6,3,3,0,0,0,3,37,122,211,240,248,253,253,250,252,253,251,244,231,153,38,10,3,2,2,2,0,0,0,1,8,49,106,163,237,245,246,244,246,239,234,190,81,44,11,5,4,2,2,0,0,0,0,0,2,8,21,98,191,150,191,209,124,195,76,49,17,8,5,3,4,1,0,0,0,0,0,0,0,0,11,33,50,42,99,74,32,37,14,5,5,3,2,1,0,0,0,0,0,0,0,0,0,0,2,10,6,11,15,15,8,4,3,6,5,3,2,0,0,0,0,0,0,0,0,0,0,0,0,4,1,3,10,4,0,4,1,0,0,0,0,0,0,0,0,0,0,0,1
0,0,0,0,0,0,0,0,0,0,0,0,0,0,0,0,0,0,0,0,0,0,0,0,0,0,0,1,7,17,23,21,12,5,1,2,4,1,0,0,0,0,0,0,0,0,0,0,0,0,0,1,35,131,206,184,100,29,7,3,3,2,0,0,0,0,0,0,0,0,0,0,0,0,0,1,15,74,212,236,193,94,15,3,3,3,0,0,0,0,0,0,0,0,0,0,0,0,0,0,5,55,204,242,215,165,31,4,3,2,1,0,0,0,0,0,0,0,0,0,0,0,1,1,3,34,140,221,239,182,51,9,2,2,1,1,0,0,0,0,0,0,0,0,0,0,0,2,3,12,58,156,226,217,117,33,6,2,2,0,0,0,0,0,0,0,0,0,0,0,0,0,5,5,15,71,169,221,192,104,27,6,1,1,2,3,1,0,0,0,0,0,0,0,0,3,3,2,5,18,86,190,229,174,79,18,4,5,5,1,0,1,1,0,0,0,0,0,1,0,4,3,3,7,74,189,232,190,100,44,7,4,4,2,1,2,3,2,0,0,0,0,2,1,1,2,3,5,27,156,224,230,178,83,14,4,3,2,3,1,2,2,0,0,0,1,2,2,0,2,4,4,14,76,174,229,229,166,30,7,3,1,2,1,1,1,0,0,0,0,0,1,0,2,4,3,5,26,94,185,233,217,93,18,5,2,2,2,0,0,0,0,0,0,0,0,1,1,0,2,2,8,37,116,202,228,172,71,7,3,4,4,0,1,1,0,0,0,0,0,0,0,0,2,2,3,26,102,194,229,185,86,16,4,2,3,2,1,1,0,0,0,0,0,0,0,1,1,2,3,8,43,132,220,226,162,59,10,2,2,2,0,0,0,0,0,0,0,0,0,0,0,0,3,4,10,56,186,239,224,147,47,8,1,2,1,0,0,0,0,0,0,0,0,0,0,1,3,2,4,22,130,218,243,221,130,24,1,0,1,0,0,0,0,0,0,0,0,1,0,2,3,2,3,14,70,160,231,242,201,44,8,1,0,0,0,0,0,0,0,0,0,3,2,2,2,2,3,8,53,101,197,245,226,118,11,1,4,0,0,0,0,0,0,0,0,2,2,1,1,2,3,5,18,74,170,233,233,131,31,5,0,0,0,0,0,0,0,0,0,0,1,2,1,0,3,5,6,26,94,191,233,193,90,8,0,0,0,0,0,0,0,0,0,0,0,0,0,0,0,6,3,6,34,125,197,195,86,10,0,0,0,0,0,0,0,0,0,0,0,0,0,0,0,0,0,0,0,0,0,0,0,0,0,0,0,2
0,0,0,0,0,0,0,0,0,0,0,0,0,0,0,0,0,0,0,0,0,0,0,0,0,0,0,0,0,2,3,3,1,0,0,0,0,0,0,0,0,0,0,0,0,0,0,0,0,0,0,1,8,25,33,25,12,4,1,0,0,0,0,0,0,0,0,0,0,0,0,0,0,0,0,4,34,132,180,132,48,25,8,4,2,0,0,0,0,0,0,0,0,0,0,0,0,0,1,15,78,190,238,222,193,122,61,51,25,9,5,2,0,0,0,0,0,2,2,0,0,0,5,40,167,238,249,250,245,221,202,192,104,72,62,17,6,3,0,1,2,5,4,0,0,1,17,94,203,249,254,253,253,251,250,243,217,205,179,91,71,19,11,8,4,2,1,0,0,2,32,162,240,253,254,254,254,254,254,253,251,248,223,215,185,110,99,65,18,8,2,0,0,7,43,175,247,255,255,255,255,255,255,254,254,253,252,249,240,223,213,166,108,39,6,0,0,18,126,221,250,255,255,255,255,255,255,255,255,254,254,254,253,251,245,217,181,58,7,0,0,34,169,245,254,255,255,255,255,255,255,255,255,255,255,255,254,254,249,218,98,23,4,0,0,145,233,251,255,255,255,255,255,255,255,255,255,255,255,255,255,253,242,198,56,7,2,0,0,155,244,254,254,254,255,255,255,255,255,255,255,255,255,255,255,252,217,73,14,2,0,0,0,177,244,253,253,254,255,255,255,255,255,255,255,255,255,255,253,246,201,46,4,0,0,0,0,188,218,243,252,253,254,254,255,255,255,255,255,255,255,255,252,227,123,25,2,0,0,0,0,62,98,196,222,244,250,252,254,254,255,255,255,255,255,253,243,200,46,7,0,0,0,0,0,11,17,34,104,186,198,230,246,250,253,253,254,254,254,251,215,69,31,2,0,0,0,0,0,0,3,6,13,20,31,137,171,226,236,242,249,251,252,245,196,45,4,1,0,0,0,0,0,1,0,0,0,0,6,12,29,120,131,168,219,228,241,226,131,27,2,0,0,0,0,0,0,0,0,0,0,0,0,0,5,11,19,51,89,164,198,166,42,10,1,0,0,0,0,0,0,0,0,0,0,0,0,0,0,0,1,6,16,38,47,36,23,3,1,0,0,0,0,0,0,0,0,0,0,0,0,0,0,0,0,0,1,6,4,6,7,4,0,0,0,0,0,0,0,0,0,0,0,0,0,0,0,0,0,0,0,0,0,0,0,0,0,0,0,0,0,0,0,0,0,0,0,0,0,0,0,0,0,0,0,0,0,0,0,0,0,0,0,0,0,0,3
0,0,0,0,0,0,0,0,0,0,0,0,0,0,0,0,0,0,0,0,0,0,0,0,0,0,0,0,0,0,0,0,0,0,0,0,5,5,3,7,74,199,214,182,54,3,0,0,0,0,0,0,0,0,0,0,0,0,0,2,4,2,6,19,107,198,230,144,36,4,0,0,0,0,0,0,0,0,0,1,2,2,0,1,3,4,13,102,194,223,186,112,28,2,0,0,0,0,0,0,0,1,0,3,1,1,4,2,4,7,32,178,234,217,134,58,11,1,0,0,0,0,0,0,0,1,2,1,0,1,3,2,6,22,80,213,238,181,61,13,3,0,0,0,0,0,0,0,0,0,0,0,0,3,4,2,9,68,166,235,216,121,32,5,2,2,0,0,0,0,0,0,0,0,0,0,1,3,4,4,16,107,204,236,193,95,22,5,3,0,0,0,0,0,0,0,0,0,1,1,2,3,3,8,43,177,239,220,102,20,6,3,3,1,0,0,0,0,0,0,0,0,0,1,2,2,8,34,124,222,238,182,30,6,3,2,4,0,0,0,0,0,0,0,0,1,0,0,0,3,28,118,177,234,221,132,17,3,2,1,1,2,2,0,0,0,0,0,0,2,2,3,4,6,47,153,230,238,146,53,9,2,2,1,0,0,1,0,0,0,0,0,1,2,4,6,5,20,82,207,246,231,86,19,4,5,5,2,1,0,0,0,0,0,1,1,0,2,4,2,8,55,153,229,238,186,44,7,2,3,4,2,0,0,0,0,0,3,2,0,1,2,2,8,35,113,196,231,194,94,16,2,1,1,0,0,0,0,0,0,0,0,0,3,5,3,5,14,101,192,231,192,153,57,6,1,2,1,0,0,0,0,0,0,0,0,2,3,2,3,5,22,127,220,239,159,75,14,4,2,2,1,0,0,0,0,0,0,0,0,2,3,3,5,18,65,157,231,222,140,24,5,2,3,1,1,0,0,0,0,0,0,0,0,0,2,3,10,62,153,218,223,164,118,13,3,4,4,1,0,0,0,0,0,0,0,0,0,1,2,3,16,111,203,239,207,129,49,9,1,2,2,1,1,2,1,0,0,0,0,0,0,1,2,6,38,166,230,230,136,49,13,5,1,2,0,1,1,1,0,0,0,0,0,0,0,0,8,27,100,221,239,197,53,13,4,2,2,1,0,0,0,0,0,0,0,0,0,0,0,1,16,82,139,202,211,164,75,9,4,3,2,0,0,0,0,0,0,0,0,0,0,0,0,0,21,155,0,0,0,0,0,0,0,0,0,0,0,0,0,0,0,0,0,0,0,2
0,0,0,0,0,0,0,0,0,0,0,0,0,0,0,0,0,0,0,0,0,0,0,0,0,0,0,0,0,0,0,0,0,0,0,2,2,0,1,0,0,0,0,0,0,0,0,0,0,0,0,1,3,5,3,1,3,2,4,3,2,2,2,2,1,1,2,1,0,0,0,0,0,0,0,3,4,3,3,5,8,11,12,14,17,12,6,2,3,3,3,2,1,2,0,0,0,0,2,4,2,6,16,53,81,93,99,108,116,107,15,4,3,3,2,1,1,2,0,0,0,0,0,3,4,13,86,184,219,225,225,228,229,202,44,25,21,10,4,4,4,0,0,0,0,1,2,7,11,31,178,239,249,252,250,249,251,241,200,185,135,50,11,5,4,3,0,0,0,0,2,14,101,143,224,250,254,254,252,252,254,252,250,245,224,162,67,11,5,3,3,0,0,1,9,52,190,230,245,252,254,254,254,254,254,255,254,253,248,224,143,15,2,2,2,0,0,2,16,156,234,249,251,254,255,255,255,255,255,255,255,254,250,226,125,19,2,2,1,0,0,4,19,165,240,252,253,255,255,255,255,255,255,255,254,253,251,240,185,21,2,2,1,0,6,2,14,123,232,252,254,255,255,255,255,255,255,255,254,252,252,246,192,39,3,1,1,0,4,4,16,52,224,253,253,254,255,255,255,255,255,255,254,252,250,242,191,47,4,2,2,0,5,3,15,160,234,251,254,254,255,255,255,255,255,255,254,251,238,194,114,30,6,6,3,0,2,4,15,98,228,251,253,254,254,255,255,255,254,254,254,250,217,116,34,9,5,4,1,0,3,4,7,24,178,234,248,251,252,253,253,254,254,253,252,248,206,89,15,5,2,2,1,0,4,2,2,13,74,172,209,223,241,251,251,252,253,251,249,234,179,76,11,3,1,2,3,0,11,3,1,5,15,50,89,160,215,243,248,243,233,228,223,181,93,26,10,4,2,2,2,0,2,1,2,1,4,10,23,40,99,195,200,174,105,89,98,38,20,6,3,2,3,2,0,0,5,0,1,1,3,3,3,7,19,33,36,29,19,15,12,9,5,1,1,1,2,2,0,0,0,0,0,2,1,3,5,5,5,6,4,3,3,5,7,6,1,2,2,2,0,2,0,0,0,0,0,0,0,0,0,1,3,2,3,6,5,2,1,1,2,2,2,0,0,3,0,0,0,0,0,0,0,0,0,0,0,0,0,0,0,0,0,0,0,0,0,0,0,0,0,0,0,0,0,0,0,0,0,0,0,0,0,0,0,0,0,0,0,0,0,0,0,0,0,0,1
0,0,0,0,0,0,0,0,0,0,0,0,0,0,0,0,0,0,0,0,0,0,0,0,0,0,0,0,0,0,0,1,1,1,3,3,3,6,11,8,3,0,1,0,0,0,0,0,0,0,0,0,0,0,0,0,1,1,2,6,12,36,71,46,7,3,1,1,0,0,0,0,0,0,0,0,0,0,0,0,1,3,9,30,71,117,153,94,11,2,1,1,0,0,0,0,0,0,1,1,0,0,0,2,7,22,59,114,190,198,181,105,14,2,0,0,0,0,0,0,0,1,2,1,0,1,4,15,50,96,187,211,233,232,190,104,45,3,1,2,1,0,0,0,0,2,2,1,2,11,43,75,179,207,233,243,246,242,193,98,28,4,2,2,2,2,0,0,1,3,3,5,20,54,177,202,216,243,247,251,251,245,180,62,19,2,0,2,1,0,0,0,1,4,17,43,72,183,213,244,248,252,252,253,253,246,183,69,12,2,1,1,2,1,1,0,3,31,73,151,205,235,247,252,253,253,253,252,253,245,191,81,11,1,1,1,0,2,2,0,75,126,203,228,245,250,252,253,252,253,253,251,252,245,205,105,11,0,1,1,0,1,4,0,228,225,241,249,251,252,253,253,253,253,253,251,250,245,192,83,13,0,0,0,0,2,6,0,224,237,246,250,252,253,252,251,253,254,253,250,248,243,216,131,21,1,0,2,0,2,2,0,200,205,224,244,249,253,252,251,253,254,254,253,253,247,200,96,27,2,0,2,2,1,1,0,24,80,172,214,242,250,252,252,251,254,254,254,252,244,224,154,46,3,0,0,0,0,0,0,0,12,25,112,211,243,249,250,251,253,254,253,253,248,213,129,41,5,1,0,0,0,0,0,0,3,8,55,140,184,210,243,250,252,252,251,251,251,231,150,38,2,0,0,0,0,0,0,0,2,4,9,17,28,110,191,227,242,251,251,251,253,235,145,22,2,0,0,0,0,0,0,0,0,1,1,0,4,16,72,151,205,245,251,253,253,240,160,32,2,0,0,0,0,0,0,0,0,0,1,1,2,6,35,66,139,200,236,246,249,236,152,27,2,0,0,0,0,0,0,0,0,1,2,2,3,3,4,10,30,92,162,204,236,236,154,26,4,0,0,0,0,0,0,0,0,0,2,1,2,0,0,0,6,21,47,124,213,229,164,47,6,0,0,0,0,0,0,0,0,0,0,0,0,0,0,0,0,3,17,63,126,162,144,88,5,0,0,0,0,0,0,0,0,0,0,0,0,0,0,0,0,0,0,2,23,36,0,0,0,0,0,0,0,0,0,0
0,0,0,0,0,0,0,0,3,3,2,2,4,94,193,253,235,53,2,1,0,0,0,0,0,0,0,0,0,0,2,0,3,6,2,0,20,171,199,242,208,65,6,1,0,0,0,0,0,0,0,0,4,4,0,1,3,3,3,6,30,187,238,222,149,26,6,2,2,0,0,0,0,0,0,2,2,1,1,5,5,3,7,19,98,223,247,215,135,49,2,0,4,0,0,0,0,0,0,2,5,2,1,4,3,3,6,31,115,205,244,207,64,13,3,2,3,0,0,0,0,0,0,1,2,1,3,5,4,5,8,39,191,238,224,142,49,5,4,3,0,1,0,0,0,0,0,0,0,1,1,4,4,5,29,105,204,242,214,130,15,6,4,5,1,0,0,0,0,0,0,0,1,0,3,3,2,9,41,120,239,242,151,45,10,3,2,4,4,2,0,0,0,0,0,1,1,2,3,3,1,11,104,197,240,236,135,31,4,3,1,5,1,2,2,3,0,0,0,0,1,2,3,1,3,16,119,210,244,216,129,17,8,1,1,1,1,4,3,3,0,0,0,0,2,1,1,0,4,33,122,236,239,146,117,11,6,6,2,0,2,4,1,1,0,0,0,2,4,4,4,1,9,39,139,242,233,119,20,8,2,4,2,1,1,1,0,0,0,0,1,3,4,5,8,3,17,127,215,245,202,44,8,1,4,8,5,2,0,0,0,0,2,2,2,1,2,6,2,1,29,205,232,239,186,37,5,1,2,4,3,2,0,0,0,0,5,4,2,1,4,2,3,8,42,218,247,207,112,33,4,2,3,0,0,0,0,0,0,0,5,0,1,6,4,4,7,38,141,225,248,229,98,25,3,2,2,2,0,0,0,0,0,0,0,2,1,3,1,2,7,28,155,232,243,186,41,7,3,3,2,1,2,0,0,0,0,0,0,0,5,6,3,4,12,63,212,245,205,100,27,5,4,3,2,1,1,0,0,0,0,0,0,0,1,6,4,8,55,148,223,241,186,84,9,4,4,4,1,0,0,1,0,0,0,0,0,0,4,2,2,12,71,163,245,236,112,27,6,3,2,3,3,1,1,2,0,0,0,0,0,0,0,2,1,13,141,215,246,227,165,20,4,1,2,3,1,2,3,4,0,0,0,0,0,0,0,0,3,19,89,224,240,182,89,17,7,1,0,0,0,1,4,2,0,0,0,0,0,0,0,0,10,61,159,238,226,100,73,12,5,7,2,0,2,4,0,0,0,0,0,0,0,0,0,0,7,67,172,254,240,76,3,0,3,9,0,0,0,0,0,0,0,0,0,0,2
0,0,0,0,0,0,0,0,0,0,0,0,0,0,0,0,0,0,0,0,0,0,0,0,0,0,0,0,0,0,0,0,0,0,0,0,0,1,3,5,5,4,3,10,20,24,7,0,0,1,1,1,1,1,2,4,4,6,5,5,6,12,33,40,41,40,38,46,146,141,25,0,0,6,8,9,10,9,10,15,42,59,61,60,59,65,155,171,170,169,167,173,214,182,67,0,0,9,33,76,84,85,82,86,153,186,189,188,186,192,231,239,238,237,237,234,224,149,21,0,0,23,93,166,199,206,201,203,229,243,245,245,244,247,251,252,252,251,251,245,208,71,9,0,0,27,96,173,227,243,246,247,250,252,252,252,253,253,253,251,253,253,248,223,149,21,2,0,0,11,51,130,202,238,251,252,252,252,252,253,253,253,253,251,253,252,243,171,64,12,0,0,0,4,33,73,137,213,240,250,253,250,252,253,254,254,253,252,252,251,239,173,65,6,0,1,0,3,5,12,58,98,201,240,251,252,252,253,254,254,253,253,248,249,229,135,42,4,0,2,0,1,2,5,9,49,150,227,250,253,251,252,254,254,254,253,250,238,203,92,11,1,1,1,1,0,1,2,3,11,49,172,235,250,252,253,253,254,254,250,243,218,109,32,5,2,3,0,1,1,1,2,3,1,9,43,203,238,249,251,252,253,253,251,234,198,72,8,1,1,1,0,0,1,1,1,0,1,2,24,143,176,230,248,250,248,249,244,216,91,26,4,1,0,0,0,0,0,1,2,2,3,4,10,28,55,148,222,245,251,250,224,107,33,5,1,1,0,0,0,0,0,3,1,1,2,1,2,2,8,31,142,222,247,248,225,162,24,2,0,0,0,0,0,0,0,2,0,0,0,0,0,0,0,11,66,172,236,237,196,84,17,1,0,0,0,0,0,0,0,0,0,0,0,0,0,0,0,4,28,126,213,230,171,25,5,0,0,0,0,0,0,0,0,0,0,0,0,0,0,0,0,2,15,67,150,194,132,16,2,1,0,0,0,0,0,0,0,0,0,0,0,0,0,0,0,3,5,19,62,96,65,9,3,2,0,0,0,0,0,0,0,0,0,0,0,0,0,0,0,2,2,5,11,12,7,4,2,0,0,0,0,0,0,0,0,0,0,0,0,0,0,0,0,0,1,3,4,3,2,2,1,0,0,0,0,0,0,0,0,0,0,0,0,0,0,0,0,1,3,3,2,1,1,1,0,0,0,0,0,0,0,0,0,0,0,0,0,0,0,0,0,0,0,3,3,2,0,0,0,0,0,0,0,0,0,0
0,0,0,0,0,0,0,0,0,0,0,0,0,0,0,0,0,0,0,0,0,0,0,0,0,0,0,0,0,0,0,0,0,0,0,0,0,3,4,1,0,0,0,0,0,0,0,0,0,0,0,0,0,0,0,0,1,3,5,8,7,3,3,0,0,0,0,0,0,0,0,0,0,0,0,0,0,0,0,0,5,21,60,66,26,6,0,0,0,0,0,0,0,0,0,0,0,0,0,0,0,0,0,1,7,54,153,163,80,23,7,0,0,0,0,0,0,0,0,0,0,0,0,0,0,0,0,0,9,79,144,214,215,130,26,4,0,0,0,0,0,0,1,0,0,0,0,0,0,0,0,0,12,81,190,235,234,166,97,10,0,0,0,1,0,2,2,0,0,0,0,0,0,0,0,1,15,114,222,247,245,212,139,29,4,0,2,2,2,3,1,0,0,0,0,0,0,0,0,5,38,172,241,252,251,238,188,92,20,9,5,1,1,2,0,0,0,0,0,0,0,1,1,19,102,220,247,251,249,248,235,187,118,53,7,0,2,2,1,2,0,1,2,1,1,2,2,22,136,229,248,251,250,251,250,240,195,93,12,1,2,2,1,3,0,1,6,1,1,1,4,23,146,235,250,253,253,253,252,249,222,134,42,6,2,2,1,0,0,2,2,0,1,0,10,82,190,243,252,253,254,253,252,251,243,201,102,26,6,4,2,0,0,1,0,1,1,2,19,150,230,248,251,253,254,253,253,252,250,237,184,77,19,10,4,0,0,1,2,2,1,3,50,177,241,250,252,252,254,254,252,251,251,248,233,205,130,44,7,0,0,1,2,2,1,8,45,180,243,252,252,253,254,254,253,252,253,251,248,238,202,111,32,0,0,2,1,1,3,17,84,203,248,253,253,253,253,253,253,253,253,252,251,245,224,188,65,0,0,1,2,3,11,65,171,234,252,254,254,254,253,253,253,252,252,252,251,251,242,199,71,0,0,1,2,2,32,141,223,249,253,253,253,253,254,252,249,248,249,248,243,235,228,204,146,0,0,1,1,3,35,139,225,246,248,242,239,241,244,239,208,203,207,211,205,122,115,114,97,0,0,0,1,7,46,143,209,226,225,183,173,179,185,181,96,91,94,99,94,22,14,14,10,0,0,0,3,6,50,113,139,148,147,76,65,69,74,68,17,10,11,11,9,4,0,2,4,0,0,0,2,3,17,31,40,44,44,13,8,8,8,6,2,0,1,0,0,0,0,0,0,0,0,0,0,0,0,0,0,0,0,0,0,0,2,1,0,0,0,0,0,0,0,0,0,0,0
0,0,0,0,0,1,0,0,0,0,0,0,0,0,0,0,0,0,0,0,0,0,0,0,0,0,0,0,4,26,45,21,8,5,1,0,0,1,0,0,0,0,0,0,0,0,0,0,0,0,0,0,5,33,98,87,62,42,11,5,1,0,0,0,0,0,0,0,0,0,0,0,0,0,0,0,3,20,91,164,171,155,54,25,7,1,0,0,0,0,0,0,0,0,0,0,0,0,0,1,2,25,105,195,228,223,169,126,39,17,8,2,0,0,1,0,0,0,0,0,0,0,0,1,3,11,65,182,241,242,237,216,163,143,60,15,6,1,1,2,1,0,0,0,0,0,0,1,1,5,44,151,235,251,252,247,240,229,180,138,26,15,9,4,1,1,0,0,0,0,2,3,2,5,39,152,236,252,253,253,253,249,242,229,155,132,75,17,6,2,0,0,0,5,2,0,2,2,25,125,222,248,252,253,254,253,253,249,241,231,188,127,35,12,5,0,0,9,4,0,0,1,13,54,166,245,252,253,253,253,253,253,252,249,241,229,156,112,14,0,0,5,3,1,1,2,11,88,207,241,251,252,252,253,253,251,253,252,252,246,238,202,21,0,0,0,1,0,2,3,9,55,162,241,252,253,254,253,252,250,252,252,248,238,220,159,19,0,0,0,0,0,0,0,6,56,175,230,249,253,254,253,251,251,252,247,222,206,164,85,10,0,0,0,0,0,0,0,4,24,123,231,250,252,253,253,253,247,246,230,178,107,67,14,3,0,0,0,0,0,0,0,1,20,112,221,249,250,250,250,249,237,124,190,89,26,9,6,0,0,0,0,0,0,0,0,0,11,81,201,246,252,248,228,219,190,82,21,14,5,2,4,0,0,0,0,0,0,0,0,0,6,48,155,233,246,239,176,110,83,25,4,1,4,1,0,0,0,0,0,0,0,0,0,1,5,48,170,227,226,200,100,24,10,5,3,1,1,0,0,0,0,0,0,0,0,0,0,2,5,29,135,198,133,42,22,5,0,0,1,2,2,0,0,0,0,0,0,0,0,0,0,1,2,8,53,99,36,8,1,0,0,0,0,0,0,0,0,0,0,0,0,0,0,0,0,0,1,3,8,11,7,4,2,0,0,0,0,0,0,0,0,0,0,0,0,0,0,0,0,0,0,1,1,3,2,3,1,0,0,0,0,0,0,0,0,0,0,0,0,0,0,0,0,0,0,0,0,0,0,0,0,0,0,0,0,0,0,0,0,0,0,0,0,0,0,0,0,0,0,0,0,0,0,0,0,0,0,0,0,0,0,0,0,0,0,0
0,0,0,0,0,0,0,0,0,0,0,182,46,0,6,0,0,0,0,0,0,0,0,0,0,0,0,0,0,0,3,5,78,206,217,186,71,9,2,1,0,0,0,0,0,0,0,0,0,0,0,0,0,0,0,6,50,195,242,186,100,30,3,8,4,2,0,0,0,0,0,0,0,0,0,0,1,1,1,2,27,152,230,221,153,43,7,1,4,0,0,0,0,0,0,0,0,0,0,0,1,2,2,1,10,62,213,235,135,36,13,5,3,0,0,1,1,0,0,0,0,0,0,0,0,1,2,1,3,34,185,237,203,112,35,8,1,4,1,2,2,2,0,0,0,0,1,0,0,1,4,5,4,18,109,235,227,166,61,10,2,4,3,0,2,3,0,0,0,0,1,3,2,3,5,3,3,10,73,213,241,175,75,24,5,3,3,0,1,1,1,0,0,3,2,2,1,1,4,2,4,8,50,168,238,207,109,26,4,3,2,0,0,0,0,0,0,0,1,1,4,2,0,3,4,7,22,105,224,231,136,24,6,2,2,1,1,0,0,0,0,0,0,0,2,2,0,2,3,5,9,73,202,237,187,82,18,2,1,0,1,0,0,0,0,0,0,0,0,0,1,1,6,4,6,55,141,240,221,118,21,4,0,0,0,0,0,0,0,0,0,0,0,0,1,2,5,3,4,17,137,234,238,170,50,6,3,1,1,0,0,0,0,0,0,0,0,0,0,0,0,2,1,11,88,188,243,204,79,12,3,6,5,4,1,0,0,0,0,0,0,0,0,0,1,1,1,4,30,143,238,232,144,17,1,2,4,5,2,0,0,0,0,0,0,0,0,1,1,2,0,1,15,124,216,242,184,35,11,4,5,3,0,0,0,0,0,0,0,0,0,0,0,2,3,2,10,95,193,243,223,124,14,4,1,0,0,0,0,0,0,0,0,0,0,0,0,2,4,4,7,41,174,244,242,164,27,7,4,0,0,0,0,0,0,0,0,0,1,1,0,3,5,4,4,18,148,227,244,216,77,8,2,0,0,0,0,0,0,0,0,1,2,2,1,2,3,1,2,11,67,167,239,212,118,16,1,0,0,0,0,0,0,0,0,1,2,2,1,0,1,2,3,7,29,161,234,238,192,26,1,0,0,0,0,0,0,0,0,0,1,2,1,0,1,2,2,3,17,114,201,242,220,45,2,0,0,0,0,0,0,0,0,0,0,0,0,0,0,2,4,4,11,66,171,216,204,50,2,0,0,0,0,0,0,0,0,0,0,0,0,0,0,4,9,0,0,0,0,0,0,0,0,0,0,0,2
0,0,0,0,0,0,0,0,0,0,0,1,3,3,6,0,0,0,0,0,0,0,0,0,0,0,0,0,0,0,0,0,0,0,0,0,2,4,1,4,0,0,0,0,0,0,0,0,0,0,0,0,0,0,0,0,0,0,0,0,2,1,1,1,0,0,0,7,4,1,1,0,0,0,0,0,0,0,0,0,0,0,0,1,0,1,3,6,1,2,4,2,2,7,14,8,0,0,0,0,0,0,0,0,0,1,1,1,0,1,6,4,2,5,4,5,6,12,57,164,0,0,2,0,1,0,0,0,0,1,2,2,2,5,3,2,2,7,11,16,25,69,151,164,0,4,3,4,1,0,1,4,3,0,2,5,3,1,3,4,4,14,54,130,148,210,220,231,0,3,2,2,1,0,1,5,1,1,1,5,1,2,11,19,41,62,141,211,224,244,238,245,0,0,2,1,4,1,3,5,7,3,1,3,6,13,33,135,201,154,218,243,241,225,188,190,0,0,3,5,3,3,3,4,4,8,11,16,28,119,141,217,242,245,238,205,187,109,33,88,1,1,5,3,2,3,5,4,7,31,101,117,128,204,220,240,248,241,204,117,96,18,9,9,5,4,5,4,4,9,13,27,36,104,192,209,239,245,243,209,202,192,107,92,18,5,0,0,1,2,5,5,10,29,90,100,110,199,211,247,250,245,207,124,110,46,19,12,8,2,1,1,0,0,4,8,24,94,189,199,237,240,242,219,211,195,117,42,33,11,5,4,4,4,3,1,1,13,25,88,105,192,237,248,244,233,213,139,48,39,16,9,6,5,4,2,3,5,2,1,77,89,169,219,232,239,228,236,215,148,135,27,10,4,4,3,4,2,3,4,3,1,0,0,180,183,230,248,247,221,161,147,53,23,13,8,1,1,4,8,5,4,3,4,0,1,0,0,254,242,238,221,208,148,69,46,11,6,2,1,1,0,1,5,1,1,1,1,2,2,2,0,242,227,169,86,72,24,11,7,5,5,1,2,4,2,0,3,4,1,1,4,5,5,0,0,242,162,72,59,9,6,4,2,1,4,3,1,2,2,1,1,1,0,0,1,1,2,0,0,64,23,14,6,5,5,6,2,4,6,1,1,1,1,0,0,0,0,0,0,0,0,0,0,0,2,0,1,3,7,2,7,7,4,1,0,1,1,0,0,0,0,0,0,0,0,0,0,0,0,0,0,0,0,1,1,1,2,1,2,0,0,0,0,0,0,0,0,0,0,0,0,0,0,0,0,0,0,0,0,0,0,6,2,0,0,0,0,0,0,0,0,0,0,0,0,2
0,0,0,0,0,0,0,0,2,2,2,0,0,0,0,0,0,0,0,0,0,0,0,0,0,0,0,1,6,2,2,5,8,9,9,8,14,49,51,35,8,3,4,4,0,0,0,0,1,0,7,12,15,12,13,35,76,78,75,71,75,158,162,121,18,5,4,4,0,0,0,0,1,4,14,90,106,103,100,107,151,194,192,187,189,234,238,206,71,10,1,4,0,0,0,0,1,3,13,162,210,219,217,215,224,246,248,248,250,251,248,239,161,17,1,0,1,0,0,0,0,4,9,35,197,242,251,251,252,253,254,254,254,254,253,245,171,21,0,0,0,0,0,0,0,0,2,23,169,245,252,254,254,254,254,254,254,254,254,246,176,22,0,0,0,0,0,0,0,0,1,19,153,243,254,254,254,255,255,255,255,255,255,247,181,23,0,0,0,0,0,0,0,0,0,15,135,239,254,255,255,255,255,255,255,255,255,250,192,31,5,0,0,0,0,0,0,0,0,9,92,213,248,255,255,255,255,255,255,255,255,252,231,131,12,0,0,0,0,0,0,0,0,3,21,133,242,255,255,255,255,255,255,255,255,254,243,159,19,0,0,0,0,0,0,0,0,0,12,111,237,255,255,255,255,255,255,255,255,255,245,165,21,0,0,0,0,0,0,0,0,0,10,94,234,255,255,255,255,255,255,255,255,255,247,172,25,2,0,0,0,0,0,0,0,0,6,72,224,249,255,255,255,255,255,255,255,255,249,202,68,7,0,0,0,0,0,0,0,0,3,24,123,241,255,255,255,255,255,255,254,254,251,236,130,14,0,0,0,0,0,0,0,0,0,8,75,232,254,255,254,254,254,254,254,254,252,238,137,18,1,1,0,0,0,0,0,0,0,5,57,227,253,253,254,254,254,253,252,251,249,233,139,17,2,8,0,0,0,0,0,0,0,3,41,225,251,250,248,246,245,242,221,204,202,195,121,20,3,3,0,0,0,0,1,2,1,4,24,212,235,234,189,167,165,163,111,60,57,55,48,21,3,2,0,0,0,0,0,2,4,4,17,84,129,125,74,41,38,35,23,8,5,7,7,3,1,3,0,0,0,0,0,1,4,2,7,10,22,21,12,5,3,3,2,0,0,0,0,0,0,0,0,0,0,0,0,0,1,0,0,2,1,5,1,0,0,0,0,0,0,0,0,0,0,0,0,0,0,0,0,0,0,0,0,0,0,0,0,0,0,0,0,0,0,0,0,0,0,0,0,0,0,0,0,0,0,0,0,0,0,0,0,0,0,0,0,0,0,0,0,0,0,0,0,0,3
0,0,0,0,0,0,0,0,0,0,1,1,0,2,2,0,0,0,5,0,0,0,0,0,0,0,0,0,0,0,1,1,1,1,0,0,0,1,10,18,25,144,8,8,0,0,0,0,0,0,0,0,0,0,1,1,1,0,0,3,12,17,35,191,192,35,16,0,0,0,0,0,0,0,1,1,0,1,1,0,0,1,10,18,36,191,207,225,221,160,17,0,2,0,0,0,0,0,2,2,2,0,0,1,10,18,37,195,214,238,248,249,238,167,22,0,2,2,0,0,2,0,1,4,2,1,10,19,37,201,218,240,250,250,253,250,205,176,15,1,1,1,0,0,1,2,1,0,1,11,28,203,221,230,252,252,254,254,254,248,195,39,19,0,5,5,1,0,2,4,1,10,21,38,212,232,252,253,253,254,253,252,254,244,176,147,7,0,2,1,2,0,7,14,21,39,201,220,243,253,253,254,253,254,253,253,253,244,172,31,7,0,2,0,0,15,0,36,212,234,243,252,252,252,253,253,254,254,252,252,253,244,167,23,0,0,1,0,1,0,208,195,225,250,251,252,254,254,251,251,254,254,252,251,251,244,206,23,2,2,6,1,1,0,4,44,187,222,241,251,253,254,251,253,254,254,254,254,253,237,157,25,1,4,1,0,0,0,2,15,159,170,219,231,241,252,252,251,252,254,253,253,252,242,205,22,2,4,0,0,0,0,2,8,16,25,33,157,213,230,241,250,253,251,252,248,250,242,158,21,0,0,0,0,0,0,0,0,3,4,9,21,31,42,175,239,252,251,250,248,254,242,147,19,1,0,0,0,0,0,4,0,0,2,1,2,1,14,131,210,229,239,248,252,253,240,135,17,1,1,0,0,0,0,0,2,1,2,6,2,0,6,19,26,35,145,216,238,239,230,138,18,0,0,0,0,0,0,0,2,4,4,1,1,3,6,1,2,6,15,36,151,230,242,142,20,0,1,1,0,0,0,0,0,2,1,6,1,4,4,0,0,0,0,11,108,203,206,188,15,2,2,0,0,0,0,0,0,0,1,6,2,0,0,0,0,0,1,5,15,28,31,22,10,2,0,0,1,0,0,0,0,0,1,6,0,0,0,0,0,0,0,0,4,1,6,6,2,3,1,1,1,0,0,0,0,0,0,0,0,0,0,0,0,0,0,0,0,1,4,1,2,2,1,0,0,0,0,0,0,0,0,0,0,0,0,0,0,0,0,0,0,5,3,2,2,0,0,0,0,0,0,0,0,0,0,0,0,0,0,0,0,0,0,0,0,5,3,0,0,0,0,0,0,0,0,0
0,0,0,0,0,0,0,0,0,0,0,2,2,3,3,4,2,1,2,0,0,0,0,0,0,0,0,0,0,0,0,0,0,1,1,0,1,3,3,2,4,3,1,2,0,0,0,0,0,0,0,0,0,0,1,1,1,0,0,1,1,3,6,10,19,9,7,4,9,0,0,0,0,0,1,0,1,1,1,0,0,1,1,2,3,13,35,48,117,12,2,2,3,0,0,0,0,2,2,2,0,0,0,1,2,3,4,13,34,53,202,212,141,28,8,3,0,0,0,0,7,5,3,1,1,1,2,3,5,26,35,53,202,221,243,246,229,140,13,1,0,0,0,0,0,4,3,3,2,3,13,34,44,54,203,221,243,253,254,252,245,160,29,6,0,0,0,0,2,1,6,7,16,34,52,201,211,221,243,253,253,254,254,254,250,233,142,13,0,0,0,0,3,4,13,37,53,202,220,229,251,253,253,254,254,254,254,255,255,247,161,29,6,0,0,0,9,4,29,188,217,243,252,253,253,254,254,254,254,255,255,255,255,250,233,142,13,0,0,0,9,2,22,154,242,251,254,254,254,254,255,255,255,255,255,255,255,255,243,158,25,6,0,0,4,4,20,146,237,248,254,254,255,255,255,255,255,255,255,255,255,255,247,167,138,13,0,0,1,3,13,137,166,246,254,255,255,255,255,255,255,255,255,255,255,255,251,239,148,19,0,0,0,0,7,25,157,243,255,255,255,255,255,255,255,255,255,255,255,255,255,247,161,29,7,0,0,0,0,13,142,233,250,255,255,255,255,255,255,255,255,255,255,255,255,251,233,142,13,0,0,0,0,6,29,161,247,255,255,255,255,255,255,255,255,255,255,255,255,255,246,160,29,2,0,0,0,0,13,142,233,251,255,255,255,255,255,255,255,255,255,255,255,254,250,232,141,2,0,0,0,0,6,29,161,247,255,255,255,255,255,255,255,255,255,254,254,254,252,242,157,1,0,0,0,0,0,13,142,233,251,255,255,255,255,255,255,254,254,255,255,251,247,232,170,120,0,0,0,0,0,7,29,161,247,255,255,255,254,254,254,255,252,250,247,237,186,166,32,5,0,0,0,0,0,0,19,148,239,251,254,254,254,255,252,250,245,193,183,166,32,15,7,0,0,0,0,0,0,0,13,138,166,245,252,254,252,250,238,186,174,164,29,14,7,0,0,0,0,0,0,0,0,0,8,25,157,240,250,249,238,186,166,32,22,14,7,0,0,0,0,0,0,0,0,0,0,0,5,2,159,252,252,191,191,0,0,0,0,0,0,0,0,0,0,0,3
0,0,0,0,0,0,0,0,0,0,0,0,0,0,0,0,0,0,0,0,0,0,0,0,0,0,0,0,0,0,0,3,3,0,0,0,3,5,3,11,51,138,205,218,197,101,12,0,0,0,0,0,0,0,0,1,1,1,2,3,2,4,10,41,124,212,245,238,190,93,14,0,0,0,0,0,0,0,0,0,0,1,3,3,2,5,25,98,200,243,242,208,120,26,4,0,0,0,0,0,0,0,0,0,0,2,3,1,3,9,39,176,240,244,221,141,30,6,0,0,0,0,0,0,0,0,0,1,0,3,3,3,5,22,89,212,243,224,152,49,11,1,0,0,0,0,0,0,0,0,0,1,2,2,3,6,18,69,162,228,226,163,72,17,2,0,0,0,0,0,0,0,0,0,0,1,2,2,2,12,55,138,210,226,181,91,24,4,0,1,0,0,0,0,0,0,0,0,1,1,1,1,3,20,83,176,231,217,138,43,8,2,2,1,2,0,0,1,0,1,0,1,3,3,3,2,7,36,109,193,234,205,124,36,4,4,3,3,2,0,0,0,2,4,1,0,1,6,3,5,25,87,172,229,232,158,63,16,3,2,4,3,0,0,0,1,4,1,0,0,4,3,4,15,71,156,219,237,205,108,25,7,3,2,3,3,0,0,0,1,1,1,2,3,2,4,9,52,140,214,238,216,151,63,9,4,2,3,3,2,0,0,0,0,0,1,3,3,3,8,37,125,213,242,227,167,80,22,5,3,3,2,2,0,2,3,0,1,0,0,5,2,3,14,98,196,241,238,187,92,24,6,5,4,2,0,1,2,3,6,0,1,0,2,3,4,3,17,126,220,245,215,122,36,7,2,4,4,2,0,1,2,3,3,0,0,0,2,3,3,6,35,137,225,238,197,114,34,3,2,1,1,2,1,0,0,1,1,0,0,0,2,1,3,18,81,182,234,211,136,52,9,2,2,2,0,0,0,0,0,0,0,0,0,0,0,3,9,52,156,222,220,150,64,16,4,1,2,1,1,0,0,0,0,0,0,0,0,0,2,10,41,144,219,229,168,81,23,6,4,3,2,0,0,0,0,0,0,0,0,0,0,0,6,38,119,206,239,222,137,33,8,3,3,3,0,0,0,0,0,0,0,0,0,0,0,0,12,80,167,209,212,163,76,14,4,2,3,3,0,0,0,0,0,0,0,0,0,0,0,0,4,12,21,26,26,20,33,8,1,2,4,2,0,0,0,0,0,0,0,0,0,0,0,0,0,0,0,0,0,0,0,0,0,0,0,0,0,0,0,0,0,0,0,0,0,2
0,0,0,0,0,0,0,0,0,0,1,0,1,0,0,0,0,0,0,0,0,0,0,0,0,0,0,0,0,0,0,1,4,5,5,4,1,0,0,0,0,0,0,0,0,0,0,0,0,0,0,0,6,2,0,2,4,1,5,1,1,0,0,0,0,0,0,0,0,0,0,0,0,0,0,3,7,1,1,1,1,1,2,0,0,1,0,0,0,0,0,0,1,0,0,0,0,2,1,8,9,8,2,5,5,5,1,1,2,1,1,0,1,3,1,0,4,4,0,0,8,1,3,2,4,2,1,2,3,4,6,5,2,2,0,1,6,6,0,0,1,1,1,0,0,10,9,3,4,3,9,3,2,4,2,5,4,4,1,1,9,2,2,0,6,6,5,0,0,134,39,14,12,15,10,9,6,6,1,2,3,1,3,6,2,3,1,1,1,3,7,0,232,163,173,85,102,104,120,29,44,24,20,18,12,8,3,3,2,5,8,3,1,3,3,0,253,244,240,238,232,210,213,170,170,169,177,106,118,29,22,17,16,10,7,2,3,5,5,2,211,235,241,243,248,248,246,247,242,244,206,209,147,159,156,170,91,106,38,33,25,19,16,3,79,165,78,163,221,217,233,239,239,245,245,245,243,243,245,240,205,210,209,210,168,169,94,121,3,16,49,34,133,115,113,98,170,168,211,203,230,235,241,248,248,248,249,248,246,198,233,211,0,3,3,13,13,16,18,17,45,27,27,35,104,92,174,223,217,232,216,239,247,248,246,253,0,2,4,2,4,8,8,6,5,4,2,8,12,63,46,50,36,125,109,179,169,218,213,231,6,5,5,4,2,2,2,5,2,3,1,0,4,5,6,3,9,10,22,24,26,42,35,124,0,1,4,4,6,1,7,7,7,7,0,0,1,1,3,3,1,4,7,5,7,7,8,2,0,0,1,1,0,1,1,1,3,1,2,1,0,4,4,4,2,1,7,2,4,1,1,7,0,0,0,0,2,0,1,1,0,0,0,1,0,0,4,4,4,7,1,6,4,7,1,5,0,0,4,4,1,1,1,0,0,0,1,1,1,0,0,1,4,1,1,1,1,3,2,0,0,0,0,0,1,0,0,0,0,0,0,0,0,0,2,1,1,3,0,1,5,0,0,0,0,0,0,0,0,0,0,0,0,0,0,0,0,2,6,4,5,3,0,1,0,0,0,0,0,0,0,0,0,0,0,0,0,0,0,0,1,3,2,4,1,1,0,0,0,0,0,0,0,0,0,0,0,0,0,0,0,0,0,0,0,0,4,0,0,0,0,0,0,0,0,0,2
0,0,0,0,0,0,0,0,0,0,0,0,0,0,0,0,0,0,0,0,0,0,0,0,0,0,0,0,0,0,0,0,0,0,0,0,0,0,0,0,0,0,0,0,0,0,0,0,0,0,0,0,0,0,0,1,1,0,0,0,0,0,0,0,0,0,0,0,0,0,0,0,0,0,0,0,0,1,1,2,2,0,0,0,0,0,0,0,0,0,1,1,0,0,0,0,0,0,0,0,0,3,2,3,2,0,0,0,0,0,0,0,0,0,1,1,0,0,0,0,0,0,3,0,0,2,1,1,0,0,0,0,0,0,0,0,1,2,2,2,0,0,0,0,0,0,4,0,0,3,3,1,0,1,1,0,0,0,1,0,2,3,3,2,1,0,0,0,0,0,2,2,1,4,5,2,0,1,1,0,2,2,0,0,1,2,1,0,0,0,0,0,0,0,2,3,1,2,3,2,2,2,0,0,5,5,2,0,3,1,2,0,0,1,0,0,0,1,5,6,3,3,2,2,2,2,1,1,4,4,2,3,4,4,3,1,1,1,0,0,0,7,35,21,17,12,10,6,4,2,1,2,3,3,4,2,2,3,3,1,2,1,0,0,0,16,131,118,108,99,65,65,25,15,12,8,7,9,13,6,4,4,3,2,1,2,0,0,0,24,206,217,206,197,185,157,141,115,82,84,52,58,52,28,16,16,16,9,6,3,0,0,0,26,209,231,234,241,240,226,220,210,212,214,188,168,120,110,84,86,73,49,40,18,5,0,0,21,178,186,208,223,226,225,230,241,245,234,233,218,220,220,199,191,162,151,129,117,14,0,0,13,94,90,87,106,106,154,164,207,213,218,216,230,235,228,237,239,228,230,216,198,23,0,0,5,20,22,18,22,20,58,61,81,95,144,131,153,170,187,202,228,229,225,234,214,25,0,0,0,1,5,5,4,4,6,9,14,17,51,27,38,63,119,93,121,130,141,182,157,19,0,0,0,0,2,4,4,3,1,2,2,4,5,7,7,16,36,17,25,33,38,47,68,10,0,0,0,0,2,5,5,5,0,2,2,2,5,2,2,5,5,3,2,3,3,5,7,3,0,0,0,0,0,1,2,0,1,2,2,3,5,2,3,3,6,2,4,1,0,0,0,0,0,0,0,0,0,1,1,0,0,1,0,1,2,2,1,3,3,6,1,0,0,0,0,0,0,0,0,0,0,0,0,0,0,0,0,0,0,0,0,1,0,2,0,0,0,0,0,0,0,0,0,0,0,0,0,0,0,0,0,1,0,0,0,0,0,0,0,0,0,0,0,0,0,2
0,0,0,2,3,1,3,0,0,0,0,0,0,0,0,0,0,0,0,0,0,0,0,0,0,8,1,2,2,1,2,2,2,3,4,1,2,2,1,5,7,4,0,0,0,0,0,0,0,3,1,1,5,3,0,1,2,2,2,2,3,6,5,3,4,4,3,2,1,1,1,4,0,1,1,3,5,3,1,3,6,9,11,21,33,30,21,17,11,7,3,1,3,3,3,2,0,1,1,4,4,2,3,11,38,65,64,87,153,156,148,138,98,36,11,3,2,3,5,2,0,1,3,4,6,4,11,48,122,181,180,193,235,243,241,237,203,134,75,22,4,3,3,6,0,2,4,2,3,12,49,136,216,242,246,249,251,252,250,251,247,238,183,75,14,2,2,5,0,2,1,1,4,34,140,225,248,253,254,254,254,252,250,253,253,251,237,157,22,7,3,0,0,1,2,3,13,58,166,244,253,254,254,254,254,254,253,254,253,252,247,182,52,11,5,0,0,1,2,5,44,148,224,247,253,254,255,255,255,255,255,255,254,253,249,233,162,37,8,0,0,1,1,7,63,177,241,250,253,254,255,255,255,255,255,255,255,253,251,245,217,120,12,0,3,3,2,8,69,184,245,252,253,253,255,255,255,255,255,255,255,254,252,249,229,131,16,0,1,4,4,9,74,188,246,252,253,254,255,255,255,255,255,255,255,254,252,250,228,123,16,0,1,4,4,9,73,179,239,251,254,255,255,255,255,255,255,255,255,254,253,250,222,112,12,0,1,2,3,8,46,132,215,249,254,254,255,255,255,255,255,255,255,253,252,243,197,85,8,0,5,2,1,4,18,90,197,248,254,254,255,255,255,255,255,255,254,252,250,223,118,24,5,0,7,2,2,4,12,85,193,244,252,253,254,254,254,254,254,254,254,253,249,213,99,14,5,0,3,2,3,4,10,56,144,220,248,252,253,253,251,253,253,254,253,250,234,177,72,11,3,0,2,3,2,2,6,20,68,153,222,245,250,253,251,252,250,248,245,231,177,87,24,8,2,0,2,2,2,2,2,6,19,66,137,179,228,245,245,244,234,194,172,149,82,23,6,3,4,0,3,0,2,2,1,4,8,16,30,63,152,173,175,173,158,84,48,35,18,6,3,4,5,0,4,1,0,2,3,2,5,8,6,12,22,30,32,29,25,19,12,6,4,2,3,9,1,0,3,1,0,4,2,2,3,1,1,3,1,1,8,6,2,1,2,3,2,2,1,0,0,0,0,0,0,0,0,0,0,0,0,0,0,0,0,0,0,0,0,0,0,0,0,0,0,0,1
0,0,0,0,0,0,0,0,0,0,0,0,0,0,0,0,0,0,0,0,0,0,0,0,0,1,5,8,12,13,12,10,6,2,1,1,1,1,1,2,0,0,0,1,3,0,0,0,0,6,15,58,87,97,104,107,52,21,19,20,21,21,15,13,9,5,4,2,1,0,0,0,0,3,26,144,204,213,219,218,175,150,155,162,169,171,153,56,55,47,19,5,2,3,0,0,0,4,25,167,240,249,251,249,244,243,243,244,245,245,237,196,188,152,51,6,2,3,0,0,0,2,21,165,243,253,254,254,254,254,254,254,254,254,252,249,242,203,70,9,2,1,0,0,0,0,21,163,244,254,255,254,254,254,254,254,254,254,254,253,251,220,79,9,0,0,0,0,0,6,28,166,247,255,255,255,255,255,255,255,255,255,255,254,247,223,78,6,0,0,0,0,0,11,128,224,250,255,255,255,255,255,255,255,255,255,255,254,242,131,30,4,0,0,0,0,0,16,128,229,252,255,255,255,255,255,255,255,255,255,255,255,238,118,22,1,0,0,0,0,0,15,121,224,252,255,255,255,255,255,255,255,255,255,255,255,239,130,28,2,0,0,0,0,0,13,113,219,251,255,255,255,255,255,255,255,255,255,255,255,241,143,36,3,0,0,0,0,0,12,104,215,251,255,255,255,255,255,255,255,255,255,255,255,243,156,44,4,0,0,0,0,0,16,102,213,251,254,254,254,254,255,255,255,254,254,254,253,242,166,48,4,0,0,0,0,0,49,154,230,251,254,254,254,254,254,254,254,254,254,253,250,225,136,35,2,0,0,0,0,0,65,184,233,241,241,242,244,247,252,252,252,251,250,250,246,206,75,13,2,0,2,2,0,0,41,121,150,148,143,139,140,198,225,223,218,212,208,209,236,208,74,8,2,2,4,2,0,0,13,29,32,26,20,17,22,80,112,109,103,98,92,96,178,167,59,7,3,3,5,2,0,0,2,3,5,4,1,0,3,7,12,13,12,11,11,18,63,63,24,6,3,1,2,3,0,0,0,2,1,0,0,0,0,0,0,0,0,0,0,3,8,8,5,2,2,1,0,0,0,0,1,6,4,1,1,0,0,0,0,0,0,0,0,1,2,2,1,0,2,2,0,0,0,0,1,0,1,1,0,0,0,0,0,0,0,0,0,0,0,4,3,1,1,1,0,0,0,0,0,0,0,0,0,0,0,0,0,0,0,0,0,0,0,0,0,0,0,0,0,0,0,0,0,0,0,0,0,0,0,0,0,0,0,0,0,0,0,0,0,0,0,0,0,0,0,3
0,0,0,0,0,0,0,0,0,0,0,0,0,0,0,0,0,0,0,0,0,0,0,0,0,0,0,0,0,0,2,2,2,0,4,3,1,1,1,4,0,0,2,0,0,0,0,0,0,0,2,2,1,1,2,2,1,3,4,5,3,3,4,4,4,4,1,4,2,0,0,0,0,0,1,4,3,1,2,3,3,2,4,6,9,12,11,6,3,3,3,2,1,2,2,0,0,1,3,6,3,1,4,5,8,9,17,41,70,84,87,23,14,9,6,3,8,6,3,0,0,2,4,3,2,4,12,54,46,48,69,134,185,199,199,123,119,90,27,15,15,10,5,0,0,2,4,4,6,14,67,143,159,167,183,217,241,246,242,225,222,192,142,132,73,32,13,0,0,3,3,5,16,69,163,198,232,243,247,250,252,252,248,251,250,244,242,235,177,104,45,0,0,3,3,9,42,150,230,247,250,253,254,254,254,253,253,253,253,253,252,250,239,182,91,0,1,4,7,24,116,221,248,253,254,254,254,254,254,254,254,254,253,251,253,252,246,194,82,0,7,3,15,66,166,237,252,252,254,255,255,255,255,255,255,255,254,254,254,253,248,200,100,17,8,4,27,130,232,249,253,253,254,255,255,255,255,255,255,255,255,255,254,254,249,218,156,106,10,5,31,137,239,252,252,254,255,255,255,255,255,255,255,255,255,255,255,253,250,246,240,250,1,4,32,137,240,252,252,254,255,255,255,255,255,255,255,255,255,255,254,253,253,253,253,255,0,3,32,136,239,250,251,253,254,255,255,255,255,255,255,255,255,255,253,252,252,253,253,255,1,5,39,135,226,246,250,252,254,255,255,255,255,255,255,255,255,255,254,252,251,248,247,254,3,6,24,78,166,228,250,253,254,255,255,255,255,255,255,254,255,255,253,250,243,226,202,195,1,4,9,24,93,200,246,252,253,254,254,253,254,254,254,254,254,254,253,249,226,161,75,0,1,2,4,9,51,146,218,246,252,254,252,250,252,254,254,254,254,254,252,244,206,114,16,0,3,3,1,4,15,57,136,210,245,252,252,250,252,253,253,253,253,251,245,213,144,64,7,0,5,4,3,3,3,11,28,108,202,237,246,247,247,245,246,246,243,239,208,138,60,10,2,0,2,4,5,2,1,1,5,20,93,167,183,184,184,182,187,182,168,162,122,48,12,3,0,0,1,3,4,5,4,1,0,4,11,20,25,26,24,25,57,59,27,22,18,9,5,3,0,0,0,0,0,0,0,0,1,2,0,0,2,6,7,4,3,5,6,4,3,3,1,0,0,0,1
0,0,0,0,0,0,0,0,0,0,0,0,0,0,0,0,0,0,0,0,0,0,0,0,0,0,0,0,0,3,6,8,6,3,3,1,0,0,0,0,0,0,0,0,0,0,0,0,0,0,1,5,2,5,18,80,64,18,5,3,1,0,0,0,0,0,0,0,0,0,0,0,0,0,0,2,4,12,62,178,178,55,8,2,0,0,0,0,0,0,0,0,0,0,0,0,0,0,0,1,7,59,141,215,227,121,37,7,1,0,0,0,0,0,0,0,0,0,0,0,0,0,0,2,15,96,193,234,242,202,96,18,3,0,0,0,0,0,0,0,0,0,0,0,0,0,0,8,61,151,221,247,250,239,161,65,16,5,1,0,0,0,0,1,0,0,0,0,0,1,2,14,85,199,238,248,251,247,225,178,105,41,9,1,0,1,0,2,2,2,0,0,0,3,8,34,94,176,240,252,250,249,248,240,209,133,27,4,1,2,3,0,2,4,1,0,0,3,18,85,172,239,249,252,253,253,252,248,237,194,72,17,2,0,0,0,0,0,1,0,0,7,36,137,232,250,253,253,253,253,254,253,247,228,171,60,8,0,0,1,2,2,1,0,0,31,131,205,247,252,251,253,254,254,254,251,248,246,226,111,27,5,2,1,2,2,1,0,0,169,213,242,251,252,251,253,254,254,253,252,252,252,245,207,104,20,6,1,1,1,2,0,0,217,242,246,252,253,250,252,253,253,253,253,252,253,252,241,156,112,26,6,2,2,2,0,0,216,246,250,252,253,251,252,253,252,253,254,253,253,253,249,230,204,126,23,3,1,1,2,0,155,217,246,252,252,252,252,252,253,253,253,252,252,251,251,248,233,196,62,17,8,4,2,0,23,127,235,246,247,249,249,243,239,235,235,235,235,235,235,232,203,183,169,107,29,4,4,0,8,76,180,194,200,208,214,214,149,132,135,140,145,151,156,157,112,78,78,77,26,3,2,0,3,23,64,75,81,88,95,95,43,17,17,18,24,31,38,41,29,12,10,9,5,2,1,0,0,3,6,9,10,11,11,8,5,1,0,0,2,3,5,4,4,4,3,3,1,1,1,0,0,0,1,1,2,2,0,0,0,0,0,0,0,0,0,0,1,1,1,1,0,0,1,0,0,0,0,1,1,1,1,1,0,0,0,0,0,0,1,1,1,2,2,1,1,1,1,0,0,0,0,0,0,0,0,0,0,0,0,0,0,0,0,1,0,0,0,0,0,0,0,0,0,0,0,0,0,0,0,0,0,0,0,0,0,0,0,0,0,0,0,0,0,0,0,0
0,0,0,0,3,1,5,4,1,2,3,2,2,3,4,0,0,0,0,0,0,0,0,0,0,0,0,1,2,3,4,4,2,2,3,3,4,5,3,0,1,0,0,0,0,0,0,0,0,0,0,1,3,4,2,3,2,2,3,5,3,3,3,2,2,1,0,0,0,0,0,0,0,0,0,2,3,3,4,4,7,10,11,16,16,13,9,6,4,5,5,1,0,0,0,0,0,0,1,1,3,6,11,18,55,93,109,63,76,115,44,16,8,3,3,2,3,1,0,0,0,0,3,1,4,7,37,118,199,223,222,170,174,208,159,129,36,11,6,2,1,0,0,0,0,2,1,2,7,18,77,204,243,250,249,243,240,243,238,221,144,84,16,4,6,2,0,0,0,1,5,3,17,75,198,242,252,253,253,253,253,251,251,247,208,136,30,7,6,1,1,0,3,3,7,10,44,189,216,250,252,254,254,254,254,252,251,252,243,217,100,19,8,2,1,0,2,1,4,19,180,235,250,253,254,253,254,254,254,254,253,253,252,242,184,77,13,2,1,0,1,1,8,51,191,247,253,254,255,255,255,255,255,254,254,253,251,249,211,99,21,2,1,0,0,1,14,150,207,247,251,253,255,255,255,255,255,255,255,254,254,251,234,166,30,4,0,0,0,2,16,130,223,245,252,254,255,255,255,255,255,255,255,255,254,250,216,180,26,5,2,0,0,2,13,73,189,243,251,254,255,255,255,255,255,255,255,255,254,250,208,77,17,3,0,0,0,2,9,54,170,240,252,254,255,255,255,255,255,255,255,254,253,249,221,65,12,3,0,0,0,2,7,41,134,231,251,254,254,254,255,255,255,255,254,252,252,249,207,50,7,2,0,0,0,2,4,41,109,218,249,253,253,253,254,255,255,255,253,252,251,242,195,35,3,5,1,0,0,2,3,11,87,188,234,249,252,251,254,254,254,254,253,251,247,213,72,14,2,8,1,0,0,4,3,5,43,125,178,242,250,250,253,253,254,254,252,244,231,194,48,5,1,2,0,0,0,2,4,2,8,47,138,205,224,240,243,249,250,249,244,213,127,80,23,2,1,0,0,0,0,0,1,0,2,11,64,93,113,198,188,213,213,207,188,167,67,11,5,2,0,0,0,0,0,0,0,0,0,2,8,14,22,85,81,106,105,93,59,57,33,5,2,1,0,0,0,0,0,0,0,0,0,0,0,2,6,6,12,15,15,13,10,6,7,5,3,2,0,0,0,0,0,0,0,0,0,0,0,0,0,0,0,0,0,4,4,3,5,5,5,0,0,0,0,0,1
0,0,0,0,0,0,0,0,0,4,1,0,1,7,1,0,5,3,2,0,1,0,0,0,0,0,0,0,0,2,2,0,3,3,6,6,3,3,2,5,6,3,6,1,3,1,0,0,0,3,1,0,0,2,2,3,2,6,5,2,3,2,1,1,3,4,4,5,2,2,0,0,0,0,4,4,3,1,1,1,9,15,22,17,16,14,12,4,1,2,2,5,1,3,0,0,3,0,1,3,2,4,8,12,26,143,152,147,106,130,94,19,8,7,2,2,1,2,0,0,2,2,0,3,8,15,29,94,153,231,243,239,208,234,197,100,81,15,8,4,1,3,0,0,10,2,3,3,19,121,144,196,210,248,252,250,252,250,245,234,171,70,13,7,2,1,1,0,6,5,1,6,30,194,240,246,250,253,251,251,254,254,252,249,207,188,56,11,4,0,2,0,7,5,5,15,104,210,250,254,255,254,254,254,254,254,254,251,246,208,188,28,8,1,1,0,5,6,13,84,203,244,253,254,254,255,255,255,255,255,254,252,249,246,235,180,20,1,1,4,1,3,14,174,234,252,254,255,255,255,255,255,255,255,255,254,253,253,249,188,25,4,8,1,1,2,18,75,216,251,254,255,255,255,255,255,255,255,255,255,253,252,246,188,24,2,7,4,2,2,19,188,239,250,253,254,255,255,255,255,255,255,255,255,254,253,248,190,28,4,2,1,4,0,28,195,244,252,252,254,255,255,255,255,255,255,255,255,254,254,248,195,71,6,4,0,0,1,17,187,240,250,254,254,255,255,255,255,255,255,255,255,254,252,248,184,31,7,4,0,0,0,10,35,206,250,252,254,255,255,255,255,255,255,255,255,254,253,243,179,25,3,2,4,0,9,2,22,188,240,251,254,255,255,255,255,255,255,255,255,255,254,240,116,22,4,2,3,0,7,2,18,86,209,250,254,254,255,255,254,254,254,254,255,254,252,230,113,10,4,6,6,0,2,4,7,25,182,237,251,253,252,253,254,252,252,252,250,247,241,200,29,6,4,2,6,0,0,0,3,14,32,189,220,246,251,253,254,251,251,246,213,177,166,112,15,2,2,4,0,0,0,0,3,5,19,101,129,212,245,248,249,248,246,230,123,35,21,13,8,1,4,10,0,0,0,2,1,2,12,13,25,122,168,202,185,185,184,168,23,10,9,6,3,1,3,1,0,0,0,3,2,3,2,6,10,17,23,25,25,26,26,17,11,1,1,3,0,0,0,0,0,0,0,0,3,5,2,0,8,12,8,4,2,0,6,8,0,0,0,0,0,0,0,0,0,1
0,0,0,0,0,0,0,0,0,0,0,0,0,0,0,0,0,0,0,0,0,0,0,0,0,0,0,0,0,0,0,0,0,0,0,0,0,0,0,0,0,0,0,0,0,0,0,0,0,0,0,0,0,0,0,0,0,0,1,1,1,4,0,2,5,9,11,8,5,0,0,0,0,0,0,0,0,0,0,0,0,0,0,0,4,9,13,14,37,69,67,50,14,1,0,0,0,0,3,2,0,0,1,1,3,9,13,16,24,97,106,108,145,199,170,106,26,1,0,0,0,0,3,2,3,9,14,21,25,73,137,140,146,211,220,222,231,226,179,75,15,3,0,0,0,4,14,24,26,34,162,171,175,201,232,236,238,246,250,250,248,229,170,76,15,2,0,0,0,12,98,172,178,189,230,240,243,248,251,252,252,252,253,252,247,198,94,26,6,1,0,0,0,19,182,229,240,243,250,252,253,253,253,253,252,252,253,251,239,177,49,7,4,1,0,0,0,18,167,225,248,251,253,252,253,254,254,253,251,251,252,250,235,161,30,4,2,2,1,0,0,10,78,149,227,246,252,252,253,253,254,254,253,252,252,247,214,126,17,2,2,2,1,0,0,3,13,33,117,230,248,251,250,252,254,254,253,252,250,235,164,49,8,1,2,2,2,0,0,0,2,7,51,148,235,247,250,252,253,253,253,251,243,193,100,14,4,2,1,2,3,0,0,1,1,2,12,81,204,229,245,251,252,251,252,250,204,113,31,6,2,1,1,1,1,1,0,1,1,1,5,38,111,180,221,241,249,250,250,249,224,100,11,1,0,0,0,0,0,0,0,0,1,3,2,6,17,55,141,214,244,252,253,247,218,71,6,0,0,0,0,0,0,0,0,0,0,1,1,1,2,8,52,148,222,245,245,240,160,22,2,0,0,0,0,0,0,0,0,0,0,0,0,1,1,1,12,81,181,207,228,229,105,17,1,0,0,0,0,0,0,0,0,0,0,0,0,0,0,0,5,38,95,111,189,204,128,15,2,1,0,0,0,0,0,0,0,0,0,0,0,0,0,0,1,7,12,42,97,115,39,9,3,3,0,0,0,0,0,0,0,0,0,0,0,0,0,0,1,2,3,6,11,13,10,5,1,0,0,0,0,0,0,0,0,0,0,0,0,0,0,0,0,2,2,2,2,3,6,6,3,1,0,0,0,0,0,0,0,0,0,0,0,0,0,0,0,0,0,1,2,2,1,3,1,2,2,0,0,0,0,0,0,0,0,0,0,0,0,0,0,0,0,0,1,1,0,0,0,0,0,0,0,0,0,0,0
0,0,0,0,0,0,0,0,1,1,1,3,2,0,0,0,0,0,0,0,0,0,0,0,0,0,0,0,0,0,0,2,6,6,4,2,1,2,1,0,0,0,0,0,0,0,0,0,0,0,0,0,0,0,0,1,4,10,17,16,8,5,1,0,0,0,0,0,0,0,0,0,0,0,0,0,0,0,2,4,4,34,96,107,53,16,2,0,0,0,0,0,0,0,0,0,0,0,0,0,0,0,0,3,6,38,125,199,175,59,11,2,0,0,0,0,0,0,0,0,0,0,0,0,0,0,0,0,5,57,177,232,213,122,33,6,0,0,0,0,0,0,0,0,0,0,0,0,0,0,0,0,8,66,199,241,238,201,100,26,5,0,0,0,1,1,1,0,0,0,0,0,0,0,0,1,18,103,231,251,250,229,207,98,27,7,2,2,2,1,0,0,0,0,0,0,0,0,0,1,29,177,242,253,252,250,237,202,110,29,5,2,2,1,0,0,0,0,0,0,0,0,1,5,30,191,248,253,250,249,248,238,215,96,23,3,1,1,1,0,0,5,3,0,1,3,5,13,59,197,249,252,252,252,251,248,236,177,62,8,1,1,2,0,0,0,3,2,1,1,4,38,154,234,251,253,253,254,253,250,247,226,112,27,5,2,1,0,0,0,1,1,1,2,12,66,206,247,251,253,254,254,253,251,251,242,184,81,21,9,3,0,0,0,1,2,3,9,45,134,228,251,251,253,254,254,253,253,252,250,237,182,131,67,13,0,0,0,2,2,3,20,88,195,243,252,251,252,253,254,253,253,252,253,250,246,230,159,61,1,0,0,1,2,3,12,75,187,241,252,252,250,252,253,253,253,253,253,254,252,243,210,114,3,0,0,0,1,4,15,88,199,242,251,253,252,253,253,253,253,253,252,251,250,233,217,155,81,0,0,0,1,5,25,129,228,249,252,253,252,252,253,252,248,241,235,233,231,215,150,122,103,0,0,1,4,14,73,176,237,251,252,251,247,244,243,240,221,174,163,157,152,138,48,31,14,0,0,0,4,43,146,215,244,247,246,240,206,189,182,177,147,66,53,49,44,33,12,5,1,0,0,0,4,46,156,212,216,209,200,187,114,80,72,66,50,12,6,6,6,4,5,5,6,0,0,0,3,32,119,149,111,102,93,82,34,11,7,6,5,2,0,0,0,0,0,0,0,0,0,0,1,20,80,71,18,12,11,9,5,2,0,0,0,0,0,0,0,0,0,0,0,0,0,0,0,3,2,2,3,1,0,1,1,0,0,0,0,0,0,0,0,0,0,0,0,0
0,0,0,0,0,0,190,181,181,1,0,2,2,2,0,0,0,0,0,0,0,0,0,0,0,0,0,0,15,165,231,243,236,178,159,31,14,8,1,1,0,0,0,0,0,0,0,0,0,0,0,9,32,184,248,252,251,249,236,178,159,31,14,8,1,1,0,0,0,0,0,0,0,0,7,23,173,237,251,254,254,254,251,249,236,178,159,31,14,8,2,2,0,0,0,0,0,0,16,163,192,249,255,255,254,254,254,254,251,249,236,178,159,31,15,12,5,1,1,0,0,7,31,180,244,252,255,255,255,255,254,254,254,254,251,249,236,178,159,31,16,7,3,0,0,16,163,192,249,255,255,255,255,255,255,255,254,254,254,254,251,249,235,176,141,20,2,1,0,31,180,244,252,255,255,255,255,255,255,255,255,255,254,254,254,254,248,242,203,36,4,4,2,163,192,249,255,255,255,255,255,255,255,255,255,255,255,255,254,254,250,226,198,34,4,3,1,180,244,252,255,255,255,255,255,255,255,255,255,255,255,255,255,254,250,216,52,14,3,3,189,191,249,255,255,255,255,255,255,255,255,255,255,255,255,255,255,253,227,199,35,3,2,0,190,242,251,254,255,255,255,255,255,255,255,255,255,255,255,255,254,243,209,45,12,1,0,0,190,238,247,254,254,254,255,255,255,255,255,255,255,255,255,255,253,219,55,27,2,0,0,0,139,143,231,246,250,255,254,254,255,255,255,255,255,255,255,254,243,201,37,4,1,0,0,0,4,28,131,150,237,246,250,255,254,254,255,255,255,255,255,253,219,55,27,2,0,0,0,0,6,7,17,121,136,150,237,246,250,255,254,254,255,255,254,243,201,37,4,1,0,0,0,0,0,2,6,11,22,121,136,150,237,246,250,255,254,254,253,219,55,27,2,0,0,0,0,0,3,0,0,1,6,11,22,121,136,150,237,246,249,251,242,200,37,4,1,0,0,0,0,0,0,1,1,0,0,1,6,11,22,121,136,150,239,245,219,53,27,3,0,0,0,0,0,0,0,0,0,1,1,0,0,1,6,11,22,121,140,222,196,35,6,3,0,0,0,0,0,0,0,0,0,0,1,1,1,0,0,1,7,13,28,113,34,25,4,2,1,2,0,0,0,0,0,0,0,0,0,0,1,1,1,0,0,4,10,9,9,5,4,4,6,4,5,0,0,0,0,0,0,0,0,0,0,0,1,1,2,2,4,4,1,5,4,4,6,5,1,0,0,0,0,0,0,0,0,0,0,0,0,1,2,5,12,0,0,2,2,1,6,4,0,0,0,0,3
0,0,0,0,0,0,0,0,0,0,0,0,0,0,0,0,0,2,1,1,3,0,0,0,0,0,0,0,0,0,0,0,0,0,1,1,1,0,2,4,5,6,6,3,2,2,0,0,0,0,0,0,0,1,1,0,0,0,0,0,2,2,2,7,27,54,41,6,2,2,0,0,0,0,0,0,0,1,0,0,0,1,1,3,9,21,32,44,95,132,70,7,2,1,0,0,0,0,0,1,0,0,1,2,5,11,15,20,71,134,144,153,183,152,49,7,3,1,0,0,1,1,0,1,3,7,11,14,44,106,119,130,175,224,230,230,224,149,43,6,2,2,0,0,9,8,7,8,17,75,89,100,137,207,219,225,238,248,250,249,231,157,52,4,1,2,1,0,0,29,58,73,87,183,199,207,222,244,250,251,252,253,253,247,191,79,13,2,1,2,1,0,0,58,144,185,201,236,246,248,250,252,253,253,253,252,253,243,140,24,5,1,1,1,1,0,0,32,132,220,243,251,252,252,252,253,252,253,253,252,252,241,156,47,5,0,1,2,1,1,0,10,75,186,233,251,253,253,251,253,253,253,252,250,250,240,178,64,4,1,2,1,1,2,0,4,22,92,194,235,249,253,253,249,253,254,253,250,247,228,123,18,3,1,0,3,3,0,0,1,6,18,37,152,236,250,251,252,253,254,254,252,242,189,77,10,2,1,0,2,2,0,0,1,1,4,12,85,173,228,249,250,253,253,253,249,234,180,77,9,2,1,0,1,1,0,0,0,0,1,5,12,33,165,229,247,252,253,250,247,234,173,61,6,1,0,0,0,0,0,0,1,0,0,3,1,11,71,125,223,247,253,250,246,200,88,17,3,0,0,0,0,0,0,0,0,0,0,2,1,6,10,28,113,234,250,253,244,159,27,3,0,0,0,0,0,0,0,0,0,0,0,2,0,3,1,5,24,185,230,234,237,148,21,2,0,0,0,0,0,0,0,0,0,0,3,0,0,1,0,0,8,18,43,203,226,151,18,1,0,0,0,0,0,0,0,0,0,0,0,0,0,0,0,0,0,0,13,98,188,121,14,2,0,0,0,0,0,0,0,0,0,0,0,0,0,0,0,0,0,1,4,21,65,42,8,2,1,0,0,0,0,0,0,0,0,0,0,0,0,0,0,0,0,0,1,4,11,6,4,1,0,0,0,0,0,0,0,0,0,0,0,0,0,0,0,0,0,0,0,6,1,0,0,0,0,0,0,0,0,0,0,0,0,0,0,0,0,0,0,0,0,0,0,0,0,0,0,0,0,0,0,0,0,0,0,0
0,0,0,0,0,0,0,0,0,0,0,0,0,0,0,0,0,0,0,0,0,0,0,0,0,0,0,0,0,0,0,1,2,4,5,3,4,3,5,3,1,1,0,0,0,0,0,0,0,0,0,0,0,0,0,1,2,4,4,7,9,14,15,15,10,7,3,1,0,0,0,0,0,0,0,0,1,5,5,4,4,10,14,27,124,54,123,98,64,25,9,3,0,0,0,0,0,0,1,1,3,4,4,6,15,27,125,173,214,178,213,198,173,109,20,10,4,0,0,0,0,0,3,2,1,2,7,21,90,183,221,243,246,244,244,244,236,169,112,61,10,0,0,0,0,0,1,2,1,6,14,63,146,203,246,250,253,252,252,252,249,234,194,137,23,4,0,0,0,0,2,2,4,16,48,106,209,240,250,252,252,254,254,254,252,249,243,221,114,15,4,0,0,0,6,2,5,39,150,207,245,252,253,254,254,255,255,255,254,253,252,243,171,91,8,0,0,0,5,2,11,59,130,240,252,255,255,255,255,255,255,255,254,253,253,246,219,108,13,0,0,0,3,4,16,87,197,245,254,255,255,255,255,255,255,255,255,254,253,248,212,128,15,0,0,0,2,5,19,108,211,249,253,254,255,255,255,255,255,255,255,255,254,250,232,128,27,0,0,0,2,4,18,96,203,247,252,253,255,255,255,255,255,255,255,255,254,253,236,139,40,0,0,0,1,4,10,42,161,245,253,253,255,255,255,255,255,255,255,255,254,252,233,85,14,0,0,0,0,3,6,38,174,243,253,254,254,255,255,255,255,254,254,253,252,245,208,72,9,0,0,0,0,3,4,31,151,239,251,253,253,254,255,255,254,253,253,252,238,213,111,38,6,2,0,0,0,5,3,19,110,208,246,250,251,253,254,254,253,251,251,249,217,127,35,10,2,1,0,0,0,6,4,8,37,150,209,232,245,249,251,253,253,250,249,235,187,78,14,2,1,4,0,0,0,0,4,3,21,92,131,171,201,211,245,246,243,238,219,181,76,30,5,4,2,0,0,0,0,0,0,1,5,19,58,74,106,149,211,210,145,174,93,65,17,6,2,1,0,0,0,0,0,0,0,0,2,4,8,11,28,74,107,100,45,55,18,7,6,1,0,0,0,0,0,0,0,0,0,0,2,3,3,4,6,10,18,16,8,5,4,4,2,0,0,0,0,0,0,0,0,0,0,0,1,0,2,2,1,1,1,1,1,2,5,2,0,0,0,0,0,0,0,0,0,0,0,0,0,0,4,2,3,2,1,0,0,0,0,0,0,0,0,0,0,0,1
0,0,0,0,0,0,0,0,0,0,0,0,0,0,0,0,0,0,0,0,0,0,0,0,0,0,0,0,1,0,1,1,1,0,0,0,0,0,0,0,0,0,0,0,0,0,0,0,0,0,0,1,1,3,2,0,0,0,0,0,0,0,0,1,2,3,3,2,1,0,0,0,0,3,7,7,5,3,2,1,5,10,14,12,10,9,13,16,20,19,16,9,2,0,0,0,0,11,72,70,54,40,26,22,28,123,118,102,85,69,61,160,165,148,120,44,4,0,0,0,0,20,186,206,196,187,183,178,174,219,224,216,208,199,198,205,231,219,129,36,6,0,0,0,0,25,207,242,246,245,245,244,246,249,251,250,248,246,245,244,242,202,94,12,3,0,0,0,0,19,177,228,245,251,252,252,253,253,253,254,253,253,253,250,219,129,39,6,1,0,0,0,0,10,69,144,215,247,252,253,252,252,254,254,254,252,253,248,212,93,15,2,1,1,0,0,0,2,12,54,167,235,249,253,251,252,254,254,253,252,252,244,184,75,9,1,1,1,0,0,0,0,4,21,106,200,243,251,252,253,254,254,253,251,250,236,139,25,4,2,2,1,0,0,0,0,4,8,41,121,209,247,252,253,253,254,253,251,245,217,80,9,1,1,2,1,0,0,0,0,4,2,9,48,150,237,251,253,253,252,252,250,236,171,25,3,2,2,1,2,0,0,0,0,0,1,4,20,91,194,242,251,252,250,250,245,215,125,15,1,1,1,1,3,0,0,0,0,0,2,3,7,30,104,194,233,245,250,251,233,165,69,8,1,0,0,0,1,0,0,0,0,0,1,1,1,6,26,60,131,207,245,249,229,132,29,3,0,0,0,0,0,0,0,0,0,0,0,0,0,0,2,8,36,141,231,239,215,115,22,2,0,0,0,0,0,0,0,0,0,0,0,0,0,0,0,1,10,89,194,229,170,53,12,1,0,0,0,0,0,0,0,0,0,0,0,0,0,0,0,1,5,25,101,176,119,21,3,1,0,0,0,0,0,0,0,0,0,0,0,0,0,0,0,1,2,6,21,37,26,8,3,1,0,0,0,0,0,0,0,0,0,0,0,0,0,0,0,3,4,5,7,4,2,2,2,0,0,0,0,0,0,0,0,0,0,0,0,0,0,0,0,0,1,3,1,1,3,1,0,0,0,0,0,0,0,0,0,0,0,0,0,0,0,0,0,0,3,3,2,1,1,0,0,1,0,0,0,0,0,0,0,0,0,0,0,0,0,0,0,0,0,0,0,0,0,0,0,0,0,0,0,0,0,0,0,0
0,0,0,0,0,0,0,0,0,0,0,0,0,0,0,0,0,6,5,0,0,0,0,0,0,0,0,0,0,0,0,0,0,0,1,1,1,1,2,4,1,3,0,0,0,0,0,0,0,0,0,0,0,0,0,0,0,1,1,3,10,20,40,13,5,0,0,0,0,0,0,0,0,0,0,0,0,0,0,0,0,1,6,17,76,148,169,68,9,1,0,0,0,0,0,0,0,0,0,0,0,0,0,0,4,11,37,128,192,236,232,109,26,4,0,0,0,0,0,0,0,0,0,0,0,0,2,7,20,100,149,235,247,251,245,226,93,12,1,0,0,0,0,0,0,1,1,0,0,4,13,59,116,220,244,250,253,253,254,243,152,50,5,0,0,0,0,0,0,2,0,2,8,30,89,180,238,248,253,254,254,255,255,250,233,109,20,3,0,0,0,0,0,2,8,17,63,128,231,245,251,254,254,254,255,255,255,255,245,190,78,11,0,0,0,0,0,12,34,75,224,242,249,254,254,254,254,255,255,255,255,255,252,238,125,29,5,0,0,0,0,32,168,230,245,253,254,254,254,255,255,255,255,255,255,255,255,247,221,111,19,3,0,0,0,102,171,232,252,253,254,255,255,255,255,255,255,255,255,255,255,253,243,149,51,11,1,0,0,17,101,212,248,253,255,255,255,255,255,255,255,255,255,255,255,254,248,230,124,24,3,0,0,5,52,149,231,252,255,255,255,255,255,255,255,255,255,254,253,252,248,231,132,24,3,0,0,1,12,95,209,246,254,255,255,255,255,255,255,255,254,254,253,248,226,162,80,11,1,0,0,0,4,37,127,226,252,255,255,255,255,255,254,254,254,252,242,198,143,27,12,5,2,0,0,0,1,10,91,204,244,253,255,255,254,254,254,254,247,231,192,38,14,8,2,3,5,0,0,0,0,4,22,110,220,250,254,253,254,254,250,241,224,89,21,9,1,1,1,2,2,0,0,0,0,0,7,78,182,238,252,253,253,245,231,150,28,13,3,0,0,1,1,1,0,0,0,0,0,0,3,17,103,213,246,246,238,203,54,17,7,0,0,0,0,0,0,0,0,0,0,0,0,0,0,7,61,155,220,225,93,49,12,2,0,0,0,0,0,0,0,0,0,0,0,0,0,0,1,4,15,87,116,83,23,7,1,0,0,0,0,0,0,0,0,0,0,0,0,0,0,0,0,1,6,36,28,11,4,0,0,0,0,0,0,0,0,0,0,0,0,0,0,0,0,0,0,0,1,0,0,0,0,0,0,0,0,0,0,0,0,0,0,0,0,0,3
0,0,0,0,0,0,0,0,0,0,0,0,0,0,0,0,2,3,7,1,7,0,0,0,0,0,0,0,0,0,0,0,0,0,0,1,3,7,10,15,52,15,5,3,5,1,0,0,0,0,0,0,0,0,0,0,0,1,2,9,33,56,70,86,133,34,5,2,5,0,0,0,0,0,0,1,2,2,1,3,9,18,32,49,130,175,186,195,182,51,7,0,0,0,0,0,1,0,1,2,10,12,15,21,76,143,156,170,218,243,246,243,204,68,14,2,0,0,0,0,2,2,5,11,37,109,126,141,188,238,244,247,250,253,253,250,234,176,55,4,0,0,0,0,1,4,11,76,131,218,236,242,247,252,254,254,254,254,254,253,249,205,73,7,0,0,0,0,2,3,11,146,185,241,251,253,254,254,254,254,254,254,255,255,251,210,83,9,0,0,0,0,5,1,10,46,188,246,253,253,254,255,255,255,255,255,255,255,252,219,107,27,4,0,0,0,2,0,2,23,175,246,254,255,255,255,255,255,255,255,255,255,254,245,205,87,8,0,0,0,0,0,0,20,166,243,253,255,255,255,255,255,255,255,255,255,255,252,217,102,11,0,0,0,0,0,0,13,127,218,250,255,255,255,255,255,255,255,255,255,255,252,222,114,16,2,0,0,0,0,0,5,28,171,244,254,255,255,255,255,255,255,255,255,255,253,233,157,58,7,0,0,0,0,0,0,20,156,240,253,255,255,255,255,255,255,255,255,255,254,248,218,118,13,1,0,0,0,0,0,15,143,231,251,254,255,255,255,255,255,254,254,254,254,251,225,131,17,3,2,0,0,0,0,8,69,181,243,253,255,255,255,254,254,254,254,254,252,246,223,137,18,4,2,0,0,0,0,2,21,146,234,253,254,254,254,254,254,252,250,248,244,223,165,114,45,5,5,0,0,0,0,0,17,134,229,251,253,253,252,250,249,238,198,185,176,144,62,44,25,5,6,0,0,0,0,1,11,119,214,243,250,245,220,206,198,178,81,67,60,45,13,8,3,3,0,0,0,0,0,0,7,23,127,206,216,203,109,85,78,65,15,7,6,4,3,2,2,0,0,0,0,0,3,5,2,8,51,88,93,80,26,10,9,6,2,0,0,0,0,2,6,0,0,0,0,1,4,4,3,4,7,12,12,8,3,0,0,0,0,0,0,0,1,0,1,0,0,0,0,0,3,1,2,2,1,2,2,1,0,0,0,0,0,0,0,0,0,0,0,0,0,0,0,0,4,0,1,0,0,1,1,0,0,0,0,0,0,0,0,0,0,0,0,0,0,3
0,0,0,0,0,0,0,0,0,0,0,0,0,0,0,0,0,0,0,0,0,0,0,0,0,0,0,0,2,11,20,26,19,10,3,0,0,0,0,0,0,0,0,0,0,0,0,0,0,0,0,0,3,51,188,214,173,70,17,5,0,0,3,3,1,0,0,0,0,0,0,0,0,0,0,0,4,48,158,226,227,172,74,9,1,3,1,0,0,1,0,0,0,0,0,0,0,0,0,0,3,32,107,195,236,219,115,18,6,4,2,0,1,2,2,0,1,0,0,0,0,0,0,1,1,8,47,147,230,236,152,48,11,3,1,2,1,0,4,4,1,0,0,0,0,0,0,2,2,3,22,107,211,240,196,93,23,5,2,3,3,2,2,2,0,0,0,0,0,0,0,2,3,2,10,58,153,224,229,169,61,10,3,4,4,1,0,0,0,0,0,0,0,0,0,2,3,3,4,27,113,207,241,225,109,22,5,3,3,1,1,0,0,0,0,0,0,3,0,1,2,2,3,8,37,158,237,211,122,38,8,2,1,0,1,0,0,0,0,0,0,2,1,0,2,2,2,6,16,104,203,236,208,123,32,3,3,0,0,0,0,0,0,0,0,1,3,2,0,1,2,4,9,76,170,229,238,188,52,6,0,0,1,1,0,0,0,0,0,0,0,1,1,1,5,4,4,13,76,195,240,171,75,19,3,3,7,3,2,0,0,0,0,0,0,0,1,3,5,4,2,6,42,162,231,227,169,74,14,3,4,2,0,1,1,0,0,0,0,0,0,2,1,0,0,3,43,120,200,238,225,115,21,7,4,2,0,1,2,2,0,0,0,0,0,0,1,1,1,2,8,44,121,225,237,127,43,13,3,1,2,0,1,2,0,0,0,0,0,0,1,1,2,2,2,13,110,221,242,212,127,24,4,1,3,2,0,0,0,0,0,0,0,0,0,0,1,3,3,10,74,176,231,240,184,35,6,3,3,5,0,0,0,0,0,0,0,0,0,0,2,3,2,5,19,69,175,242,223,84,16,5,1,4,0,0,0,0,0,0,1,1,3,1,1,3,1,2,4,30,187,241,240,172,76,9,1,1,0,0,0,0,0,0,0,1,3,1,0,5,5,1,7,20,134,219,242,209,114,17,0,0,0,0,0,0,0,0,3,1,3,4,2,0,2,1,5,11,104,140,238,242,193,25,2,0,0,0,0,0,0,0,0,0,1,1,1,0,1,8,2,6,15,103,229,249,218,34,7,0,0,0,0,0,0,0,0,0,0,0,1,3,8,13,12,5,3,3,208,252,248,171,0,0,0,0,2
0,0,0,0,0,1,0,1,1,203,245,226,36,2,2,2,0,0,0,0,0,0,0,0,0,0,0,0,2,4,0,4,99,192,244,234,125,36,8,4,5,5,0,0,0,0,0,0,0,0,0,0,2,4,2,5,25,134,239,242,129,42,9,3,3,4,1,0,0,0,0,0,0,0,0,1,3,3,2,6,26,139,238,242,194,90,7,2,4,3,2,1,0,0,0,0,0,0,0,0,1,5,3,4,42,140,224,246,196,46,11,4,4,4,0,0,0,0,0,0,0,0,1,1,4,1,1,4,16,139,221,244,226,86,12,3,3,1,1,1,0,0,0,0,0,5,1,2,0,3,1,3,15,73,172,244,224,83,13,1,3,3,1,1,0,0,0,0,0,3,4,0,1,2,2,6,12,76,213,242,182,154,16,1,2,3,2,1,0,0,0,0,0,2,3,4,1,0,1,4,7,84,173,233,226,148,25,4,2,0,0,0,0,0,0,0,0,0,2,0,0,2,3,3,6,21,175,233,223,199,58,6,2,1,3,0,0,0,0,0,0,0,0,1,1,3,6,6,3,24,102,232,242,146,53,10,4,5,6,5,1,0,0,0,0,0,0,0,3,1,3,6,4,18,106,229,242,139,110,12,2,5,5,2,1,0,0,0,0,0,0,0,0,1,1,1,3,25,51,201,241,209,110,16,4,4,4,0,1,4,0,0,0,0,0,0,0,1,3,2,3,10,55,202,242,205,114,20,5,3,2,3,1,2,4,2,0,0,0,0,0,2,1,3,1,10,116,145,241,231,114,26,10,6,2,6,1,1,4,1,0,0,0,0,1,1,3,3,2,11,54,150,236,233,180,83,6,3,2,2,2,1,4,1,0,0,0,1,0,0,1,4,4,9,58,85,223,242,175,28,10,2,2,4,0,0,1,0,0,0,0,1,0,1,3,3,4,7,20,155,226,232,167,77,7,5,3,0,1,0,0,0,0,0,1,4,2,1,2,3,2,3,24,166,194,243,218,70,13,2,2,3,1,1,0,0,0,0,0,4,3,1,2,3,2,4,20,88,195,246,224,140,15,1,3,3,2,0,0,0,0,0,0,3,5,1,1,3,2,5,20,90,189,245,227,137,18,2,3,3,1,0,0,0,0,0,0,0,0,2,0,3,4,5,8,45,194,244,224,134,29,3,1,2,0,0,0,0,0,0,0,0,0,0,0,1,6,3,3,42,192,218,236,194,23,6,1,2,0,0,0,0,0,0,0,0,0,0,0,0,10,10,2,3,127,254,246,116,116,1,7,0,0,0,0,0,2
0,0,0,0,0,2,0,0,0,0,0,0,0,0,0,0,2,2,9,1,3,1,0,0,1,6,3,1,2,2,1,1,1,1,1,1,1,1,1,1,2,5,1,1,1,4,0,0,1,3,1,7,5,1,0,0,0,0,0,0,0,0,0,0,1,1,2,3,1,2,0,0,6,1,1,2,1,6,2,1,1,1,1,1,1,1,1,2,6,11,10,9,7,1,1,0,2,1,3,2,14,20,30,29,29,29,29,29,29,29,29,30,30,39,135,22,8,4,10,0,0,8,4,10,29,212,225,225,225,225,225,225,225,225,225,225,225,231,220,141,14,5,1,0,14,4,2,13,145,234,251,254,255,255,255,255,255,255,255,255,254,251,242,149,19,2,0,0,0,1,4,20,151,242,253,253,254,254,254,254,254,254,254,254,253,254,243,151,19,0,0,0,0,0,2,19,149,243,254,255,255,255,255,255,255,255,255,255,255,255,243,151,19,0,0,0,0,0,0,19,151,243,255,255,255,255,255,255,255,255,255,255,255,255,243,151,19,0,0,0,0,0,0,19,151,243,255,255,255,255,255,255,255,255,255,255,255,255,243,151,19,0,0,0,0,0,0,19,151,243,255,255,255,255,255,255,255,255,255,255,255,255,243,151,19,0,0,0,0,0,0,19,151,243,255,255,255,255,255,255,255,255,255,255,255,255,243,151,19,0,0,0,0,0,0,19,151,243,255,255,255,255,255,255,255,255,255,255,255,255,243,151,19,0,0,0,0,0,0,19,151,243,255,255,255,255,255,255,255,255,255,255,255,255,243,151,19,0,0,0,0,0,0,19,151,243,255,255,255,255,255,255,255,255,255,255,255,254,243,149,19,2,0,0,0,0,0,19,151,243,254,253,254,254,254,254,254,254,254,254,253,253,242,151,20,4,1,0,0,0,2,19,149,242,251,254,255,255,255,255,255,255,255,255,254,251,234,145,13,2,4,14,0,1,5,14,141,220,231,225,225,225,225,225,225,225,225,225,225,225,212,29,10,4,8,0,0,10,4,8,22,135,39,30,30,29,29,29,29,29,29,29,29,30,20,14,2,3,1,2,0,1,1,7,9,10,11,6,2,1,1,1,1,1,1,1,1,2,6,1,2,1,1,6,0,0,2,1,3,2,1,1,0,0,0,0,0,0,0,0,0,0,1,5,7,1,3,1,0,0,4,1,1,1,5,2,1,1,1,1,1,1,1,1,1,1,2,2,1,3,6,1,0,0,1,3,1,9,2,2,0,0,0,0,0,0,0,0,0,0,2,0,0,0,0,0,3
0,0,0,0,0,0,0,0,2,11,1,2,0,1,0,0,0,0,0,0,0,0,0,0,0,36,169,80,12,5,4,1,1,4,5,1,0,0,1,0,0,0,0,0,0,0,0,0,249,230,223,170,77,13,6,6,2,1,6,1,1,1,1,0,0,0,0,0,0,0,0,0,241,239,243,224,162,78,24,14,5,5,3,4,2,1,1,1,0,0,0,0,0,0,0,0,63,171,188,232,238,212,146,67,39,11,5,1,3,2,2,0,0,0,0,0,1,0,0,0,2,82,166,190,235,246,220,151,131,28,6,2,0,4,0,1,3,4,1,0,4,4,2,0,3,15,82,105,191,241,245,222,154,126,21,5,3,1,1,6,5,1,0,2,3,3,4,0,0,4,11,26,108,202,242,245,224,203,120,23,7,2,3,4,5,3,0,1,2,1,4,0,1,2,2,9,36,111,199,236,239,239,200,112,36,14,7,3,5,3,3,2,3,2,2,0,4,1,4,4,8,40,55,131,206,223,240,231,186,89,28,15,6,4,2,4,6,5,0,0,1,2,4,3,3,6,14,50,124,154,223,248,243,186,89,64,17,8,6,1,3,6,1,1,1,1,6,4,2,4,6,9,40,51,155,234,248,242,193,166,72,15,5,3,3,3,3,0,0,1,4,5,4,1,3,5,3,15,52,167,234,247,245,227,164,68,12,6,4,2,3,4,1,2,0,1,1,5,5,2,3,4,17,62,174,235,248,249,221,154,70,21,11,4,2,4,7,1,0,1,0,2,5,7,4,2,5,15,73,170,220,230,238,220,208,137,57,36,8,3,4,4,4,1,1,2,3,4,4,1,3,5,11,24,89,116,193,237,245,215,142,123,29,10,0,1,2,1,0,1,2,2,0,2,4,1,2,5,10,21,113,203,242,245,222,203,117,1,0,0,0,1,0,0,0,0,0,2,1,4,1,6,3,6,31,117,205,244,247,240,200,117,0,0,0,0,0,0,0,0,1,1,1,1,6,2,3,2,10,39,122,208,247,249,239,202,0,0,0,0,0,0,0,0,1,1,0,1,6,2,1,6,5,11,47,125,203,235,241,238,0,0,0,0,0,0,0,0,0,1,0,2,3,5,2,4,4,5,11,19,62,137,159,224,0,0,0,0,0,0,0,0,0,0,2,3,1,1,5,1,6,5,2,4,12,49,64,129,0,0,0,0,0,0,0,0,0,0,2,4,2,2,0,0,1,7,4,3,7,10,9,0,0,0,0,0,0,0,0,0,0,1,1,3,6,6,0,0,0,0,0,0,0,0,0,0,2
0,0,0,0,0,0,0,0,0,1,1,2,5,1,0,1,0,0,0,0,0,0,0,0,0,0,0,0,0,0,0,0,0,1,2,4,3,4,2,1,4,4,0,0,0,0,0,0,0,0,0,0,0,0,0,0,0,1,4,1,3,3,1,1,2,4,1,1,6,0,0,0,0,0,0,0,0,0,0,0,0,1,0,2,1,3,2,3,5,4,3,3,2,4,3,0,0,0,0,0,0,0,0,1,1,0,0,0,2,5,3,3,4,3,2,2,4,12,63,4,0,0,0,0,0,0,0,1,1,1,0,5,3,1,4,2,4,4,9,12,18,74,149,125,0,1,0,0,2,2,0,0,1,0,4,3,3,2,4,8,6,14,52,142,84,162,215,217,0,4,1,1,3,4,0,1,3,3,3,3,6,7,11,18,46,49,160,220,225,239,234,195,0,0,1,1,1,5,3,1,3,1,2,4,11,46,56,137,147,163,229,246,248,244,231,197,0,6,3,5,5,8,8,4,1,8,8,13,49,122,145,211,240,244,247,242,206,196,185,110,4,4,2,2,4,3,3,2,8,28,110,59,130,204,218,243,248,245,210,194,114,48,28,2,2,1,2,4,6,9,10,19,26,122,195,210,236,245,243,221,213,202,121,103,39,7,3,1,3,4,5,10,27,34,101,111,126,203,238,241,246,241,219,152,129,46,20,12,6,2,1,1,6,11,13,35,91,108,195,233,235,245,244,218,156,202,137,43,20,8,5,2,2,1,2,2,1,85,92,103,188,201,243,248,246,226,211,142,67,46,20,14,4,2,1,3,3,3,4,1,87,171,189,231,243,244,240,225,214,153,134,60,12,4,5,4,2,1,4,4,1,1,2,3,181,193,235,246,248,236,178,159,68,25,17,10,5,4,4,4,1,4,4,3,0,1,1,0,253,244,228,185,215,168,69,49,14,4,2,2,3,4,7,1,4,3,2,2,1,0,1,0,241,228,175,98,74,26,14,5,3,2,2,1,5,9,3,2,0,1,1,2,2,1,0,0,204,164,86,22,7,5,4,2,2,3,3,0,2,6,3,0,0,2,2,3,3,1,0,0,0,18,12,6,3,3,4,3,3,3,2,1,0,2,1,1,1,4,4,2,4,2,0,0,0,0,0,8,1,1,5,3,0,1,2,1,0,0,1,0,0,1,0,1,0,0,0,0,0,0,0,0,0,0,4,2,0,1,1,0,0,0,0,0,0,0,0,0,3,0,0,0,0,0,0,0,0,0,0,0,0,0,0,0,0,0,0,0,0,0,0,0,0,0,0,0,2
0,0,0,0,0,0,0,0,3,6,4,1,1,1,0,0,0,0,0,0,0,0,0,0,0,7,1,0,2,8,4,0,0,1,1,3,4,1,0,0,0,0,0,0,0,0,0,0,168,40,8,1,2,2,6,3,1,4,1,2,1,0,0,0,0,0,0,0,0,0,0,0,244,155,43,12,3,5,3,2,5,4,3,0,0,1,0,0,0,0,0,0,0,0,0,0,250,226,149,50,38,10,6,4,3,4,4,0,1,1,0,0,0,0,0,0,0,0,0,0,247,237,220,152,132,56,21,9,3,4,4,3,2,1,1,0,0,0,0,0,0,0,1,0,61,180,231,240,219,203,128,44,10,5,4,2,3,2,0,1,2,1,0,2,2,1,3,0,2,78,178,234,249,244,211,126,48,31,7,2,2,3,2,4,3,1,1,4,4,3,0,0,2,14,84,180,233,241,242,209,129,107,36,7,2,1,6,7,2,0,1,1,2,5,2,1,0,4,16,89,176,191,227,237,212,201,117,41,15,6,3,2,3,5,1,7,1,2,0,0,2,2,5,17,85,33,110,196,236,242,234,192,103,30,11,6,4,1,3,2,5,0,0,2,0,4,2,8,7,10,22,106,198,240,248,244,200,109,94,16,7,7,1,2,6,1,1,3,0,1,6,2,3,7,7,17,108,199,213,244,242,210,189,101,21,6,3,5,2,3,1,3,1,0,5,2,1,1,4,6,20,96,116,196,234,240,235,194,106,25,17,9,5,2,2,5,0,2,1,7,2,5,3,2,7,20,19,43,121,208,241,242,226,178,98,78,15,4,1,3,0,5,2,1,1,1,2,7,6,2,3,8,38,120,203,220,242,234,192,171,84,14,8,0,0,2,4,4,1,0,4,4,2,1,2,2,8,42,117,139,214,245,239,230,176,73,17,0,0,1,2,2,0,1,2,1,0,2,3,2,4,10,38,53,132,206,238,243,232,173,77,0,0,0,0,0,0,1,0,0,1,2,2,3,4,5,5,11,22,59,142,215,228,237,225,182,0,0,0,0,0,0,0,0,0,1,1,1,4,4,2,4,6,11,50,136,160,223,244,239,0,0,0,0,0,0,0,0,0,1,1,0,3,4,2,2,4,6,13,40,53,154,216,215,0,0,0,0,0,0,0,0,0,0,0,1,1,4,4,3,6,2,3,5,15,48,121,1,0,0,0,0,0,0,0,0,0,1,1,2,1,1,1,1,5,7,2,5,2,7,7,0,0,0,0,0,0,0,0,0,0,1,5,4,4,6,3,0,0,0,0,0,0,0,0,0,2
0,0,0,0,0,0,0,0,0,0,0,3,0,0,0,0,0,0,0,0,0,0,0,0,0,0,0,0,0,0,1,0,0,0,0,1,4,3,2,14,105,195,204,146,24,1,0,0,0,0,0,0,0,0,0,1,3,3,0,1,4,3,3,20,154,237,238,164,26,1,0,0,0,0,0,0,0,0,1,4,2,2,1,4,4,5,10,54,181,240,224,149,16,1,0,0,0,0,0,0,0,0,0,1,1,1,3,3,4,12,49,137,217,223,151,49,8,1,0,0,0,0,0,0,0,0,0,0,0,0,5,1,7,47,132,211,232,160,52,14,2,1,0,0,0,0,0,0,0,0,0,1,0,0,2,3,10,74,182,238,231,90,13,4,1,2,0,0,0,0,0,0,0,0,0,0,1,0,2,3,17,113,213,241,209,60,6,1,2,2,1,0,0,0,0,0,0,0,0,0,0,3,2,10,57,171,235,216,136,21,5,2,2,1,1,0,0,0,0,0,0,0,1,1,0,1,4,42,137,216,219,145,50,10,3,3,2,0,0,0,0,0,0,0,1,1,2,4,3,2,13,59,162,228,204,98,16,6,2,3,4,0,0,0,0,0,1,1,2,1,1,3,4,7,43,142,220,232,140,40,8,3,1,4,2,2,1,0,0,0,1,2,2,2,1,4,4,14,91,213,240,204,62,10,4,4,1,2,1,2,2,0,0,0,1,2,1,3,1,4,7,31,136,231,221,128,32,4,3,4,1,0,1,1,1,0,0,0,0,0,0,4,2,5,17,72,162,221,198,108,19,1,3,5,2,0,0,0,0,0,0,0,0,0,0,2,3,11,62,161,221,202,118,32,6,1,0,1,1,0,0,0,0,0,0,0,0,1,1,1,3,19,156,226,234,166,50,8,2,3,0,0,0,0,0,0,0,0,0,0,0,1,1,1,3,26,182,242,227,125,29,4,1,2,0,1,0,0,0,0,0,0,0,0,0,0,2,5,17,76,190,234,185,71,10,3,3,0,1,1,0,0,0,0,0,0,0,0,0,0,2,17,78,184,232,196,96,29,5,1,5,1,0,0,0,0,0,0,0,0,0,0,0,0,3,33,152,236,221,142,70,9,2,1,6,1,1,1,0,0,0,0,0,0,0,0,0,0,1,29,162,222,195,84,11,6,6,1,2,3,2,2,0,0,0,0,0,0,0,0,0,0,1,8,18,33,150,20,4,1,0,0,0,2,1,0,0,0,0,0,0,0,0,0,0,0,0,0,0,0,0,0,0,0,0,0,0,0,0,0,0,0,0,0,0,0,2
0,0,0,0,0,0,0,0,0,0,0,0,0,0,0,0,0,0,0,0,0,0,0,0,0,0,0,0,0,0,0,0,0,0,0,0,0,0,2,4,4,6,2,0,0,0,0,0,0,0,0,0,0,0,0,0,0,0,0,0,1,4,11,22,29,16,4,0,0,0,0,0,0,0,0,0,0,0,0,0,0,0,2,4,16,42,54,113,181,77,11,1,0,0,0,0,0,1,2,3,2,0,0,1,4,6,15,48,71,219,231,235,213,117,28,4,0,0,0,0,5,3,7,6,1,1,3,11,42,65,77,202,237,246,254,250,243,199,82,8,1,0,0,0,2,1,1,2,8,10,35,76,160,227,238,245,253,254,254,253,250,215,117,31,4,0,0,0,2,0,3,7,24,81,134,230,244,250,254,254,254,254,255,255,252,230,177,81,7,0,0,0,0,2,7,35,104,225,242,249,254,254,254,254,255,255,255,255,254,249,211,98,13,1,0,0,2,3,7,73,219,240,253,253,254,254,255,255,255,255,255,255,255,252,229,145,43,5,0,0,4,1,7,50,164,242,253,253,255,255,255,255,255,255,255,255,255,254,247,208,96,12,1,0,1,0,3,13,84,231,251,255,255,255,255,255,255,255,255,255,255,255,252,232,153,49,5,0,0,0,0,4,44,154,243,255,255,255,255,255,255,255,255,255,255,255,253,247,206,91,9,0,0,0,0,1,12,84,230,250,255,255,255,255,255,255,255,255,255,254,253,250,217,110,18,0,0,0,0,0,6,68,147,242,255,255,255,255,255,255,255,254,254,254,254,250,227,163,89,0,0,0,0,0,3,29,91,233,254,255,255,255,255,254,254,254,254,247,241,231,193,89,57,0,0,0,0,0,1,7,74,217,248,254,255,254,254,254,254,248,241,225,98,85,67,20,10,0,0,0,0,0,0,3,30,121,238,253,253,254,254,250,243,228,121,71,20,9,7,4,1,0,0,0,0,0,0,0,8,73,215,243,251,244,237,225,148,67,29,8,3,0,0,2,4,0,0,0,0,0,0,1,4,26,110,227,234,193,68,55,34,10,2,0,0,0,0,1,1,0,0,0,0,0,0,0,2,8,70,194,58,38,13,5,3,1,0,0,0,0,0,0,0,0,0,0,0,2,5,3,2,6,18,28,14,8,3,0,0,0,0,0,0,0,0,0,0,0,0,0,0,0,3,5,1,3,3,3,2,1,0,0,0,0,0,0,0,0,0,0,0,0,0,0,0,0,2,5,0,1,0,0,10,1,2,0,0,0,0,0,0,0,0,0,0,0,3
0,0,0,0,0,0,0,0,0,0,0,0,0,0,3,0,0,0,0,0,0,0,0,0,0,0,0,0,0,0,0,0,0,0,0,1,1,2,5,5,4,1,0,0,0,0,0,0,0,0,0,0,0,0,0,0,0,0,0,0,1,3,1,2,1,0,0,1,6,1,0,0,0,0,0,0,0,0,0,0,0,0,0,0,1,0,1,1,4,1,5,5,2,3,7,8,0,0,1,0,0,0,0,0,0,0,1,1,0,0,0,2,7,2,4,4,4,3,10,35,0,0,3,0,0,0,0,0,0,0,1,1,1,1,7,2,1,7,3,5,10,16,49,117,0,1,1,0,1,0,0,0,0,0,1,2,1,4,7,2,3,7,8,12,35,101,192,251,0,1,2,3,4,0,1,4,1,0,1,2,3,3,3,6,8,10,21,76,97,192,244,251,0,2,4,3,2,2,0,1,4,1,1,4,1,2,4,12,54,77,88,165,187,233,242,254,1,0,2,1,3,0,0,3,4,7,3,1,2,1,7,44,138,159,217,240,243,226,176,156,0,0,2,2,5,2,3,4,5,3,3,7,14,22,36,135,214,227,245,243,229,173,89,51,2,1,0,4,3,4,2,4,3,3,11,21,93,178,200,232,245,243,236,201,177,90,17,1,0,0,5,3,1,4,4,5,12,21,34,89,186,206,241,249,244,210,128,107,25,11,4,0,2,3,4,3,2,4,8,11,48,158,175,231,240,239,238,217,199,128,52,25,7,4,2,0,5,3,2,5,9,13,43,57,147,223,247,249,248,228,165,74,59,22,12,4,4,3,1,5,0,1,5,18,41,108,119,145,214,244,243,234,189,168,63,14,5,6,6,2,2,5,2,0,2,3,16,81,110,196,235,241,238,215,194,106,94,70,21,4,4,4,1,2,4,4,0,0,2,22,87,170,195,242,250,247,223,144,110,30,12,8,6,6,5,4,4,3,7,1,0,0,64,153,216,231,244,231,237,215,150,118,21,5,3,1,2,5,6,3,1,2,1,2,0,0,155,223,247,249,228,176,155,62,24,13,7,1,2,2,1,5,6,2,0,1,2,0,0,0,231,219,227,217,171,90,67,12,5,5,1,3,4,2,0,3,4,1,0,1,3,2,0,0,0,28,33,101,25,15,12,6,3,4,4,3,3,2,1,0,0,0,0,1,0,0,0,0,0,0,4,4,4,1,8,1,1,5,2,1,1,2,1,0,0,0,0,0,0,0,0,0,0,0,0,0,0,0,0,0,0,6,1,0,1,1,0,0,0,0,0,0,0,0,0,0,2
0,0,0,0,0,0,0,0,0,0,0,0,0,0,0,0,0,0,0,0,0,0,0,0,0,0,0,0,0,0,0,0,0,3,15,142,184,215,151,112,18,6,1,0,0,0,0,0,0,0,0,0,0,0,0,0,0,8,55,177,238,245,236,195,116,49,11,4,0,0,0,0,0,0,0,0,0,0,0,0,2,18,151,232,249,252,252,243,221,148,95,13,3,0,0,0,0,0,0,0,0,0,0,0,8,69,186,245,253,253,254,254,249,231,163,93,17,5,1,0,0,0,0,0,0,0,0,3,20,153,233,252,254,254,254,254,253,250,233,199,117,40,11,0,0,0,0,0,0,0,3,14,86,194,246,254,255,255,255,255,254,253,252,245,225,144,92,4,0,0,0,0,0,0,9,84,176,236,252,255,255,255,255,255,255,254,254,253,248,229,102,0,0,0,0,0,0,4,22,155,221,248,254,255,255,255,255,255,255,255,254,252,247,220,114,0,0,0,0,0,0,11,101,202,245,253,255,255,255,255,255,255,255,255,254,251,231,175,26,0,0,0,0,0,5,24,162,236,253,255,255,255,255,255,255,255,255,255,254,244,194,86,11,0,0,0,0,6,17,117,210,247,254,255,255,255,255,255,255,255,255,255,252,219,96,16,3,0,0,0,1,13,114,188,238,252,254,255,255,255,255,255,255,255,255,253,243,194,37,4,0,0,0,0,5,26,169,227,247,252,253,254,255,255,255,255,255,255,254,249,216,82,13,1,0,0,0,0,7,109,206,242,249,253,253,254,255,255,255,255,255,255,252,232,163,49,4,0,0,0,0,0,8,67,184,215,239,250,252,254,254,254,254,254,255,254,247,196,72,10,1,0,0,0,0,0,4,20,61,74,183,211,239,249,253,254,254,254,254,252,235,135,17,2,0,0,0,0,0,0,1,6,9,15,41,58,181,215,240,250,254,253,253,248,190,53,6,0,0,0,0,0,0,0,0,2,2,2,4,28,42,150,165,222,236,248,248,233,150,15,1,0,0,0,0,0,0,0,0,0,0,0,1,2,10,28,53,112,156,218,234,187,31,8,0,0,0,0,0,0,0,0,0,0,0,0,0,0,1,3,9,25,59,142,163,142,15,3,1,2,0,0,0,0,0,0,0,0,0,0,0,0,0,0,1,5,11,30,37,14,9,4,4,1,0,0,0,0,0,0,0,0,0,0,0,0,0,0,0,1,4,4,4,1,0,0,0,0,0,0,0,0,0,0,0,0,0,0,0,0,0,0,0,0,0,0,0,0,0,0,0,0,0,0,0,0,3
0,0,0,0,0,0,0,0,0,255,255,255,255,255,248,254,0,6,0,0,0,0,0,0,0,9,19,29,39,216,225,225,235,245,255,255,255,253,251,233,40,12,0,0,0,0,0,0,0,19,203,225,235,245,255,255,255,255,255,255,255,254,253,244,214,21,0,0,0,0,0,0,0,19,215,239,249,253,255,255,255,254,254,254,254,255,255,254,224,30,0,0,0,0,0,0,1,14,39,233,250,253,254,254,254,255,255,255,255,255,255,255,224,31,0,0,0,0,0,0,0,4,30,222,254,254,255,255,255,255,255,255,255,255,255,255,234,40,11,0,0,0,0,0,0,2,21,214,245,255,255,255,255,255,255,255,255,255,255,255,245,214,21,0,0,0,0,0,0,0,11,40,234,255,255,255,255,255,255,255,255,255,255,255,255,224,30,0,0,0,0,0,0,0,0,31,224,255,255,255,255,255,255,255,255,255,255,255,255,234,40,10,0,0,0,0,0,0,0,30,224,255,255,255,255,255,255,255,255,255,255,255,255,245,214,21,0,0,0,0,0,0,0,21,214,245,255,255,255,255,255,255,255,255,255,255,255,254,224,30,0,0,0,0,0,0,0,10,40,234,255,255,255,255,255,255,255,255,255,255,255,254,223,30,1,0,0,0,0,0,0,0,30,224,255,255,255,255,255,255,255,255,255,255,254,254,231,39,13,0,0,0,0,0,0,0,30,224,254,255,255,255,255,255,255,255,254,254,254,252,239,214,20,4,2,8,0,0,0,0,21,214,245,254,254,254,254,254,254,254,255,255,255,250,245,217,26,2,2,9,0,0,0,0,10,40,233,254,252,254,254,255,255,255,251,248,244,234,166,141,16,3,1,0,0,0,0,0,3,29,221,249,253,255,251,248,244,244,235,166,156,147,31,18,8,1,1,2,0,0,0,0,4,20,211,235,244,244,235,166,156,156,146,29,19,13,10,8,2,4,1,6,0,5,1,2,3,10,26,151,156,156,146,29,19,19,13,8,1,2,3,3,2,1,2,4,0,0,4,7,3,3,7,18,21,20,13,8,1,1,1,1,1,1,1,1,6,1,2,1,0,0,3,7,1,7,2,2,7,3,2,1,1,1,1,1,1,1,1,2,2,7,1,10,0,0,6,1,2,2,4,2,3,2,1,1,1,1,1,1,1,1,1,0,2,0,1,0,0,0,1,0,4,5,1,2,6,2,2,1,1,1,1,0,0,0,0,0,0,0,0,0,0,0,0,0,0,4,2,0,10,2,2,1,0,0,0,0,0,0,0,0,0,0,0,0,3
0,0,0,0,1,4,0,12,1,2,0,0,0,0,0,0,0,0,0,0,0,0,0,0,0,0,0,0,4,1,1,4,1,1,1,1,1,1,1,1,0,0,0,2,0,1,0,0,0,3,0,0,3,1,3,1,5,2,0,0,0,0,0,0,1,1,1,1,8,1,7,0,0,5,4,2,4,6,9,14,11,7,4,1,1,1,1,1,0,0,1,1,4,1,3,1,0,2,8,2,6,14,81,91,91,81,20,10,10,10,7,4,1,2,4,1,2,1,4,0,0,7,1,1,1,23,210,233,234,225,101,91,91,91,81,20,10,11,14,10,6,1,3,0,0,1,0,0,5,29,225,248,254,248,241,235,235,235,225,101,91,91,91,81,13,4,1,0,0,0,0,0,3,29,221,253,252,255,255,255,255,255,248,241,235,234,233,210,23,6,2,4,0,0,0,0,11,40,233,254,254,254,254,254,254,254,254,255,254,254,248,225,30,1,2,11,0,0,0,0,21,214,245,255,255,255,255,255,255,255,255,254,252,252,244,212,20,5,1,0,0,0,0,0,30,224,255,255,255,255,255,255,255,255,255,255,254,254,233,40,10,0,0,1,0,0,0,0,30,224,255,255,255,255,255,255,255,255,255,255,255,254,224,30,0,0,0,0,0,0,0,0,30,224,255,255,255,255,255,255,255,255,255,255,255,255,224,30,0,0,0,0,0,0,0,10,40,234,255,255,255,255,255,255,255,255,255,255,255,255,224,30,0,0,0,0,0,0,0,21,214,245,255,255,255,255,255,255,255,255,255,255,255,245,214,21,0,0,0,0,0,0,0,31,224,255,255,255,255,255,255,255,255,255,255,255,255,234,40,11,0,0,0,0,0,0,2,31,224,254,255,255,255,255,255,255,255,255,255,255,255,224,31,0,0,0,0,0,0,1,4,30,222,254,253,254,254,255,255,255,255,255,255,255,255,224,30,0,0,0,0,0,6,2,3,29,223,250,253,255,255,254,254,254,254,254,255,255,254,224,30,0,0,0,0,0,10,3,10,33,225,241,245,249,252,255,255,255,255,255,254,253,254,222,30,2,0,0,0,0,0,7,8,139,154,164,164,174,236,246,246,246,246,249,251,253,240,214,20,4,0,0,0,0,2,0,8,19,22,21,20,30,154,164,164,164,164,174,235,241,228,36,13,1,1,0,4,0,0,0,4,1,8,3,1,8,13,20,20,20,20,30,154,164,148,17,3,2,5,5,0,0,0,0,0,0,0,0,0,0,2,2,2,2,2,2,1,2,7,1,10,0,10,3,0,0,3
0,0,0,0,0,0,0,0,0,0,0,0,0,0,0,0,0,0,0,0,0,0,0,0,0,0,0,0,0,0,4,5,5,2,0,0,0,0,0,0,0,0,0,1,0,0,0,0,0,0,0,0,0,0,1,1,2,1,0,0,0,0,0,0,0,0,0,3,0,0,0,0,0,0,1,1,0,1,0,1,2,0,1,0,0,0,0,0,0,0,1,1,0,0,0,0,0,3,10,2,7,1,7,4,1,0,1,2,0,0,1,1,0,2,4,2,1,0,0,0,0,1,1,2,2,1,1,1,6,3,0,2,2,0,2,1,0,4,0,0,0,1,0,0,0,18,11,5,2,6,3,1,3,1,2,3,1,4,5,2,1,2,1,2,0,0,1,0,149,131,117,32,27,21,8,8,5,3,1,3,1,4,9,8,1,9,9,6,1,1,1,0,237,221,215,205,187,107,85,31,61,14,6,6,3,5,3,2,2,2,3,7,1,4,0,1,253,241,240,246,214,235,198,192,174,73,53,48,32,15,7,12,9,9,4,1,2,2,4,0,203,106,197,207,239,238,241,246,241,233,179,168,153,44,137,25,25,18,13,9,2,1,1,3,2,77,94,179,115,138,215,228,239,243,242,245,238,232,166,148,136,130,109,23,18,16,12,7,2,8,15,19,23,109,130,136,148,166,232,238,245,242,243,239,228,215,138,118,181,97,74,7,3,0,1,2,9,13,18,25,25,137,44,153,168,179,233,241,246,241,238,239,208,202,103,196,3,4,2,2,1,4,9,9,12,7,15,32,48,53,73,174,192,198,237,214,246,240,241,255,1,0,4,1,7,3,2,2,2,3,5,3,6,6,14,61,31,85,107,187,202,215,221,230,0,1,1,1,6,9,9,1,8,9,4,1,3,1,3,5,8,8,21,27,33,113,130,143,0,1,0,0,2,1,2,1,2,5,4,1,3,2,1,3,1,3,6,3,10,11,18,1,0,0,1,0,0,0,4,0,1,2,0,2,2,0,3,6,1,1,1,2,3,1,6,7,0,0,0,1,2,4,2,0,1,1,0,0,2,1,0,1,4,7,1,7,2,10,1,0,0,0,0,0,1,1,0,0,0,0,0,0,0,1,0,2,1,0,1,0,1,0,0,0,0,0,0,0,3,0,0,0,0,0,0,0,0,0,1,2,1,1,0,0,0,0,0,0,0,0,0,0,1,0,0,0,0,0,0,0,0,0,2,5,5,4,0,0,0,0,0,0,0,0,0,0,0,0,0,0,0,0,0,0,0,0,0,0,0,0,0,0,0,0,0,0,2
0,0,0,0,0,0,0,0,0,4,4,0,0,0,0,0,0,0,0,0,0,0,0,0,0,0,0,0,0,0,0,0,0,2,2,0,1,2,2,4,1,1,4,15,27,17,10,0,0,0,0,0,0,0,0,0,0,0,0,1,2,3,1,4,4,7,25,84,174,202,19,0,0,0,0,0,0,0,0,0,0,0,0,2,3,1,4,9,26,42,95,179,234,217,28,0,0,0,0,0,0,0,0,0,1,1,1,3,3,3,8,34,94,133,182,230,241,202,24,0,0,0,0,0,0,1,0,0,1,2,2,2,6,14,41,105,179,209,228,232,206,135,16,0,0,2,2,1,0,2,2,0,1,2,2,6,29,90,156,198,223,225,206,167,113,47,7,0,0,4,2,1,0,1,4,4,1,2,7,33,100,185,231,233,201,175,124,57,16,7,1,0,0,1,1,2,2,1,4,4,4,9,37,105,194,237,236,200,127,88,48,13,3,0,0,0,0,0,1,3,3,2,4,3,9,39,110,193,239,238,202,119,49,24,12,5,2,1,0,0,0,0,1,3,2,3,6,9,38,114,194,238,238,202,115,33,13,6,3,3,3,2,0,0,0,0,2,3,4,3,11,39,117,200,237,234,195,105,18,7,6,4,1,3,4,0,0,0,0,3,1,2,5,11,39,126,204,236,230,184,101,22,6,2,3,2,3,5,2,0,0,0,0,1,2,10,38,55,133,208,238,228,177,96,25,5,1,5,7,4,1,2,0,0,0,0,0,2,15,52,124,153,216,239,229,172,92,30,6,1,0,1,3,2,0,1,2,1,0,0,0,14,57,132,201,226,243,231,172,88,31,8,2,2,2,0,2,3,1,0,1,1,0,0,0,93,155,203,226,229,217,164,82,28,9,4,2,2,2,1,1,1,0,0,0,0,0,0,0,184,227,217,174,157,83,28,17,7,4,4,4,1,1,1,0,0,0,0,0,0,0,0,0,174,206,159,87,60,14,6,5,2,4,4,2,0,0,0,0,0,0,0,0,0,0,0,0,54,115,75,25,8,6,4,2,3,3,2,1,1,0,0,0,0,0,0,0,0,0,0,0,13,24,16,6,3,1,4,4,0,0,1,2,3,1,0,0,0,0,0,0,0,0,0,0,1,1,1,0,1,2,5,3,0,1,3,2,2,1,0,0,0,0,0,0,0,0,0,0,0,0,0,0,0,0,1,4,2,0,0,0,0,1,0,0,0,0,0,0,0,0,0,0,0,0,0,0,0,0,0,0,0,0,0,0,0,0,0,0,0,0,0,0,0,0,0,2
0,0,0,0,0,0,3,2,4,4,0,3,4,1,1,2,6,0,0,0,0,1,11,0,3,0,0,5,7,2,2,3,5,6,4,2,3,7,6,3,2,1,3,1,5,1,2,0,0,4,4,2,2,4,2,3,2,3,4,6,5,2,3,4,2,9,2,2,4,1,0,0,0,1,2,1,3,1,3,5,13,18,22,26,26,23,14,8,6,5,6,1,2,4,0,0,0,1,10,4,1,3,10,17,37,117,181,188,189,184,127,28,20,13,11,2,3,1,2,0,3,6,4,2,2,7,23,169,188,217,241,247,249,245,222,185,140,128,23,14,2,2,3,0,2,5,2,4,2,13,126,229,248,251,252,251,251,253,251,246,229,216,141,28,14,4,3,1,6,2,2,6,8,26,143,242,254,255,254,254,253,252,254,252,251,248,234,178,19,5,2,0,1,3,2,3,19,127,217,248,254,255,255,255,255,255,255,254,253,254,249,194,37,11,4,0,5,1,5,3,25,179,244,251,254,255,255,255,255,255,255,255,255,254,250,220,124,20,4,5,3,1,3,9,35,186,248,253,254,255,255,255,255,255,255,255,255,254,252,244,191,23,2,11,3,4,2,16,117,218,251,255,255,255,255,255,255,255,255,255,255,253,253,249,197,25,1,7,2,8,2,21,183,242,253,254,255,255,255,255,255,255,255,255,254,252,252,248,196,26,2,0,2,6,2,24,188,247,252,253,255,255,255,255,255,255,255,255,254,253,251,242,192,24,1,2,3,1,3,26,189,247,252,252,254,255,255,255,255,255,255,255,255,254,249,223,132,14,1,3,2,1,1,24,185,242,250,251,254,255,255,255,255,255,255,255,255,253,246,192,29,6,2,1,2,0,2,14,120,208,232,246,251,254,254,254,254,254,255,255,255,253,233,146,21,1,1,2,0,2,2,8,17,30,136,187,246,252,254,254,252,252,254,254,252,246,219,136,13,1,5,3,0,1,3,1,6,9,21,134,218,247,252,252,251,251,253,252,240,197,141,28,7,2,7,8,0,3,0,1,3,6,8,22,131,192,224,246,250,249,244,222,186,35,20,8,5,1,3,5,0,1,1,4,2,1,2,6,17,30,127,192,196,197,189,125,29,12,3,3,0,3,9,0,0,0,1,6,2,4,2,0,0,6,14,23,28,27,22,16,10,1,1,2,1,1,2,3,0,1,3,2,6,3,1,1,2,4,2,2,4,6,3,1,1,1,4,4,4,0,2,4,0,0,0,2,4,6,8,2,8,4,8,9,3,2,4,3,3,6,0,0,0,0,0,0,1
0,0,0,0,0,0,0,0,0,2,0,3,0,0,0,0,0,0,0,0,0,0,0,0,0,0,0,0,0,0,0,3,11,2,6,3,0,0,0,0,0,0,0,0,0,0,0,0,0,0,0,1,2,2,7,16,20,18,7,4,0,0,0,0,0,0,0,0,0,0,0,0,0,0,0,1,3,7,35,119,136,96,24,2,1,0,0,0,0,0,0,0,0,1,0,0,0,0,0,0,2,7,61,209,230,207,54,16,3,1,0,0,0,0,0,2,4,0,0,0,0,0,0,0,2,7,65,227,249,227,223,66,41,3,0,0,2,2,2,4,3,1,0,0,0,0,0,0,0,8,47,215,248,237,241,192,65,15,10,5,4,3,2,2,3,1,1,0,0,0,0,0,1,8,77,226,251,252,249,232,91,148,54,11,5,3,1,2,1,3,0,0,0,0,0,0,0,9,84,202,252,254,250,245,243,229,138,45,5,1,1,5,1,3,2,0,0,0,0,0,4,15,89,231,251,251,250,253,254,249,223,104,35,14,5,1,2,2,0,1,0,0,0,2,8,65,168,236,251,250,254,252,252,253,246,237,211,107,19,6,4,3,1,2,1,0,2,2,9,97,210,231,248,253,254,253,254,250,253,253,244,198,102,24,12,5,2,2,0,0,3,2,11,54,151,236,252,254,255,255,254,250,252,253,247,240,221,162,63,11,3,4,0,0,1,0,12,110,212,239,248,254,255,255,254,253,251,252,254,249,243,186,154,58,14,2,0,1,1,1,14,123,151,240,252,252,252,254,255,253,251,253,254,254,248,234,214,160,141,4,0,1,3,0,14,109,208,246,252,252,253,254,253,254,253,253,253,252,253,250,246,230,156,139,0,4,3,4,16,113,233,249,253,251,254,254,254,252,253,252,252,253,252,247,242,224,188,77,0,2,1,3,14,142,200,252,254,254,253,255,255,254,254,253,247,233,225,221,120,107,96,3,0,0,2,3,20,96,240,252,254,254,254,254,253,253,247,233,221,118,109,95,22,13,10,6,0,0,2,9,57,184,241,252,252,250,251,245,230,226,217,114,98,89,17,9,5,2,3,3,0,0,0,11,143,170,232,244,243,224,219,212,112,103,95,21,12,8,6,2,1,2,2,0,0,0,0,12,38,192,220,219,210,112,104,92,21,12,8,4,1,1,0,4,2,0,0,0,0,0,0,6,120,186,201,106,93,85,16,9,5,1,1,0,0,0,0,0,0,0,0,0,0,0,0,0,0,85,92,1,0,1,4,3,2,0,0,0,0,0,0,0,0,0,0,0,0
0,0,0,0,0,0,0,0,0,0,0,0,0,0,0,0,0,0,0,0,0,0,0,0,0,0,0,0,0,0,0,0,0,0,0,0,0,0,0,0,0,0,0,0,0,0,0,0,0,0,0,0,0,0,2,0,1,1,2,2,1,0,0,0,0,0,0,0,0,0,0,0,0,1,0,4,2,1,4,0,0,0,2,2,1,0,0,0,0,0,0,0,0,0,0,0,28,16,5,2,3,7,5,3,0,3,0,0,0,0,0,0,0,0,0,0,0,0,0,0,186,90,34,31,18,5,3,1,4,1,2,2,0,0,0,0,0,0,0,0,0,0,0,0,250,199,125,158,96,30,13,8,4,2,3,3,0,1,0,0,0,0,0,0,0,0,0,0,212,223,237,236,203,113,71,28,10,5,4,3,3,1,0,3,4,1,1,3,4,1,0,0,98,165,221,236,234,207,140,116,65,35,21,7,2,1,1,5,2,1,0,1,0,0,0,0,0,62,122,169,188,217,234,231,203,127,109,38,13,8,6,4,4,0,5,0,1,0,0,0,1,7,16,54,83,145,209,228,234,217,207,144,90,71,31,8,2,2,1,2,3,0,0,0,0,0,2,6,14,50,98,121,164,213,223,233,214,185,116,40,12,7,2,2,3,2,0,0,0,0,1,2,3,8,11,19,51,127,151,215,241,229,206,132,82,36,17,10,5,2,0,0,0,1,1,2,3,1,3,5,9,35,83,125,200,207,214,216,200,169,113,93,18,6,0,0,0,1,0,2,5,4,3,2,3,6,23,34,59,107,128,209,238,238,218,204,117,31,14,0,0,0,0,1,2,1,0,2,5,6,4,5,8,18,35,110,182,212,236,239,232,196,131,0,0,0,2,3,0,0,0,0,2,1,0,1,1,2,8,16,24,52,135,214,231,237,211,0,0,0,2,2,4,2,0,1,1,0,0,0,2,3,3,2,4,10,36,114,131,174,187,0,0,0,1,2,0,0,0,0,0,0,0,1,0,3,3,2,4,6,10,23,22,44,87,0,0,0,0,0,0,0,0,0,0,0,0,0,0,2,2,2,3,3,5,3,3,7,12,0,0,0,0,0,0,0,0,0,0,0,0,0,1,2,0,1,0,2,3,2,0,0,0,0,0,0,0,0,0,0,0,0,0,0,0,0,1,2,2,1,0,0,0,0,0,0,0,0,0,0,0,0,0,0,0,0,0,0,0,0,1,2,1,0,0,0,0,0,0,0,0,0,0,0,0,0,0,0,0,0,0,0,0,0,0,0,0,0,0,0,0,0,0,0,0,0,2
0,0,0,0,0,0,0,0,0,0,0,0,0,0,0,0,0,0,0,0,0,0,0,0,0,0,0,0,0,0,0,0,0,1,3,3,3,0,0,0,0,0,0,0,0,0,0,0,0,0,0,0,0,0,1,3,10,21,30,64,24,17,12,7,4,1,1,0,0,0,0,0,0,0,0,0,1,6,23,40,52,146,183,178,154,103,79,35,14,4,3,1,0,0,0,0,0,0,0,1,8,22,94,179,196,227,244,245,241,236,215,141,52,13,3,0,0,0,0,0,0,0,1,4,22,74,144,224,246,248,252,253,251,252,247,221,135,44,10,2,1,0,0,0,0,1,3,11,64,181,204,231,251,251,253,254,252,253,252,247,212,118,33,6,5,0,0,0,0,2,5,40,136,233,249,251,253,254,254,254,254,254,254,251,231,176,72,12,5,4,0,0,0,3,11,57,170,244,254,254,254,254,255,255,255,254,254,253,245,226,159,45,4,2,0,0,0,5,16,122,222,248,254,254,255,255,255,255,255,255,255,253,252,247,201,70,12,1,1,0,0,2,15,122,226,249,252,252,255,255,255,255,255,255,255,254,251,249,236,176,40,3,2,0,0,5,11,34,156,246,253,253,255,255,255,255,255,255,255,254,253,251,238,174,43,5,2,0,0,0,5,40,167,241,253,254,255,255,255,255,255,255,255,255,254,252,226,138,34,4,1,0,0,0,5,47,150,236,251,253,254,255,255,255,255,255,255,255,255,251,233,158,39,4,1,0,0,0,6,15,128,226,248,252,253,254,255,255,255,255,255,255,254,249,202,131,33,5,4,0,0,0,4,8,49,169,242,250,252,253,254,255,253,254,254,254,254,246,184,81,17,3,3,0,0,0,0,2,16,128,217,235,243,251,253,254,253,250,253,252,244,232,169,55,9,2,2,0,0,0,0,0,6,18,70,112,200,245,250,252,252,249,250,246,198,86,64,28,5,0,1,0,0,0,0,0,2,5,10,65,136,200,221,242,245,245,238,198,142,31,9,6,3,0,1,0,0,0,0,1,3,2,5,14,64,89,135,165,173,172,164,71,45,9,2,3,3,2,1,0,0,0,0,0,1,0,1,5,8,22,50,43,56,50,41,15,7,3,2,4,2,1,0,0,0,0,0,0,0,1,2,1,2,3,5,6,7,8,5,2,3,2,0,0,0,0,0,0,0,0,0,0,0,0,1,4,2,2,1,2,3,7,9,3,0,0,0,0,0,0,0,0,0,0,0,0,0,0,0,0,0,0,0,0,0,0,0,0,0,0,0,0,0,0,0,0,1
0,0,0,0,0,0,0,0,0,2,29,0,0,0,0,0,0,0,0,0,0,0,0,0,0,0,0,0,0,0,0,0,0,10,45,182,219,223,219,113,75,14,3,0,0,0,0,0,0,0,0,0,0,0,0,0,7,25,158,230,250,253,248,241,211,85,17,6,1,0,0,0,0,0,0,0,0,0,0,1,16,160,231,249,253,254,254,254,246,207,127,46,9,0,0,0,0,0,0,0,0,0,1,10,45,191,249,254,255,254,254,254,253,248,237,170,41,14,6,0,0,0,0,0,0,0,7,48,172,240,252,255,255,255,254,254,254,254,252,240,181,141,16,0,0,0,0,0,0,2,17,136,230,251,255,255,255,255,255,255,254,254,254,251,245,214,24,0,0,0,0,0,2,12,75,183,243,254,255,255,255,255,255,255,255,255,254,253,246,189,24,0,0,0,0,0,6,65,174,235,251,254,255,255,255,255,255,255,255,255,254,251,232,162,15,0,0,5,0,4,17,103,219,250,254,255,255,255,255,255,255,255,255,255,253,238,193,30,7,0,0,2,5,15,76,195,242,253,254,255,255,255,255,255,255,255,255,254,247,208,117,14,0,0,0,2,6,55,189,238,251,253,254,255,255,255,255,255,255,255,254,252,228,129,27,5,0,0,0,5,6,58,189,237,249,253,254,255,255,255,255,255,255,255,254,237,195,71,8,0,0,0,0,1,5,38,116,174,234,250,253,254,254,254,255,255,255,254,249,221,111,19,2,0,0,0,0,1,2,8,17,67,169,218,243,252,254,254,254,254,254,252,234,143,23,4,0,0,0,0,0,2,1,3,4,12,62,106,193,242,251,252,254,253,253,245,190,103,9,0,0,0,0,0,0,6,3,1,1,3,7,16,81,189,211,245,252,252,249,221,115,17,4,0,0,0,0,0,0,2,1,1,0,0,1,3,14,68,100,201,242,246,227,185,25,5,0,0,0,0,0,0,0,0,0,0,0,0,0,1,3,7,22,93,176,208,194,80,13,0,0,0,0,0,0,0,0,0,0,0,0,0,0,0,0,1,5,19,46,103,70,16,7,0,0,0,0,0,0,0,0,0,0,0,0,0,0,0,0,0,1,4,10,15,9,5,3,4,0,0,0,0,0,0,0,0,0,0,0,0,0,0,0,1,1,2,2,3,6,1,2,4,0,0,0,0,0,0,0,0,0,0,0,0,0,0,0,0,0,0,0,0,0,0,0,0,0,0,0,0,0,0,0,0,0,0,0,0,0,0,0,0,0,0,0,0,0,0,0,0,0,0,0,0,0,0,3
0,0,0,0,0,0,0,0,0,0,0,1,4,5,0,0,0,0,0,0,0,0,0,0,0,0,0,0,0,0,0,0,0,0,0,0,1,1,1,0,0,1,5,2,0,0,0,0,0,0,0,0,0,0,0,0,0,0,0,0,0,0,1,2,4,2,2,1,1,4,8,0,0,0,0,0,0,0,0,0,0,0,0,1,1,0,1,3,3,3,5,6,9,22,60,0,0,0,1,0,0,0,0,0,0,0,1,1,1,1,3,3,3,6,17,25,41,89,142,0,0,1,1,1,1,0,0,0,1,1,0,2,2,2,2,4,7,22,73,97,156,179,196,0,0,0,1,2,3,1,0,1,4,3,0,1,2,1,2,7,26,77,159,188,221,238,202,0,0,0,2,2,1,2,0,0,2,6,2,0,1,3,6,24,76,164,224,239,243,222,159,0,0,1,1,1,2,2,0,0,5,4,6,3,6,19,38,79,160,225,245,243,223,166,78,0,0,0,0,1,3,5,1,3,4,3,5,17,46,91,135,172,221,227,207,190,146,78,14,0,0,0,0,2,4,3,1,5,6,12,21,65,148,208,231,237,226,174,98,71,27,13,5,0,2,1,1,3,3,2,2,6,18,39,71,152,217,243,245,225,174,88,33,18,7,2,1,0,2,2,2,2,3,5,7,19,60,80,152,220,242,241,223,170,90,28,12,6,4,1,2,0,3,2,2,1,3,14,46,90,150,168,216,238,228,205,167,93,28,6,3,4,3,2,5,0,1,1,3,10,15,52,150,213,237,240,229,199,157,119,83,30,7,4,4,3,2,1,4,0,1,4,18,54,64,152,220,244,242,233,187,102,36,16,10,4,3,5,5,3,0,0,0,0,2,20,69,143,163,222,243,233,205,181,102,27,7,2,1,1,0,1,3,2,0,0,0,0,32,88,154,215,228,242,231,182,126,95,29,9,4,2,1,3,1,0,2,3,1,0,0,0,158,203,220,237,235,215,167,96,47,29,6,3,3,3,2,1,2,1,0,0,0,0,0,0,186,229,232,203,187,110,45,15,9,6,2,1,2,2,2,1,1,1,0,0,0,0,0,0,134,209,191,120,98,33,7,3,3,3,2,3,2,1,0,0,0,0,0,0,0,0,0,0,91,134,104,21,15,7,3,3,4,2,2,3,1,1,0,0,0,0,0,0,0,0,0,0,0,13,10,4,0,0,2,5,5,3,0,0,1,1,2,1,0,0,0,0,0,0,0,0,0,0,0,0,0,0,0,3,6,0,0,1,1,2,5,3,1,0,0,0,0,0,0,0,2
0,0,0,0,0,0,5,1,4,1,6,3,8,1,4,3,0,0,0,0,0,0,0,0,0,0,0,2,4,2,1,1,2,9,2,4,3,7,3,3,1,3,0,0,0,0,0,0,0,0,0,3,1,3,2,6,5,2,9,6,7,5,5,2,4,5,3,2,2,0,0,0,0,0,1,3,2,2,14,20,22,24,28,117,32,26,18,11,3,2,4,4,2,2,6,0,0,0,0,2,6,11,24,132,202,145,185,212,194,188,179,31,18,13,4,4,3,2,1,0,0,0,1,3,5,17,132,218,244,247,246,249,250,247,234,189,108,21,5,3,1,3,1,6,0,4,4,11,22,44,197,246,253,252,253,254,252,251,248,226,186,36,14,7,3,1,4,1,0,8,2,19,116,211,241,252,254,254,254,254,252,253,253,251,239,187,126,22,7,1,3,0,7,6,10,33,201,245,251,254,255,255,255,255,255,254,254,255,252,244,205,117,7,4,4,7,0,2,18,187,240,251,253,254,255,255,255,255,255,255,255,255,254,251,218,39,13,3,2,6,2,1,26,196,248,253,253,254,255,255,255,255,255,255,255,255,254,253,236,132,19,3,2,6,1,6,33,201,246,252,252,254,255,255,255,255,255,255,255,254,252,251,237,172,18,3,2,3,3,6,123,213,247,253,254,255,255,255,255,255,255,255,255,255,253,253,220,46,16,4,5,0,2,12,35,198,246,253,255,255,255,255,255,255,255,255,255,254,254,253,235,120,16,1,1,3,6,7,124,153,234,253,255,255,255,255,255,255,255,255,255,253,252,250,234,175,14,1,4,3,9,8,19,146,235,253,254,255,255,255,255,255,255,255,254,252,252,249,198,34,10,8,2,2,3,2,7,37,214,245,250,252,254,252,254,254,254,254,253,251,246,233,177,18,3,6,2,0,3,4,2,21,135,192,206,248,254,251,252,254,254,254,253,244,218,134,26,11,1,0,2,0,0,0,3,9,17,39,139,238,251,249,250,252,252,247,245,216,135,20,6,2,0,1,0,0,0,0,2,1,4,15,113,185,206,240,246,233,242,220,148,159,25,9,3,3,0,1,0,0,0,3,4,1,1,6,16,22,36,187,192,136,182,131,29,15,13,6,1,3,2,0,0,0,0,0,0,4,2,2,3,6,12,18,23,22,21,17,7,2,2,3,1,1,1,0,0,0,0,0,0,0,0,0,3,2,3,2,2,1,0,0,2,4,4,2,4,0,3,0,0,0,0,0,0,0,0,0,0,0,3,9,8,4,2,2,1,2,8,8,1,0,0,0,0,0,1
0,0,0,0,0,0,0,0,0,0,6,0,0,4,13,4,0,0,0,0,0,0,0,0,0,0,0,0,0,0,0,0,0,0,1,4,2,11,13,9,1,2,2,0,0,0,0,0,0,0,0,0,0,0,0,0,0,0,1,3,11,40,150,28,11,6,4,2,0,0,0,0,0,0,0,0,0,0,0,0,0,0,0,5,46,153,219,167,71,8,1,1,0,0,0,0,0,3,1,0,1,1,0,0,0,2,8,21,84,224,233,227,107,19,6,1,0,0,0,0,0,4,3,2,3,4,0,0,3,8,56,143,230,238,247,194,169,75,6,1,0,0,0,0,0,0,4,2,1,3,3,4,12,60,110,223,247,254,251,236,145,28,7,0,0,0,0,0,0,1,1,1,1,1,4,11,59,161,173,244,252,252,252,247,192,95,14,3,0,0,0,0,0,3,1,4,4,2,9,27,164,228,247,250,253,250,250,250,241,195,84,11,2,1,0,0,0,2,1,3,7,16,48,184,238,250,253,253,252,254,254,251,246,224,178,20,3,2,2,3,0,4,5,8,50,58,208,242,252,252,253,254,253,254,253,250,243,218,88,34,2,0,2,6,4,3,6,16,76,200,237,252,253,253,250,254,255,255,254,253,250,236,200,32,4,0,1,1,4,13,23,87,188,239,241,251,254,251,254,253,255,254,254,251,248,251,219,71,6,1,1,1,1,87,168,212,239,247,251,252,254,253,250,254,254,254,252,252,253,251,238,93,22,4,1,3,3,131,219,241,250,253,253,253,253,253,254,252,253,254,254,253,251,254,239,201,81,6,4,2,96,168,220,239,244,248,253,253,253,253,254,253,254,254,253,252,254,254,247,128,31,9,0,0,95,116,127,141,150,227,232,233,238,248,253,253,253,253,253,254,254,253,247,210,119,21,5,0,3,16,17,22,120,122,128,128,137,223,233,233,232,236,247,251,251,250,251,246,200,109,14,0,6,3,2,6,11,17,16,16,25,118,127,127,131,140,224,227,225,230,246,243,229,169,27,0,5,1,1,1,1,2,2,1,6,10,15,15,20,110,119,121,121,131,214,220,216,182,103,0,3,2,0,0,0,4,3,1,0,1,1,1,5,10,15,16,16,24,111,120,118,111,17,0,3,2,1,1,2,1,2,2,1,0,0,0,0,1,1,2,3,6,10,15,16,13,5,0,0,0,0,0,0,1,1,0,0,1,1,1,1,0,0,0,0,1,3,4,2,2,0,0,0,0,0,0,0,0,0,0,0,1,1,0,0,1,1,2,0,3,5,6,6,6,0,0,0
0,0,0,0,0,0,0,0,0,0,0,0,0,0,0,0,0,0,0,0,0,0,0,0,0,0,0,0,0,0,0,0,0,1,1,1,0,1,4,6,8,7,6,4,2,0,0,0,0,0,0,2,3,3,4,4,7,11,16,15,14,16,36,81,79,74,64,49,18,3,0,0,0,0,3,20,38,37,31,25,28,122,137,131,125,120,144,197,200,199,191,165,62,7,0,0,0,0,5,59,139,162,161,158,163,221,232,231,228,225,230,242,246,246,237,203,75,7,1,0,0,0,5,41,161,222,234,234,238,248,252,252,252,251,251,251,252,247,223,167,25,5,0,0,0,4,3,16,132,224,250,250,252,252,253,253,253,253,252,252,251,238,185,55,9,1,1,0,0,1,0,7,54,194,244,253,253,251,253,253,253,252,253,254,244,229,57,11,5,0,0,0,0,1,1,2,13,72,228,245,252,250,252,253,253,251,252,253,248,208,35,7,4,0,1,0,0,2,3,0,3,22,95,225,247,249,250,253,254,253,251,252,243,189,46,2,1,1,1,0,0,4,1,4,1,5,34,137,237,251,252,253,254,253,251,250,227,71,12,2,3,0,1,1,0,1,1,1,1,1,12,101,221,245,251,253,253,253,251,240,164,20,3,1,2,0,0,0,0,1,1,0,1,0,6,59,171,236,249,252,251,252,243,188,60,10,3,2,1,3,1,0,0,2,2,0,1,1,3,18,139,227,247,250,250,251,229,69,13,3,2,2,1,2,1,0,0,2,4,0,1,2,1,10,89,161,218,243,253,249,205,28,2,0,0,1,0,0,0,0,0,2,2,0,0,0,1,4,11,20,44,226,250,247,192,32,1,0,0,0,0,0,0,0,0,0,0,0,0,0,0,0,0,2,21,183,239,232,180,29,1,0,0,0,0,0,0,0,0,0,0,0,0,0,0,0,0,0,17,80,227,223,138,15,0,0,0,0,0,0,0,0,0,0,0,0,0,0,0,0,0,1,6,52,178,160,52,10,2,0,0,0,0,0,0,0,0,0,0,0,0,0,0,0,0,2,5,26,70,57,12,4,2,0,0,0,0,0,0,0,0,0,0,0,0,0,0,0,0,2,3,4,7,8,5,1,0,0,0,0,0,0,0,0,0,0,0,0,0,0,0,0,0,1,1,1,2,1,3,5,3,0,0,0,0,0,0,0,0,0,0,0,0,0,0,0,0,0,1,0,1,1,1,1,3,1,0,0,0,0,0,0,0,0,0,0,0,0,0,0,0,0,0,0,1,0,4,1,0,0,0,0,0,0,0,0,0
0,0,0,0,0,0,0,0,0,0,0,0,1,3,3,0,1,9,2,0,0,0,0,0,0,0,0,0,0,0,0,0,0,0,0,2,2,1,1,4,9,2,1,0,0,0,0,0,0,0,0,0,0,0,0,0,0,0,2,4,6,10,16,17,9,1,6,0,0,0,0,0,0,0,0,0,0,0,0,0,0,0,1,2,8,68,144,132,24,7,4,2,0,0,0,0,0,0,0,0,0,0,0,0,0,0,1,6,19,111,223,214,123,21,3,1,0,0,0,0,0,0,0,0,0,0,0,0,0,1,7,20,85,179,240,231,193,30,2,1,0,0,0,0,2,0,1,1,0,0,0,0,0,3,16,125,221,240,242,238,126,37,3,0,0,0,0,0,3,3,3,1,1,2,0,1,2,12,78,182,246,253,253,245,213,59,8,1,0,0,0,0,0,7,3,0,2,4,1,3,9,63,181,240,250,252,252,252,240,120,37,6,0,1,1,0,2,1,1,1,1,1,0,2,19,166,226,246,251,249,250,253,248,232,111,17,3,3,3,0,2,2,1,2,2,0,1,12,51,189,238,249,252,254,253,252,252,247,210,41,8,5,2,0,0,2,4,3,1,0,2,28,183,230,248,253,254,254,253,254,254,251,220,102,10,1,1,1,5,1,1,1,2,4,12,51,211,248,248,251,254,254,255,254,250,253,241,129,28,6,2,11,4,3,2,2,1,6,48,186,239,251,252,252,252,254,255,253,253,252,249,229,134,24,6,0,1,2,2,3,7,17,72,231,250,253,252,253,254,254,254,253,250,253,253,246,212,124,14,5,3,1,0,7,55,74,184,244,254,254,252,253,254,253,253,254,251,253,254,246,236,164,26,1,2,4,4,17,102,170,241,252,253,253,254,254,254,254,253,254,252,253,253,251,245,211,128,0,3,7,12,64,154,223,240,252,250,251,252,253,253,254,254,253,253,253,252,253,250,234,199,144,2,4,63,113,133,209,227,228,230,231,233,234,236,236,236,237,236,240,248,253,252,244,221,224,3,5,12,17,25,126,132,136,136,138,139,140,142,143,143,143,143,153,225,238,242,237,204,0,1,1,2,2,7,12,16,18,17,17,17,18,18,18,17,18,18,29,132,146,151,148,125,0,2,1,3,5,5,3,0,3,2,1,1,1,1,1,1,1,2,7,13,18,19,19,13,0,0,0,0,0,1,5,1,0,0,0,0,0,0,0,0,0,0,4,2,1,1,3,4,0,0,0,0,0,0,1,4,0,2,1,1,1,1,1,2,2,3,1,4,1,2,0,1,0,0
0,0,0,0,0,0,0,0,0,0,0,0,0,0,0,0,0,0,0,0,0,0,0,0,0,0,0,0,0,0,0,0,0,0,0,0,0,0,0,2,5,2,1,2,2,0,0,0,0,0,0,0,0,0,0,0,0,0,0,0,0,0,1,1,6,9,12,12,5,1,0,0,0,0,0,0,0,0,0,0,0,0,0,1,1,5,10,13,19,69,110,78,14,4,0,0,0,0,0,1,1,2,1,0,0,3,7,11,14,34,100,111,122,171,161,76,12,4,0,0,0,0,1,1,2,4,5,7,10,18,79,98,106,134,203,214,218,220,140,39,8,1,0,0,0,0,3,5,8,13,43,80,90,104,187,206,211,223,243,248,247,233,158,57,4,1,1,0,0,3,15,61,73,85,137,192,202,212,240,247,248,250,252,253,244,184,72,14,3,1,0,0,0,10,76,179,189,196,222,243,247,249,251,253,253,253,253,252,235,96,20,4,1,1,0,0,0,20,179,239,244,245,249,252,253,253,253,254,254,252,252,249,224,107,19,1,1,1,1,0,0,25,210,245,250,252,252,252,252,253,253,254,253,252,251,243,213,127,15,0,1,2,0,0,0,19,184,228,242,249,253,251,251,252,254,254,253,251,248,236,180,44,7,0,1,1,4,0,0,10,64,146,187,239,249,252,252,253,254,254,254,251,243,207,117,23,2,3,1,1,3,0,0,2,11,44,141,218,247,253,251,252,254,254,253,251,236,171,97,16,2,1,1,1,1,0,0,0,4,10,46,145,222,245,250,253,253,252,251,248,233,160,74,9,2,0,0,0,0,0,0,0,0,2,9,41,131,182,225,247,251,251,250,247,195,95,22,4,0,0,0,0,0,0,0,0,0,5,1,8,34,69,142,220,249,251,253,242,168,45,6,0,0,0,0,0,0,0,0,0,0,0,2,4,8,28,44,170,230,243,246,234,124,27,4,1,0,0,0,0,0,0,0,0,0,0,1,1,1,4,11,49,124,202,235,226,142,26,3,0,0,0,0,0,0,0,0,0,0,0,1,0,0,0,1,8,42,142,195,196,73,13,2,1,0,0,0,0,0,0,0,0,0,0,0,0,0,0,0,2,21,65,96,99,33,6,2,1,0,0,0,0,0,0,0,0,0,0,0,0,0,0,0,2,6,10,14,11,5,3,1,0,0,0,0,0,0,0,0,0,0,0,0,0,0,0,0,1,3,3,3,1,2,0,0,0,0,0,0,0,0,0,0,0,0,0,0,0,0,0,0,0,0,0,0,0,0,0,0,0,0,0,0,0,0,0,0
0,0,0,0,0,0,0,0,0,0,0,0,0,0,0,0,0,0,0,0,0,0,0,0,0,0,0,0,0,0,0,0,0,0,0,0,0,0,0,0,0,0,0,0,0,0,0,0,0,0,0,0,0,0,0,0,0,0,2,2,2,0,0,0,0,0,0,0,0,0,0,0,0,2,2,2,1,3,0,1,1,0,2,3,3,1,0,0,0,0,0,0,0,0,0,0,0,7,39,11,4,3,3,5,2,0,0,1,3,0,0,0,0,0,0,0,0,0,0,0,0,16,123,58,19,11,6,5,2,2,1,2,1,0,0,0,0,0,0,0,0,0,0,0,0,24,194,176,127,79,24,6,4,1,1,5,1,1,1,0,0,0,0,0,0,0,0,0,0,27,209,239,211,164,83,26,14,7,1,3,1,2,2,0,1,0,0,0,0,1,0,0,0,18,194,230,238,232,212,154,111,30,7,2,1,2,2,0,3,1,0,3,1,1,0,0,0,9,27,98,197,238,243,231,205,115,22,7,4,1,0,2,1,0,1,0,0,1,0,0,0,0,7,31,109,175,218,239,237,204,108,74,30,9,2,2,1,6,2,4,1,1,0,0,0,0,2,8,37,71,130,179,205,236,235,221,145,48,15,8,5,3,3,4,2,0,1,0,0,1,2,2,5,10,19,72,145,204,238,241,219,155,102,63,18,8,5,2,4,1,1,0,0,0,2,3,2,3,5,13,68,90,146,207,223,235,224,170,70,37,9,4,3,3,3,0,0,0,2,2,1,4,3,5,10,15,40,112,160,223,240,228,169,134,38,21,8,3,0,0,0,0,1,0,0,5,4,1,4,4,8,24,69,131,156,214,233,231,196,129,51,10,3,0,0,0,0,0,0,3,5,0,0,6,4,5,10,17,34,133,227,244,238,190,136,68,28,0,0,0,0,0,2,1,2,0,0,2,7,3,1,2,13,42,136,190,209,232,236,206,115,0,0,0,0,0,4,2,2,0,0,1,0,0,0,1,2,10,19,58,105,190,226,224,187,0,0,0,0,1,2,4,4,0,0,1,1,0,1,1,2,2,3,7,28,70,85,79,60,0,0,0,0,0,3,0,0,0,0,0,0,0,1,1,1,2,1,1,3,6,8,7,4,0,0,0,0,0,0,0,0,0,0,0,0,0,0,0,0,1,0,0,0,0,0,0,0,0,0,0,0,0,0,0,0,0,0,0,0,0,0,0,0,0,0,0,0,0,0,0,0,0,0,0,0,0,0,0,0,0,0,0,0,0,0,0,0,0,0,0,0,0,0,0,0,0,2
0,0,0,0,0,0,0,0,0,0,0,0,0,0,0,0,0,0,0,0,0,0,0,0,0,0,0,0,0,0,0,3,2,0,0,0,0,0,0,0,0,0,0,0,0,0,0,0,0,0,0,0,0,1,1,5,3,0,0,0,0,0,0,0,0,0,0,0,0,0,0,0,0,0,0,0,0,2,2,5,2,0,0,0,0,0,0,0,0,0,0,0,0,0,0,0,0,0,0,0,1,0,4,7,2,4,1,0,0,0,0,0,0,0,0,0,0,0,0,0,0,0,1,0,1,4,10,14,9,7,1,0,0,0,0,0,0,0,1,1,0,0,0,0,0,0,1,1,1,11,66,86,67,14,2,0,0,0,0,0,1,1,1,0,0,0,0,0,0,0,0,2,3,26,154,200,99,44,17,7,2,1,1,2,2,2,1,0,1,0,0,0,0,0,0,1,4,40,180,228,227,203,71,41,17,13,4,4,2,1,1,1,1,1,1,0,0,0,0,1,4,33,110,233,236,238,188,99,79,45,19,7,2,1,2,2,2,0,0,0,0,0,0,0,4,47,178,237,253,250,243,226,171,121,87,38,18,8,6,4,3,2,0,0,0,0,0,0,2,22,93,240,253,253,252,250,244,232,177,108,84,70,36,5,2,2,1,0,0,0,0,0,0,17,174,240,250,250,252,253,253,249,222,195,185,147,66,17,9,6,1,0,0,0,0,0,2,28,171,241,252,252,253,253,252,251,249,247,238,207,158,106,79,37,6,0,0,0,0,1,4,55,187,238,252,254,254,254,253,252,253,252,249,244,227,188,154,116,14,0,0,0,0,1,5,32,152,236,252,254,254,254,254,253,252,253,253,251,245,233,216,172,20,0,3,0,1,1,6,65,146,237,251,253,253,254,254,253,252,253,253,252,249,244,229,169,17,0,0,1,1,1,8,72,142,238,252,252,252,254,253,253,252,252,250,244,234,196,172,74,10,0,0,0,2,1,8,76,151,240,252,252,252,253,253,253,250,246,235,193,165,77,43,17,3,0,0,1,3,2,6,58,155,243,253,253,253,253,251,246,236,194,165,76,41,15,4,1,0,0,0,0,1,0,3,26,195,239,253,252,250,245,234,195,163,75,37,15,4,2,0,0,0,0,0,0,1,3,4,33,206,247,249,243,234,199,162,78,32,13,4,2,0,0,0,0,0,0,0,0,0,0,5,95,212,236,232,204,159,144,63,13,4,1,0,0,0,0,0,0,0,0,0,0,0,0,0,4,190,231,209,153,76,1,2,2,0,0,0,0,0,0,0,0,0,0,0
0,0,0,0,0,0,0,0,0,0,0,0,0,0,0,0,0,0,0,0,0,0,0,0,0,0,0,0,0,0,0,0,0,0,1,4,3,1,7,33,21,26,25,18,9,2,0,0,0,0,0,0,0,0,0,0,0,0,3,3,2,4,15,85,176,212,203,149,55,3,0,0,0,0,0,0,0,0,0,0,0,0,3,3,3,10,40,163,235,234,186,93,21,3,0,0,0,0,0,0,0,0,0,1,1,2,3,4,7,28,97,210,240,204,107,28,5,0,0,0,0,0,0,0,0,0,0,0,1,2,1,5,21,80,170,227,212,125,32,5,1,0,0,0,0,0,0,0,0,0,1,0,0,1,1,9,61,151,218,214,144,47,8,1,2,0,0,0,0,1,1,2,1,1,2,3,2,1,3,15,71,169,230,203,105,15,4,2,2,0,0,0,0,0,2,3,2,0,1,3,4,3,9,49,136,217,236,171,67,9,3,3,2,1,0,0,0,2,4,1,0,0,2,3,3,7,40,122,209,240,223,148,40,8,2,3,3,0,0,0,0,0,1,1,2,4,2,3,8,37,112,198,237,227,169,74,17,5,2,4,2,0,0,0,0,0,0,1,3,3,3,9,33,103,187,234,232,178,91,26,6,3,1,4,0,1,0,0,0,1,0,1,4,1,5,25,90,178,231,236,192,105,33,6,4,4,0,0,1,3,0,0,0,1,0,2,3,3,8,62,167,227,240,208,116,37,7,3,5,3,0,1,4,3,0,0,0,1,2,2,2,5,19,82,189,239,214,132,44,8,2,2,3,2,1,0,1,0,0,0,0,0,1,2,1,5,40,134,215,228,161,64,13,2,2,2,1,1,0,0,0,0,0,0,0,0,0,1,3,16,66,152,220,220,152,62,8,1,2,2,2,0,0,0,0,0,0,0,0,0,1,2,13,48,135,206,222,174,85,21,6,3,2,2,1,0,0,0,0,0,0,0,0,0,2,6,33,119,203,234,193,101,32,7,2,3,3,0,0,0,0,0,0,0,0,0,0,0,4,24,107,193,236,229,146,45,11,4,2,3,2,0,0,0,0,0,0,0,0,0,0,0,12,84,183,232,235,190,93,19,5,2,3,3,1,1,0,0,0,0,0,0,0,0,0,0,15,127,199,215,187,117,41,7,3,3,2,2,0,2,2,0,0,0,0,0,0,0,0,0,6,15,24,27,22,14,6,1,0,0,0,0,0,2,3,0,0,0,0,0,0,0,0,0,0,0,0,0,0,0,0,0,0,0,0,0,0,0,0,0,0,0,0,0,0,0,2
0,0,0,0,0,0,0,0,0,0,0,1,2,4,5,6,4,3,2,1,0,0,0,0,0,0,0,0,0,0,1,1,0,1,1,1,0,1,3,6,3,9,8,9,0,0,0,0,0,0,0,0,0,0,1,1,1,0,0,2,2,2,3,12,32,43,125,13,0,0,0,0,0,0,1,1,1,1,1,0,0,1,1,3,5,13,30,47,176,178,134,15,6,0,0,0,1,0,1,1,1,1,1,0,1,3,4,12,31,48,177,195,222,189,69,17,0,1,0,0,0,1,2,3,3,1,2,2,4,24,32,49,181,198,231,242,235,220,143,13,0,2,0,0,1,1,1,3,4,3,12,32,42,51,188,204,234,243,249,252,247,204,100,14,1,1,2,0,2,2,2,3,12,34,49,188,198,208,237,247,251,252,252,254,246,207,110,8,1,4,0,0,4,5,13,33,52,189,206,215,246,249,253,254,254,254,254,254,244,148,29,10,0,0,2,2,5,34,53,193,206,238,247,248,251,253,253,254,255,252,254,253,243,139,110,8,1,2,2,2,19,192,212,241,249,248,252,252,252,253,252,254,254,254,251,252,244,215,49,7,1,2,0,1,186,183,238,250,251,252,252,253,252,252,254,255,254,251,253,251,243,152,29,4,1,1,2,1,54,163,214,236,238,249,252,253,253,250,254,255,254,254,249,248,242,207,64,3,1,3,1,2,1,23,111,187,218,244,247,254,252,253,253,254,255,254,254,250,240,171,32,7,1,4,4,1,3,5,16,110,154,226,241,250,254,253,252,254,254,255,254,249,234,212,87,7,0,0,1,0,4,3,8,12,29,140,223,242,248,250,252,254,254,253,253,251,238,199,80,9,2,0,0,0,0,1,4,5,9,49,146,166,179,239,253,254,253,252,249,253,234,105,24,4,1,0,0,0,0,0,2,3,4,10,17,28,120,224,243,246,253,248,253,253,233,108,23,2,0,0,0,0,0,0,0,1,4,2,0,9,75,168,110,220,246,251,253,254,235,75,15,3,0,0,0,0,0,0,2,1,4,1,1,5,15,16,31,96,212,239,249,252,232,135,30,3,0,0,0,0,0,0,0,0,2,2,3,5,1,2,4,17,76,141,238,243,231,59,14,4,0,0,0,0,0,0,0,1,5,2,3,3,1,0,0,3,28,63,204,235,221,61,30,1,0,0,0,0,0,0,0,0,5,2,0,1,0,0,0,1,3,14,48,67,204,175,11,1,0,0,0,0,0,0,0,0,2,0,0,0,0,0,0,0,1,1,4,38,0,0,0,0,0,0,0,0,0
0,0,0,0,0,0,0,0,0,0,0,1,2,2,0,1,4,0,2,0,0,0,0,0,0,0,0,0,0,0,0,0,0,1,1,0,0,1,5,2,4,7,0,3,10,0,0,0,0,0,0,0,0,0,1,1,1,0,0,1,2,15,20,29,20,7,1,1,0,0,0,0,0,2,2,0,1,1,0,0,0,1,1,11,20,39,216,217,141,20,10,0,0,0,0,0,0,5,2,1,0,0,0,1,11,20,29,39,216,235,241,244,167,136,13,2,0,0,0,0,1,7,1,1,2,1,11,20,39,216,225,235,245,254,254,250,238,148,19,0,0,0,0,0,0,1,5,6,10,20,39,216,235,245,255,255,254,254,253,255,247,161,29,6,0,0,0,0,4,8,20,29,39,216,235,245,255,255,254,254,255,255,255,255,251,233,142,13,0,0,0,0,10,16,135,217,235,245,255,254,254,254,255,255,255,255,255,255,255,247,161,29,6,0,0,0,1,13,142,230,247,254,253,254,255,255,255,255,255,255,255,255,255,250,233,142,13,0,0,0,0,10,29,159,245,254,255,255,255,255,255,255,255,255,255,255,255,255,243,151,19,0,0,0,0,2,13,142,233,251,255,255,255,255,255,255,255,255,255,255,255,255,247,161,29,7,0,0,0,0,7,29,161,247,255,255,255,255,255,255,255,255,255,255,255,255,251,233,142,13,2,0,0,0,0,19,151,243,255,255,255,255,255,255,255,255,255,255,255,255,254,245,159,29,10,0,0,0,0,13,142,233,250,255,255,255,255,255,255,255,255,255,254,253,254,247,230,142,13,1,0,0,0,6,29,161,247,255,255,255,255,255,255,255,254,254,254,255,245,235,217,135,16,10,0,0,0,0,13,142,233,251,255,255,255,255,254,254,255,255,245,235,216,39,29,20,8,4,0,0,0,0,6,29,161,247,255,253,254,254,255,255,245,235,216,39,20,10,6,5,1,0,0,0,0,0,0,19,148,238,250,254,254,245,235,225,216,39,20,11,1,2,1,1,7,1,0,0,0,0,2,13,136,167,244,241,235,216,39,29,20,11,1,0,0,0,1,2,5,0,0,0,0,0,0,10,20,141,217,216,39,20,11,1,1,0,0,0,1,1,0,2,2,0,0,0,0,0,1,1,7,20,29,20,15,2,1,0,0,1,1,1,0,0,0,0,0,0,0,0,0,10,3,0,7,4,2,5,1,0,0,1,1,0,0,0,0,0,0,0,0,0,0,0,0,0,0,2,0,4,1,0,2,2,1,0,0,0,0,0,0,0,0,0,0,0,3
0,0,0,0,0,0,0,0,0,1,2,2,3,3,1,176,171,160,199,91,0,0,0,0,0,0,0,0,0,0,1,1,7,13,19,28,145,155,163,230,242,230,164,24,4,0,0,0,0,0,0,3,3,8,13,18,28,145,155,164,229,238,240,248,244,224,124,17,2,0,0,0,0,1,7,13,19,28,140,151,163,229,239,242,249,252,253,250,237,196,121,10,1,0,0,0,2,18,27,135,147,157,224,236,241,250,253,253,252,253,252,251,243,203,28,6,3,0,0,0,151,139,152,220,230,236,248,252,253,253,253,253,252,253,253,246,237,157,28,10,4,0,0,0,121,187,223,233,250,251,252,254,254,254,252,254,252,252,254,246,230,145,117,8,1,3,2,0,79,162,228,246,253,254,254,252,254,253,254,254,254,254,252,249,232,148,40,8,4,1,1,0,4,100,193,233,245,250,254,254,251,254,254,255,253,251,253,245,162,58,10,2,3,1,0,0,0,13,31,129,154,243,253,253,253,251,254,255,254,253,253,241,121,21,4,3,1,1,4,3,1,1,5,17,124,220,244,247,248,253,254,254,254,253,253,237,158,54,5,4,2,1,1,7,5,0,4,8,38,130,152,229,248,251,253,254,253,253,251,233,84,16,5,2,2,0,0,0,0,1,2,3,7,18,110,217,238,248,252,251,251,252,252,193,78,9,2,0,0,0,0,0,2,4,2,1,1,6,51,139,214,235,249,250,250,250,248,225,80,8,0,0,0,0,0,0,2,2,1,1,0,3,8,19,75,177,237,252,254,254,243,197,65,5,0,0,0,0,0,0,0,1,1,1,3,2,1,3,12,71,200,241,253,252,242,95,26,5,1,0,0,0,0,0,0,5,3,0,4,0,1,1,2,13,68,202,220,243,236,195,48,3,0,0,0,0,0,0,0,7,3,1,0,0,0,0,0,3,13,34,96,236,234,107,27,6,3,0,0,0,0,0,0,0,0,0,0,0,0,0,0,0,3,14,43,198,211,39,7,5,4,2,0,0,0,0,0,0,0,0,0,0,0,0,0,0,1,3,13,33,87,18,6,2,1,0,0,0,0,0,0,0,0,0,0,0,0,0,0,0,1,2,4,5,4,6,7,4,3,1,0,0,0,0,0,0,0,0,0,0,0,0,0,0,1,2,2,1,1,0,2,6,2,4,2,0,0,0,0,0,0,0,0,0,0,0,0,0,0,1,0,0,1,1,0,4,0,0,0,0,0,0,0,0,0,0,0,0,0,0,0,0,0,0,2,0,1,0,0,0,0,0,0,0,0,0,0
0,0,0,0,0,0,0,0,0,0,0,0,0,0,0,0,0,0,0,0,0,0,0,0,0,0,0,0,0,0,0,0,0,0,0,0,1,1,0,0,0,0,0,0,0,0,0,0,0,0,0,0,0,2,5,1,2,2,1,2,0,1,0,0,0,0,0,0,0,0,0,0,0,0,0,0,1,4,5,3,4,6,8,10,5,1,0,0,0,0,0,0,0,0,0,0,0,0,0,0,1,2,2,2,8,28,82,63,21,10,3,1,0,0,0,0,0,0,0,0,0,0,0,0,0,0,0,5,24,124,218,180,135,58,43,12,4,2,0,0,0,1,1,0,0,0,0,0,0,0,1,9,83,157,241,244,198,174,134,73,57,14,6,2,0,0,1,0,0,0,0,0,0,0,3,31,108,233,250,251,249,243,204,192,132,96,63,11,3,2,1,0,0,0,0,0,0,1,8,77,166,245,254,254,254,252,250,244,220,199,134,79,20,10,5,0,0,0,0,0,0,3,38,93,234,251,255,255,254,254,254,253,252,245,235,197,138,79,25,0,0,0,0,0,1,8,67,182,244,255,255,255,255,255,254,254,254,254,252,247,236,185,112,0,0,0,0,0,3,41,92,223,252,255,255,255,255,255,255,255,255,254,254,253,245,207,133,0,0,0,0,1,11,62,192,244,254,255,255,255,255,255,255,255,255,255,254,252,237,175,67,0,0,0,0,5,42,164,238,252,255,255,255,255,255,255,255,255,255,255,254,250,220,117,17,1,0,0,2,14,70,187,247,254,254,255,255,255,255,255,255,255,255,255,253,242,179,68,7,1,0,0,3,27,134,230,247,252,253,254,254,255,255,255,255,255,255,255,251,230,137,18,2,0,0,0,4,19,105,202,232,248,252,254,254,254,254,255,255,255,255,255,248,187,66,8,0,0,0,0,1,8,41,88,160,203,239,249,252,254,254,254,254,255,255,252,238,156,18,2,0,0,0,0,0,2,7,15,48,74,174,199,240,250,252,254,254,254,254,249,192,60,9,0,0,0,0,0,0,0,0,3,4,13,43,64,175,202,241,250,252,254,251,238,166,27,2,0,0,0,0,0,0,0,0,0,0,2,4,13,34,74,172,207,241,249,246,193,64,11,0,0,0,0,0,0,0,0,0,0,0,0,0,1,4,12,25,86,170,208,227,171,44,4,0,0,0,0,0,0,0,0,0,0,0,0,0,0,0,2,4,10,23,98,132,52,12,4,0,0,0,0,0,0,0,0,0,0,0,0,0,0,0,0,0,0,0,0,0,0,0,0,0,0,0,0,3
0,0,0,0,0,4,3,58,245,253,240,159,4,2,10,6,0,0,0,0,0,0,0,0,0,0,0,0,1,1,6,30,176,239,231,150,23,5,2,5,0,0,0,0,0,0,0,0,0,0,0,0,2,1,4,64,166,232,242,203,50,5,4,1,0,0,2,4,0,0,0,0,0,0,0,1,4,0,4,16,93,228,246,153,59,13,5,1,4,0,1,3,1,0,0,0,0,0,1,2,0,2,2,9,84,219,236,210,126,17,3,2,4,1,1,2,4,0,0,0,0,0,0,1,0,2,2,8,33,184,239,217,130,19,3,2,3,2,0,1,1,0,0,0,0,1,0,0,1,6,5,7,82,178,234,236,131,42,6,4,4,0,0,0,0,0,0,0,0,1,0,1,5,2,3,6,20,109,230,240,136,46,10,3,3,2,1,1,0,0,0,0,0,2,1,1,1,7,1,7,13,97,193,235,203,111,12,2,3,3,1,1,0,0,0,0,4,1,4,4,1,1,3,1,11,28,190,238,211,116,33,3,2,2,1,0,0,0,0,0,0,2,2,4,1,0,5,4,6,86,114,236,234,121,33,8,1,0,0,0,0,0,0,0,0,0,0,0,1,2,2,3,6,15,103,230,240,127,98,10,2,2,4,3,1,0,0,0,0,0,0,0,1,3,4,5,3,16,41,199,243,208,104,18,2,7,7,4,1,0,0,0,0,0,0,0,0,1,1,2,2,4,37,190,240,214,185,20,2,3,6,1,1,0,1,0,0,0,0,0,0,0,0,2,2,4,33,119,238,240,122,25,8,1,6,1,1,4,2,1,0,0,0,0,0,1,1,2,2,3,28,113,231,237,194,96,10,7,2,7,1,1,4,3,0,0,0,0,0,1,1,2,2,4,9,52,203,247,205,108,17,3,1,2,1,2,5,0,0,0,0,0,0,0,1,1,3,4,7,47,199,242,232,172,16,3,2,6,1,0,0,0,0,0,0,0,1,0,0,4,4,4,7,44,134,241,237,114,25,8,5,6,1,0,0,0,0,0,0,1,4,2,2,3,5,2,5,37,130,235,242,183,82,8,2,4,1,1,0,0,0,0,0,0,1,3,1,4,5,4,5,18,65,215,247,191,92,16,1,2,4,0,0,0,0,0,0,0,3,4,1,1,5,2,5,10,119,210,244,227,167,17,8,3,0,0,0,0,0,0,0,0,0,0,2,0,3,6,3,12,50,150,242,235,94,66,10,0,0,0,0,0,0,0,0,0,0,0,0,0,0,5,1,1,32,153,235,253,183,63,0,0,0,0,0,0,2
0,0,0,0,0,0,0,0,0,0,0,0,0,0,0,0,0,0,0,0,0,0,0,0,0,0,0,0,0,0,0,0,0,0,0,0,0,0,0,0,0,0,0,0,0,0,0,0,0,0,0,0,0,0,0,0,0,0,0,1,3,2,1,0,0,0,0,0,0,0,0,0,0,0,0,0,0,0,0,0,0,0,0,1,3,2,2,1,0,0,1,0,0,0,0,0,0,0,0,0,0,0,0,0,0,0,0,0,1,1,2,1,0,0,4,0,0,1,0,0,0,0,0,0,0,0,0,0,0,1,1,1,1,2,3,2,0,3,3,2,2,3,1,0,0,0,0,0,0,2,4,0,0,2,2,2,3,3,2,2,2,3,3,2,3,2,1,0,0,0,3,4,0,1,3,3,1,2,2,2,3,4,2,3,5,4,6,10,16,24,31,0,0,0,2,3,1,4,1,4,3,1,3,4,8,13,15,21,27,34,37,82,133,151,191,203,0,0,2,1,3,2,3,7,11,15,21,44,57,84,91,120,121,172,170,175,187,223,229,245,0,1,7,12,20,28,29,65,77,107,111,134,165,194,215,217,218,228,228,233,230,227,216,223,0,18,48,108,121,172,167,173,189,217,221,219,231,231,241,239,229,219,193,168,155,134,119,0,0,143,164,164,215,217,236,240,240,239,238,230,210,209,170,167,119,123,110,80,49,35,25,0,0,201,231,233,227,226,216,206,198,181,127,109,49,34,35,49,24,22,23,17,9,5,2,0,0,182,173,173,131,131,114,89,62,60,63,27,16,3,6,7,7,3,4,4,2,1,1,0,0,96,103,57,44,29,29,19,10,8,7,4,3,4,4,4,3,1,3,4,3,2,3,0,0,13,12,13,8,5,5,4,2,2,2,0,3,5,4,3,1,1,2,2,1,0,0,0,0,0,5,3,4,1,3,3,2,2,2,0,1,3,3,0,0,1,1,0,0,0,0,0,0,0,3,4,2,2,2,2,0,0,1,0,0,1,1,0,0,2,2,2,2,0,0,0,0,0,0,1,0,0,1,0,0,0,0,0,0,0,0,0,1,1,2,3,2,0,0,0,0,0,0,0,0,0,1,1,1,0,0,0,0,0,0,0,0,0,0,1,0,0,0,0,0,0,0,0,0,0,0,0,1,0,0,0,0,0,0,0,0,0,0,0,0,0,0,0,0,0,0,0,0,0,0,0,0,0,0,0,0,0,0,0,0,0,0,0,0,0,0,0,0,0,0,0,0,0,0,0,0,0,0,0,0,0,0,0,0,0,0,0,0,0,0,0,2
0,0,0,0,0,0,0,0,0,0,0,0,0,0,0,0,0,0,0,0,0,0,0,0,0,0,0,0,0,0,0,0,0,0,0,2,6,15,10,5,1,4,0,0,0,0,0,0,0,0,0,0,0,0,0,0,0,1,6,10,21,106,111,10,5,2,0,0,0,0,0,0,0,0,0,0,0,0,0,0,3,10,20,92,137,163,95,24,2,2,1,0,0,0,0,0,0,0,0,0,0,0,0,7,17,72,142,168,211,213,185,50,3,1,1,0,0,0,0,0,0,0,0,2,0,6,14,38,154,186,227,235,244,238,136,38,5,1,2,3,1,0,0,0,0,1,1,5,12,26,141,185,233,243,247,251,251,241,155,45,4,1,1,2,1,0,0,0,0,6,13,38,93,184,222,244,249,253,253,252,252,242,160,46,4,2,2,2,1,0,0,0,0,41,77,186,209,241,248,252,253,253,253,251,253,241,159,35,5,1,1,1,1,2,0,0,0,124,204,237,246,250,252,252,252,254,253,251,251,242,180,57,4,0,0,0,2,4,1,0,0,115,206,226,245,252,253,251,252,253,254,252,249,244,190,56,6,0,1,0,1,4,2,0,0,21,66,168,232,244,252,252,251,253,254,253,251,246,204,63,7,0,1,0,1,0,1,0,0,4,11,52,170,219,242,252,251,253,254,253,252,244,218,90,8,1,0,0,0,0,0,0,0,1,2,12,22,82,194,222,241,251,252,252,250,248,222,68,8,1,0,0,0,0,0,0,0,1,0,2,4,13,22,44,200,233,246,250,250,249,187,54,6,0,0,0,0,0,0,0,0,0,0,1,2,2,1,14,82,128,204,241,251,249,222,76,7,0,0,0,0,0,0,0,0,0,0,1,0,2,2,5,9,20,67,208,239,244,200,80,11,0,0,0,0,0,0,0,0,0,0,0,2,2,2,1,0,3,20,96,168,219,217,108,10,1,0,0,0,0,0,0,0,0,0,0,2,2,0,0,0,0,4,12,39,134,169,78,9,3,1,0,0,0,0,0,0,0,0,0,0,0,0,0,0,0,0,1,8,31,74,16,3,1,1,0,0,0,0,0,0,0,0,0,0,0,0,0,0,0,0,0,6,5,9,4,1,1,0,0,0,0,0,0,0,0,0,0,0,0,0,0,0,0,0,0,0,2,7,1,0,2,0,0,0,0,0,0,0,0,0,0,0,0,0,0,0,0,0,0,0,4,1,3,0,0,0,0,0,0,0,0,0,0,0,0,0,0,0,0,0,0,0,0,0,0,0,0,0,0,0,0,0,0,0,0,0
0,0,0,0,0,0,0,0,0,0,0,0,0,0,0,0,0,0,0,0,0,0,0,0,0,0,0,0,0,0,0,0,0,0,0,0,0,0,0,0,0,0,0,0,0,0,0,0,0,0,0,0,2,0,3,0,1,1,0,1,0,0,0,0,0,0,0,0,0,0,0,0,0,0,0,1,6,2,0,6,6,6,5,2,1,0,0,0,0,0,0,0,0,3,0,0,0,0,0,3,7,2,0,16,76,33,25,19,12,2,2,1,0,0,0,1,0,5,0,1,0,0,0,4,2,1,2,22,188,147,141,135,41,31,29,21,8,2,1,1,3,2,0,1,0,0,0,1,0,1,12,37,225,236,236,228,184,180,181,147,44,34,24,16,9,5,1,4,0,0,0,0,0,2,25,197,242,252,253,251,249,248,246,232,209,199,140,78,70,22,5,0,0,0,0,0,0,4,45,226,253,253,254,254,254,254,254,253,252,247,232,209,131,26,5,1,0,0,0,0,2,17,86,237,254,255,255,254,254,254,254,254,254,253,250,232,90,14,2,4,0,0,0,0,4,54,220,247,255,255,255,255,255,255,254,254,254,254,247,222,77,8,0,0,0,0,0,0,6,70,230,255,255,255,255,255,255,255,255,255,255,254,241,113,21,4,0,0,0,0,0,2,14,83,235,255,255,255,255,255,255,255,255,255,255,254,235,103,11,0,0,0,0,0,0,5,54,173,244,255,255,255,255,255,255,255,255,255,255,252,230,96,8,0,0,0,0,0,0,9,94,230,252,255,255,255,255,255,255,255,255,255,255,245,171,50,5,0,0,0,0,0,4,21,114,240,255,255,255,255,255,255,255,255,255,255,255,240,118,16,1,0,0,0,0,1,9,95,214,247,254,255,255,255,255,255,255,255,255,255,250,227,103,8,0,0,0,0,0,2,15,126,236,252,253,254,254,254,255,255,255,255,255,255,244,136,23,4,0,0,0,0,1,8,27,146,241,250,252,253,254,254,254,254,254,254,255,254,237,118,13,0,0,0,0,0,3,12,138,216,226,229,236,249,250,251,253,254,254,254,253,247,213,88,8,0,0,0,0,0,11,13,101,138,134,148,187,202,200,215,242,247,249,250,250,239,131,23,4,0,0,0,0,0,0,5,14,17,19,62,88,80,71,110,168,171,195,231,231,218,115,11,1,0,3,1,0,0,0,0,0,0,2,5,8,8,9,21,24,25,83,157,163,177,22,5,0,0,0,0,0,0,0,0,0,0,0,0,0,0,0,0,0,0,0,0,0,0,0,0,0,0,0,0,0,0,3
0,0,0,0,0,0,0,0,2,9,0,0,4,3,1,0,0,0,0,0,0,0,0,0,0,0,0,0,0,0,0,0,1,3,8,2,1,1,2,2,0,0,0,0,0,0,0,0,0,0,0,0,0,0,0,2,5,2,4,10,11,12,9,4,1,0,0,0,0,0,0,0,0,0,0,0,0,0,0,2,4,2,7,27,124,115,34,5,2,0,0,0,0,0,0,0,0,0,0,0,0,0,0,0,0,3,24,108,222,210,64,10,2,0,0,0,0,0,0,0,0,0,0,0,0,0,0,0,1,5,46,205,240,237,118,35,6,0,0,0,0,0,0,0,0,0,0,0,0,0,0,0,2,20,88,235,239,244,212,75,8,1,0,0,0,0,0,0,0,0,0,0,0,0,0,0,4,55,204,244,254,253,238,104,24,4,0,0,0,0,1,5,0,0,0,0,3,3,1,4,16,77,235,251,254,254,246,222,96,15,5,3,2,5,0,1,1,5,2,2,3,5,7,14,72,200,245,253,249,249,252,239,192,83,8,1,1,2,1,0,0,1,5,1,1,2,7,63,171,242,251,252,252,252,252,244,223,112,17,3,1,1,2,0,1,0,2,4,2,2,14,99,227,250,253,253,254,254,253,250,236,172,73,8,1,1,2,3,1,1,1,4,3,11,64,164,244,252,252,254,254,255,254,251,246,224,124,17,3,2,2,5,1,2,1,3,7,50,151,237,251,253,251,254,255,255,253,250,251,241,167,60,9,4,1,1,2,0,3,3,15,118,220,247,253,252,253,253,255,254,252,253,252,250,230,137,16,1,1,5,1,1,4,9,31,147,238,246,254,253,249,254,254,254,254,251,253,253,245,166,42,17,6,0,4,1,3,15,125,217,245,253,253,254,253,254,252,253,254,252,254,254,251,234,167,120,15,0,0,3,6,27,191,232,250,253,252,253,252,253,253,254,254,254,254,253,253,249,225,175,28,0,1,2,11,124,219,246,251,253,253,253,253,253,253,253,252,252,250,249,250,246,231,194,101,0,3,5,25,150,226,240,236,232,233,233,233,234,233,232,231,229,227,225,224,221,209,125,95,0,2,5,91,167,138,139,135,131,132,131,131,131,131,130,130,128,127,126,125,123,114,23,10,6,0,4,18,89,24,18,17,16,17,18,16,16,15,16,16,16,16,16,16,15,10,7,2,1,0,3,8,6,9,3,2,0,1,2,2,1,1,1,1,1,1,2,3,2,2,7,5,7,0,11,3,6,3,0,2,2,3,6,0,0,0,0,0,0,0,0,0,0,4,0,0,0,0
0,0,0,0,4,2,8,2,0,1,0,0,2,4,0,0,0,0,0,0,0,0,0,0,0,2,1,3,4,9,1,1,0,3,4,3,1,0,0,0,0,0,0,0,0,0,0,0,38,16,7,3,4,2,7,1,0,1,1,3,4,1,0,0,0,0,0,0,0,0,0,0,179,64,14,4,1,5,1,1,7,3,1,1,0,1,0,0,0,0,0,0,0,0,0,0,249,185,89,28,22,10,13,2,1,4,3,0,0,0,0,0,0,0,0,0,0,0,0,0,255,241,233,185,104,107,26,6,3,2,5,3,0,1,1,0,0,0,0,0,0,0,0,0,161,223,244,242,212,210,136,22,9,6,3,3,3,1,1,0,0,0,0,0,0,0,0,0,0,137,214,244,250,246,222,154,33,9,2,1,2,4,0,0,0,0,0,1,1,0,1,5,0,21,116,204,243,247,248,234,162,49,11,4,2,1,1,2,6,2,1,2,4,4,2,0,2,5,18,102,188,197,241,245,240,174,66,15,5,2,5,10,2,1,0,0,1,3,5,2,0,5,8,16,74,78,174,240,247,238,181,83,17,5,2,2,8,2,0,4,1,1,0,1,9,2,3,5,9,14,49,167,234,247,242,191,96,17,6,6,1,1,6,4,3,0,0,0,7,2,1,6,5,5,9,31,146,223,246,244,205,118,19,7,8,2,1,4,4,0,1,2,0,7,3,1,3,2,3,8,25,131,211,242,245,214,134,29,8,3,1,3,3,3,1,3,0,1,1,5,5,8,3,1,8,21,116,204,242,244,225,154,32,10,6,1,1,2,4,0,6,1,0,1,5,1,1,0,2,5,18,98,193,243,247,231,168,50,14,7,3,0,1,4,1,0,1,4,4,0,1,5,1,2,5,16,85,186,238,248,240,170,74,71,16,6,1,0,0,0,0,0,0,1,2,0,5,1,5,7,14,66,177,238,248,241,191,187,100,17,6,8,0,0,0,0,0,1,1,1,0,5,3,2,4,14,54,157,225,237,244,240,205,123,32,0,0,0,0,0,0,0,0,0,0,0,5,3,1,6,14,19,42,156,219,223,238,228,190,139,0,0,0,0,0,0,0,1,0,2,1,6,4,1,2,5,7,21,125,126,203,234,165,1,0,0,0,0,0,0,1,2,6,1,1,1,1,4,6,1,1,9,10,22,95,147,102,11,0,0,0,0,0,0,0,1,2,5,4,1,0,1,4,9,4,1,0,4,10,17,15,1,0,0,0,0,0,0,2,4,0,0,1,0,1,5,6,0,1,8,2,0,0,0,0,0,2
0,0,0,0,2,3,3,2,2,2,1,6,2,0,1,5,0,0,0,0,0,0,0,0,0,0,0,0,4,2,2,3,5,5,3,3,4,5,5,4,3,0,0,0,0,0,0,0,0,0,0,0,3,2,6,6,8,10,6,9,5,5,5,3,4,5,3,5,0,0,0,0,0,0,0,1,2,3,7,10,22,29,27,57,58,12,9,7,4,5,5,4,4,1,0,0,0,0,2,5,9,18,27,87,91,196,75,203,91,82,70,19,7,6,3,3,1,3,5,8,0,0,2,6,13,84,174,198,238,237,231,236,238,232,223,84,53,14,5,3,2,2,3,2,0,5,5,11,30,146,238,248,252,251,252,253,254,252,243,232,158,30,8,4,3,3,1,1,0,1,15,38,146,232,249,254,254,252,254,254,251,251,250,243,218,59,34,12,3,3,2,4,0,7,27,150,169,245,254,255,254,255,254,254,253,253,253,253,230,220,194,24,4,2,7,11,1,14,154,230,244,248,254,254,255,255,255,254,254,254,254,254,252,249,222,61,5,1,2,11,2,30,173,248,253,254,254,255,255,255,255,255,255,255,254,255,254,250,200,80,15,7,5,3,3,154,233,249,253,253,255,255,255,255,255,255,255,255,255,255,255,252,235,164,65,10,6,4,0,166,243,251,253,253,255,255,255,255,255,255,255,255,255,254,253,254,240,126,67,11,4,3,15,210,238,250,253,254,255,255,255,255,255,255,255,255,255,254,250,254,238,120,21,6,4,3,2,149,244,252,254,255,255,255,255,255,255,255,255,255,255,254,254,254,237,127,18,5,3,0,2,144,242,252,255,255,255,255,255,255,255,255,255,255,255,254,254,254,230,129,18,2,0,0,61,158,239,254,254,255,255,255,255,255,255,255,255,255,255,252,252,247,228,120,12,2,1,0,1,88,236,253,254,254,254,255,255,255,255,255,255,255,254,252,253,245,148,27,8,3,5,0,6,77,224,248,251,255,254,254,254,255,255,255,255,252,253,252,247,231,131,12,4,10,1,0,5,22,163,187,239,251,253,251,251,254,254,254,254,254,249,249,243,150,29,8,3,5,0,0,0,8,20,40,188,239,252,251,251,254,254,252,252,248,238,230,208,116,11,1,1,0,0,0,0,0,0,15,164,227,242,253,254,253,254,253,254,241,140,58,34,23,6,0,0,0,0,0,0,0,0,7,17,37,215,233,240,234,232,234,235,215,83,13,5,6,5,1,0,0,0,0,0,0,0,0,0,0,0,0,252,207,1,191,37,46,4,4,6,5,2,5,0,0,0,0,1
0,0,0,0,0,0,0,0,0,0,0,0,0,0,0,0,0,0,1,3,1,0,0,0,0,3,1,1,3,8,10,9,8,8,8,8,8,8,8,8,10,12,10,7,8,1,0,0,0,1,1,3,13,47,71,75,74,74,74,74,74,74,74,74,75,76,75,63,26,4,0,0,0,3,2,5,25,115,193,202,203,203,203,203,203,203,203,203,203,203,199,167,68,8,0,0,0,4,2,4,28,131,234,248,249,249,249,249,249,249,249,249,249,249,244,205,88,11,0,0,0,1,0,3,24,124,237,253,253,254,254,254,254,254,254,254,254,253,250,218,102,12,0,0,0,0,0,1,19,115,236,254,254,254,254,254,254,254,254,254,254,254,252,229,116,14,0,0,0,0,0,0,14,105,235,254,255,255,255,255,255,255,255,255,255,255,254,239,128,15,0,0,0,0,0,0,10,95,234,255,255,255,255,255,255,255,255,255,255,255,255,241,140,17,0,0,0,0,0,0,8,86,232,255,255,255,255,255,255,255,255,255,255,255,255,243,149,19,0,0,0,0,0,0,7,78,231,255,255,255,255,255,255,255,255,255,255,255,255,244,159,27,1,0,0,0,0,0,7,75,231,254,255,255,255,255,255,255,255,255,255,255,255,245,169,40,3,0,0,0,0,0,6,71,226,254,255,255,255,255,255,255,255,255,255,255,255,246,178,53,5,0,0,0,0,0,6,66,216,252,254,254,254,254,254,254,254,254,254,254,254,247,188,66,8,0,0,0,0,0,6,62,206,248,253,254,254,254,254,254,254,254,254,254,253,246,196,77,9,0,0,0,0,1,6,54,190,236,243,244,244,244,244,244,244,244,244,244,243,237,186,66,7,0,0,0,3,2,4,34,119,156,160,160,160,160,160,160,160,160,160,160,160,156,123,28,6,0,0,0,4,3,4,11,29,39,39,38,38,38,38,38,38,38,38,38,39,39,31,8,2,1,0,0,1,2,3,3,4,6,6,4,3,3,3,3,3,3,3,3,4,7,5,3,1,0,0,0,0,0,2,1,1,2,2,0,0,0,0,0,0,0,0,0,0,1,1,5,4,1,0,0,0,0,2,2,3,6,4,2,1,1,0,0,0,0,0,0,0,1,2,1,0,2,0,0,0,1,2,4,3,1,1,1,0,0,0,0,0,0,0,0,0,0,1,0,0,0,0,0,0,0,0,0,0,0,0,0,0,0,0,0,0,0,0,0,0,0,0,0,0,0,0,0,0,0,0,0,0,0,0,0,0,0,0,0,0,0,0,0,0,0,0,0,0,0,3
0,0,0,5,3,1,8,7,2,2,0,0,0,0,0,0,0,0,0,0,0,0,0,0,0,0,0,2,1,1,2,2,1,0,1,1,1,1,1,1,0,0,0,2,2,1,0,0,0,0,1,0,0,2,2,4,5,2,0,0,0,0,0,0,1,1,1,2,5,6,3,8,0,8,3,2,8,15,23,25,24,15,9,1,1,1,1,1,0,0,1,1,2,6,2,3,0,3,2,4,12,109,174,181,181,171,32,23,23,23,15,8,1,2,5,4,2,1,1,5,0,0,0,3,18,148,235,245,248,238,190,181,181,181,171,32,23,24,25,23,16,7,1,3,0,0,0,1,19,150,241,253,254,252,250,248,248,248,238,190,181,181,181,174,109,14,6,0,0,0,0,6,25,157,243,254,254,254,254,254,254,254,252,250,248,248,245,235,148,18,3,3,0,0,0,13,138,167,247,255,255,255,255,255,255,255,255,254,254,254,253,241,150,19,4,1,0,0,0,19,148,239,251,255,255,255,255,255,255,255,255,255,254,254,251,233,141,13,3,0,0,0,0,19,151,243,255,255,255,255,255,255,255,255,255,255,255,255,247,161,29,7,0,0,0,0,0,19,151,243,255,255,255,255,255,255,255,255,255,255,255,255,243,151,19,0,0,0,0,0,0,19,151,243,255,255,255,255,255,255,255,255,255,255,255,255,243,151,19,0,0,0,0,0,6,29,161,247,255,255,255,255,255,255,255,255,255,255,255,255,243,151,19,0,0,0,0,1,13,142,233,251,255,255,255,255,255,255,255,255,255,255,255,251,239,148,19,0,0,0,0,3,19,151,243,254,254,255,255,255,255,255,255,255,255,255,255,247,167,138,13,0,0,0,1,4,20,150,241,253,254,254,254,255,255,255,255,255,255,255,255,243,158,25,6,0,0,0,3,3,18,148,236,246,249,249,251,252,254,254,254,254,255,254,254,243,151,19,0,0,0,0,0,7,14,113,182,188,188,196,206,247,249,249,249,251,252,254,253,241,150,19,1,0,0,0,2,1,8,17,24,25,24,32,177,187,188,188,188,198,239,249,246,236,148,19,3,0,0,0,1,0,2,4,5,2,1,9,16,24,24,24,24,34,179,188,188,182,114,13,4,2,2,0,3,1,2,1,1,0,0,0,1,1,1,1,1,9,16,25,27,25,16,12,3,3,8,0,0,0,6,5,1,1,1,1,0,0,0,0,0,0,2,5,4,2,3,1,0,0,0,0,0,0,0,0,0,0,0,0,1,1,1,1,1,1,0,0,0,2,0,1,2,0,0,0,3
0,0,0,0,0,0,0,0,0,0,0,0,0,0,0,0,0,0,0,0,0,0,0,0,0,0,0,0,0,0,0,2,4,0,2,4,7,1,0,1,0,0,0,0,0,0,0,0,0,0,0,0,0,0,2,5,4,7,15,20,20,13,6,4,1,3,0,0,0,0,0,0,0,0,0,1,2,3,6,14,20,34,149,135,115,96,70,17,3,1,2,0,0,0,0,0,0,0,2,3,3,3,11,52,165,204,234,236,229,219,198,34,15,5,3,1,0,0,0,0,0,0,2,2,6,12,32,160,231,248,251,251,250,251,238,178,88,20,6,2,0,0,0,0,0,0,0,2,11,85,140,213,247,250,251,254,254,253,251,242,216,119,19,5,1,0,0,0,0,2,2,6,24,140,222,245,252,253,253,254,255,255,254,252,246,228,102,10,1,0,0,0,0,2,4,13,122,211,244,252,254,254,255,255,255,255,255,253,251,240,142,22,4,1,0,0,0,1,4,19,137,227,251,253,254,254,255,255,255,255,255,254,252,245,197,66,7,1,2,0,0,1,6,18,134,225,250,251,254,255,255,255,255,255,255,255,254,251,222,99,12,1,4,0,0,2,2,8,33,201,247,252,252,255,255,255,255,255,255,255,255,253,238,138,15,3,3,0,0,1,4,3,25,143,237,253,254,254,255,255,255,255,255,255,255,253,237,137,17,2,4,0,0,0,0,3,14,134,231,252,252,254,255,255,255,255,255,254,254,252,231,138,17,2,6,0,0,1,3,1,7,39,230,252,252,253,253,255,255,254,254,253,252,242,189,48,9,2,2,0,0,0,4,7,3,32,217,245,250,251,253,254,254,254,251,250,247,206,70,14,3,1,0,0,0,0,3,6,5,15,58,224,237,243,249,254,252,253,251,247,224,181,51,7,1,2,3,0,0,0,1,2,1,3,16,59,155,175,232,244,249,250,245,224,189,88,15,2,4,2,0,0,0,0,0,1,1,0,3,14,37,50,76,182,220,193,191,139,39,19,5,0,1,0,0,0,0,0,0,0,1,0,2,2,6,9,16,49,61,55,44,28,10,4,2,1,3,0,0,0,0,0,0,0,0,0,1,0,3,4,3,4,5,5,3,4,3,3,0,0,0,0,0,0,0,0,0,0,0,1,2,0,2,2,3,2,0,0,2,2,5,1,0,0,0,0,0,0,0,0,0,0,0,1,1,0,3,4,5,3,3,0,2,5,2,0,0,0,0,0,0,0,0,0,0,0,0,1,2,0,2,8,9,1,7,0,0,0,0,0,0,0,0,0,0,0,1
0,0,0,0,0,0,0,0,0,0,0,0,1,9,8,0,0,1,1,1,0,0,0,0,0,0,0,0,0,0,0,0,0,1,1,2,1,1,3,2,3,1,3,1,0,0,0,0,0,0,0,0,0,0,1,1,1,0,0,0,3,7,8,8,7,7,3,4,8,0,0,0,0,0,0,1,1,1,0,0,0,1,1,10,16,25,34,109,21,9,4,3,2,0,0,0,3,1,1,0,0,0,1,1,9,15,23,33,171,181,187,218,140,13,4,2,0,0,0,0,0,0,0,1,1,1,8,15,30,169,179,191,238,247,245,239,150,19,1,1,0,0,0,0,0,2,1,9,15,23,32,171,188,198,246,250,252,253,252,245,160,29,8,0,0,0,0,0,7,16,23,32,171,181,190,238,248,250,252,254,254,254,254,251,233,142,14,0,0,0,0,0,2,171,181,190,238,248,250,252,254,254,255,255,255,255,255,255,243,158,26,6,0,0,0,0,196,235,248,250,252,254,254,255,255,255,255,255,255,255,255,255,247,167,138,14,0,0,0,0,250,250,253,254,255,255,255,255,255,255,255,255,255,255,255,255,251,239,148,20,0,0,0,0,252,254,254,255,255,255,255,255,255,255,255,255,255,255,255,255,255,247,161,29,6,0,0,0,252,254,255,255,255,255,255,255,255,255,255,255,255,255,255,255,255,250,233,142,14,0,0,0,253,254,255,255,255,255,255,255,255,255,255,255,255,255,255,255,255,255,243,151,20,1,1,0,253,244,255,255,255,255,255,255,255,255,255,255,255,255,255,255,255,254,246,160,29,10,2,2,0,233,254,255,255,255,255,255,255,255,255,255,255,255,255,254,254,253,249,230,140,12,4,3,0,224,254,255,255,255,255,255,255,255,255,255,255,255,254,254,252,250,244,230,123,12,2,4,0,214,244,255,255,255,255,255,255,255,255,254,254,254,253,251,247,206,196,176,26,7,7,1,0,39,233,254,255,255,255,255,255,254,254,252,251,249,239,198,187,177,33,17,12,2,3,1,0,29,224,254,254,254,254,254,252,251,249,239,198,188,179,34,24,16,11,7,4,2,0,0,0,19,213,242,253,251,251,249,239,198,188,179,34,24,16,9,1,2,1,1,2,6,0,0,0,9,37,230,245,236,198,188,179,34,24,16,9,1,1,0,0,0,1,2,1,0,0,0,0,0,25,178,196,178,34,24,16,9,1,1,0,0,0,1,1,1,0,0,0,0,0,0,0,0,0,206,4,1,1,4,2,0,0,0,1,1,1,0,0,0,0,0,0,0,0,0,3
0,0,0,2,9,4,2,0,0,0,0,0,0,0,0,0,0,0,0,0,0,0,0,0,0,0,0,0,1,1,0,0,0,0,0,0,0,0,0,0,1,0,0,0,0,0,0,0,0,0,1,6,9,11,6,2,0,0,0,0,0,0,0,1,1,2,0,1,1,0,0,0,0,0,4,37,79,73,51,21,11,1,1,0,0,0,0,0,1,3,4,2,2,1,1,0,0,2,13,84,199,228,228,217,47,30,28,25,22,19,16,13,13,9,3,0,2,2,0,0,0,5,60,173,234,250,253,244,235,225,220,198,176,154,132,109,86,50,13,4,1,1,0,0,0,8,81,206,248,253,254,254,254,254,252,250,247,244,240,237,230,196,54,10,5,1,1,0,0,9,90,211,250,255,255,255,254,254,254,254,254,254,253,253,249,209,111,14,2,4,7,0,0,10,97,214,251,255,255,255,255,255,255,255,255,255,254,254,250,200,43,8,1,1,6,0,0,12,105,217,251,255,255,255,255,255,255,255,255,255,255,255,251,200,39,3,0,0,0,0,0,13,112,220,251,255,255,255,255,255,255,255,255,255,255,255,251,205,40,2,0,0,0,0,0,15,119,224,252,255,255,255,255,255,255,255,255,255,255,255,252,209,42,2,0,0,0,0,0,16,126,226,252,255,255,255,255,255,255,255,255,255,255,255,252,210,43,2,0,0,0,0,0,16,131,228,252,254,254,255,255,255,255,255,255,255,255,255,252,211,43,2,0,0,0,0,0,25,148,233,250,253,254,254,254,254,255,255,255,255,255,255,252,211,44,2,0,0,0,0,0,130,189,224,233,239,245,250,254,254,254,254,254,254,254,254,251,212,48,3,0,0,0,0,0,33,62,84,104,124,158,235,247,250,252,253,254,254,252,251,246,208,49,4,0,0,0,0,0,3,9,12,13,16,37,145,173,191,210,225,228,230,232,233,221,148,38,5,1,0,0,0,0,1,1,1,1,1,7,14,21,24,27,29,46,65,83,102,109,51,13,3,1,3,6,0,0,7,5,1,1,0,0,1,1,1,1,1,3,7,11,14,12,13,5,2,5,7,1,0,0,0,2,1,0,0,0,0,0,0,0,0,0,0,1,2,2,2,4,3,1,1,6,0,0,0,0,0,0,0,0,0,0,0,0,0,0,1,1,2,5,3,1,1,1,0,0,0,0,0,0,0,0,0,0,0,0,0,0,0,0,0,0,2,3,2,0,2,2,0,0,0,0,0,0,0,0,0,0,0,0,0,0,0,0,0,0,0,0,0,1,2,1,0,0,0,3
0,0,0,0,0,0,0,0,0,0,0,0,0,80,44,3,1,0,0,0,0,0,0,0,0,0,0,0,0,0,3,6,18,82,116,195,189,131,48,9,1,0,0,0,0,0,0,0,0,0,0,0,0,3,13,74,105,203,225,243,242,206,107,22,1,0,0,0,0,0,0,0,0,0,0,2,6,18,87,178,220,245,252,252,252,240,129,31,4,0,0,0,0,0,0,0,0,2,6,16,70,109,208,227,250,253,254,254,254,248,214,85,7,0,0,0,0,0,0,0,0,13,60,107,192,220,246,252,253,254,254,254,255,254,238,96,20,3,0,0,0,0,0,0,0,99,178,219,244,251,253,254,254,254,255,255,255,255,245,204,70,14,2,0,0,0,0,0,0,199,241,250,253,254,254,254,255,255,255,255,255,255,251,210,109,49,4,0,0,0,0,0,0,221,250,253,254,254,254,255,255,255,255,255,255,255,253,241,171,60,15,1,0,0,1,0,0,220,250,254,254,255,255,255,255,255,255,255,255,255,255,249,189,107,35,4,0,0,2,0,0,169,248,254,255,255,255,255,255,255,255,255,255,255,255,252,242,171,69,13,1,1,4,0,0,155,234,251,254,255,255,255,255,255,255,255,255,255,254,254,249,232,109,21,4,1,3,0,0,54,188,241,252,255,255,255,255,255,255,255,254,254,254,253,251,240,164,49,4,2,0,0,0,46,144,216,250,254,255,255,255,255,255,254,254,254,253,253,245,227,195,42,6,2,1,0,0,13,99,200,243,253,255,255,255,254,254,254,253,253,246,233,215,115,83,17,4,1,1,0,0,6,65,153,235,252,255,254,254,254,253,253,246,232,216,113,86,27,14,5,1,1,1,0,0,2,12,84,201,249,254,254,254,253,252,238,221,110,86,33,12,6,3,4,3,2,0,0,0,0,3,23,169,241,251,252,253,246,231,209,91,33,13,8,2,1,1,3,5,2,0,0,0,0,0,17,94,208,247,245,231,213,101,72,20,8,2,0,0,0,1,2,2,0,0,0,0,0,0,8,66,186,221,211,105,65,21,9,4,0,0,0,0,0,0,0,0,0,0,0,0,0,0,3,23,98,93,57,22,8,3,0,0,0,0,0,0,0,0,0,0,0,0,0,0,0,0,0,5,21,25,11,6,1,0,0,0,0,0,0,0,0,0,0,0,0,0,0,0,0,0,0,5,5,4,3,2,1,1,0,0,0,0,0,0,0,0,0,0,0,0,0,0,0,0,0,0,0,0,0,0,0,0,0,0,0,0,0,0,0,0,0,0,0,0,0,3
0,0,0,0,0,0,0,0,0,0,0,0,0,0,0,0,0,0,0,0,0,0,0,0,0,0,0,0,0,0,0,0,0,0,0,0,0,0,0,0,0,0,0,0,0,0,0,0,0,0,0,0,0,0,0,1,1,0,0,1,0,1,4,2,1,4,3,2,10,13,7,0,0,0,0,0,0,0,0,0,1,2,3,3,1,0,2,6,5,3,5,19,67,139,16,0,0,0,0,0,0,0,0,0,1,2,1,1,2,2,3,4,3,8,31,93,180,207,26,0,0,0,0,0,0,0,0,0,0,0,1,2,4,2,3,5,10,42,115,192,236,218,28,0,0,0,0,0,0,0,0,0,1,0,0,5,2,2,5,16,55,133,204,236,237,196,22,0,0,0,0,0,0,0,0,0,1,1,3,2,3,6,18,71,156,216,239,229,184,105,13,0,0,0,0,0,0,0,0,0,0,2,1,1,5,18,86,175,228,242,223,164,87,26,5,0,0,1,2,2,1,1,3,3,1,0,3,7,23,101,192,238,242,219,150,68,21,5,0,0,0,4,2,1,0,0,3,6,4,4,12,40,123,205,240,239,214,134,48,16,6,2,0,0,0,0,1,0,3,3,2,4,5,16,59,142,211,239,234,193,111,32,9,3,2,4,0,0,0,0,0,2,3,1,5,7,16,77,162,222,241,223,169,88,16,7,5,2,1,4,0,0,0,0,1,3,3,3,7,22,95,182,232,240,213,144,66,12,4,3,2,2,4,3,0,0,0,0,2,2,3,11,35,114,202,239,239,207,124,50,14,3,3,4,4,2,0,0,0,0,0,0,1,3,11,51,133,209,238,235,193,103,28,9,3,1,2,4,3,1,0,1,3,0,0,0,6,16,64,156,220,240,225,170,88,16,5,2,2,2,0,0,2,1,0,0,0,0,0,4,20,78,175,233,240,216,146,67,13,6,3,2,2,1,1,0,0,0,0,0,0,0,0,11,94,187,235,240,211,123,46,15,6,1,2,4,1,0,1,0,0,0,0,0,0,0,0,12,148,214,223,187,106,26,12,5,2,1,4,2,1,0,0,0,0,0,0,0,0,0,0,8,43,102,138,79,17,6,2,3,5,0,2,0,1,2,1,0,0,0,0,0,0,0,0,1,5,18,27,13,5,2,3,5,1,0,0,2,2,2,1,0,0,0,0,0,0,0,0,0,0,1,1,1,0,0,0,2,4,1,0,1,1,1,1,0,0,0,0,0,0,0,0,0,0,0,0,0,0,0,0,0,0,0,0,0,0,0,0,0,0,0,0,0,0,0,2
0,0,0,0,0,0,0,0,0,0,0,0,0,0,0,0,0,0,0,0,0,0,0,0,0,0,0,0,0,0,0,0,0,0,0,0,0,0,0,0,0,0,0,0,0,0,0,0,0,0,0,0,0,0,0,0,1,0,0,0,0,1,0,1,4,4,4,3,1,1,0,0,0,0,0,1,1,1,1,1,1,0,0,0,0,0,3,6,8,8,7,5,2,0,0,0,0,0,1,1,2,2,0,1,5,9,11,10,10,12,26,60,65,63,58,36,8,3,0,0,0,5,10,16,16,15,15,17,45,91,94,91,89,89,110,177,180,175,140,70,12,3,0,0,0,15,118,126,124,123,121,122,156,207,210,207,204,203,213,236,234,218,133,42,8,4,0,0,0,24,212,233,233,232,231,231,238,247,249,248,247,247,247,248,235,180,83,17,2,2,0,0,0,28,219,251,252,252,252,252,252,253,254,253,253,253,252,242,194,93,23,4,1,1,1,0,0,24,200,244,250,252,253,253,253,253,253,253,252,252,252,242,189,70,8,1,1,1,0,0,0,18,139,226,246,253,253,251,253,254,254,253,252,252,249,221,145,47,6,2,1,1,1,0,0,10,93,199,241,253,252,252,253,254,254,253,251,250,244,182,66,11,2,1,2,3,1,0,0,5,31,122,226,247,253,251,253,254,254,253,251,247,232,149,37,3,0,1,0,1,3,0,0,1,6,29,119,239,252,253,253,253,253,252,249,240,193,86,13,1,2,2,0,1,9,0,0,0,1,8,82,211,243,250,252,250,250,250,244,225,155,42,5,0,2,2,1,3,6,0,0,0,4,7,29,100,200,234,246,251,251,251,239,180,79,20,2,1,1,0,0,2,2,0,0,1,2,2,5,16,50,143,223,248,252,250,229,150,51,6,0,0,0,0,0,0,0,0,0,0,1,0,0,1,11,89,194,239,241,241,203,96,14,2,0,0,0,0,0,0,0,0,0,0,0,0,0,0,4,40,128,205,235,222,135,50,7,0,0,0,0,0,0,0,0,0,0,0,0,0,0,0,1,11,73,123,204,177,71,12,3,0,0,0,0,0,0,0,0,0,0,0,0,0,0,0,1,6,29,40,99,85,33,5,1,0,0,0,0,0,0,0,0,0,0,0,0,0,0,0,3,4,4,11,12,9,5,3,1,0,0,0,0,0,0,0,0,0,0,0,0,0,0,0,1,1,3,3,1,1,2,2,1,0,0,0,0,0,0,0,0,0,0,0,0,0,0,0,0,0,0,0,0,0,0,2,0,0,0,0,0,0,0,0,0,0,0
0,0,0,0,0,0,0,0,0,0,0,0,0,0,2,0,0,0,0,0,0,0,0,0,0,0,0,0,0,0,0,0,0,0,0,2,2,1,1,0,1,8,7,0,0,0,0,0,0,0,0,0,0,0,0,0,0,0,0,1,4,6,5,7,8,2,1,0,0,0,0,0,0,0,0,0,0,0,0,0,0,0,0,0,11,24,105,19,4,1,0,0,0,0,0,0,0,0,0,0,0,0,0,0,0,0,2,7,22,200,212,32,8,2,5,0,0,0,0,0,0,1,3,1,3,0,0,0,0,0,2,16,87,235,231,106,14,1,0,0,0,0,0,0,0,1,9,1,0,0,0,4,0,9,19,41,212,245,242,202,24,2,0,0,0,0,0,0,0,1,4,1,1,6,1,1,7,26,201,232,244,253,251,224,57,1,0,0,0,0,0,0,0,2,1,0,1,3,0,1,17,165,233,252,254,254,251,206,30,1,0,0,0,0,0,0,2,2,2,2,0,1,6,15,40,214,241,253,249,249,251,230,36,8,0,0,0,0,0,0,6,2,4,1,0,4,19,118,217,238,252,252,252,252,253,239,178,17,1,1,0,0,0,1,4,1,1,0,1,12,86,215,243,250,253,254,254,253,253,247,152,25,5,5,4,0,0,8,3,4,0,2,11,32,216,238,252,249,254,255,254,254,254,249,211,26,3,1,1,5,2,1,3,0,1,16,42,225,241,252,253,251,254,255,254,254,252,253,224,30,0,0,0,3,0,0,1,10,19,41,212,245,254,254,251,254,254,255,253,251,254,254,225,35,6,0,4,0,2,1,0,27,198,177,241,254,253,254,252,254,254,254,254,253,252,254,234,90,13,2,1,2,1,0,0,115,210,230,248,250,254,254,254,254,253,252,254,248,254,253,241,199,24,2,3,0,1,0,0,107,127,209,223,230,245,251,253,254,253,253,252,254,253,253,240,222,37,4,5,0,1,0,7,15,24,116,122,134,216,228,235,249,253,253,253,253,252,253,246,202,34,12,1,3,1,0,2,2,8,10,16,25,118,128,138,222,233,238,248,253,252,252,245,214,164,16,4,0,0,0,8,5,3,1,3,7,11,16,25,122,131,141,223,233,237,239,249,234,192,21,2,1,0,0,0,1,7,0,0,0,1,1,7,11,15,25,122,133,139,231,238,214,129,19,1,2,0,0,0,0,0,0,0,0,0,0,0,1,1,6,11,18,26,130,138,130,115,16,1,0,0,0,0,0,0,0,0,0,0,0,0,0,0,0,2,2,1,1,1,2,131,3,0,0,0,0,0
0,0,0,0,0,0,0,0,0,0,0,0,0,0,0,0,0,0,0,0,0,0,0,0,0,0,0,0,0,0,1,0,0,2,2,1,1,1,5,2,0,0,0,0,0,0,0,0,0,1,2,0,2,2,2,2,2,3,2,5,7,3,3,2,2,2,4,3,1,0,0,0,0,2,3,2,2,2,1,1,4,6,6,2,1,3,1,0,2,3,4,5,2,3,0,0,1,0,2,2,2,2,2,2,12,37,38,30,25,23,24,16,8,3,2,2,5,0,0,0,4,1,1,2,7,13,15,18,50,171,222,218,202,167,169,150,52,13,4,3,3,0,0,0,1,1,2,8,41,95,104,99,167,230,249,252,249,243,244,236,164,53,8,5,3,0,0,0,8,3,3,18,115,204,233,238,243,250,250,249,252,253,251,250,233,95,19,6,6,2,2,0,5,5,11,61,177,243,252,254,254,254,253,253,253,254,254,253,243,178,75,53,8,2,0,0,0,4,57,147,217,249,254,254,254,254,255,255,255,254,254,252,246,237,181,115,17,2,0,0,0,6,33,124,217,249,254,255,255,255,255,255,255,255,255,253,252,250,237,172,61,7,1,0,0,6,74,173,230,250,253,254,255,255,255,255,255,255,255,255,254,251,247,212,100,10,3,0,0,10,86,198,243,251,252,254,255,255,255,255,255,255,255,255,254,253,247,208,95,10,4,0,0,9,81,199,247,253,253,254,255,255,255,255,255,255,255,254,254,252,241,174,44,7,2,0,0,5,66,186,241,251,253,254,255,255,255,255,255,255,255,254,250,252,219,107,25,7,3,0,0,3,17,76,191,240,251,254,254,255,255,255,255,255,255,254,254,252,239,179,61,6,2,0,0,1,7,22,82,191,247,253,254,254,254,254,254,254,254,254,253,247,224,130,19,8,3,0,0,0,2,9,59,166,232,248,250,252,254,251,251,253,248,242,234,212,136,44,10,2,3,0,0,0,3,8,38,94,145,224,244,248,251,252,252,251,235,121,110,94,31,8,2,3,6,0,0,0,0,3,10,16,42,117,181,196,207,218,223,224,201,33,18,12,6,3,2,3,6,0,0,0,0,2,1,3,11,18,23,31,29,30,31,30,21,11,2,3,3,2,1,2,2,0,0,0,0,1,2,2,3,4,4,3,2,2,4,5,3,5,4,3,2,3,5,3,1,0,0,0,0,0,3,2,1,1,2,2,4,3,3,2,3,4,3,1,2,3,1,0,0,0,0,0,0,0,0,0,0,0,0,0,0,0,0,0,0,2,0,0,0,0,0,0,0,0,1
0,0,0,0,0,0,0,0,0,0,0,0,2,0,4,0,0,0,0,0,0,0,0,0,0,0,0,0,0,2,1,2,4,14,68,97,122,130,32,20,13,6,1,0,0,0,0,0,0,0,0,0,1,2,3,9,22,61,133,214,227,226,177,166,124,24,7,1,0,0,0,0,0,0,0,0,2,1,2,15,126,196,225,246,251,250,247,237,164,58,26,7,1,0,0,0,0,0,0,0,2,3,14,34,172,243,251,250,253,250,251,249,231,172,109,15,2,1,0,0,0,0,0,1,5,5,43,172,238,251,254,254,254,254,253,253,250,242,184,46,8,2,0,0,0,0,0,5,7,15,79,233,249,253,255,255,255,255,255,253,254,251,226,129,29,4,2,0,0,0,0,1,3,24,219,245,253,254,255,255,255,255,255,255,254,254,245,193,42,6,2,0,0,0,1,1,11,79,233,253,253,254,255,255,255,255,255,255,253,252,245,203,29,4,2,0,0,0,1,1,17,189,237,252,252,254,255,255,255,255,255,255,252,252,240,127,24,2,2,0,0,0,2,2,21,153,243,253,254,255,255,255,255,255,255,255,254,253,238,110,19,4,1,0,0,0,3,1,20,149,242,253,255,255,255,255,255,255,255,255,254,253,237,153,26,3,0,0,0,0,5,4,22,164,244,255,255,255,255,255,255,255,255,254,252,251,237,115,23,6,2,0,0,1,6,5,17,160,241,254,255,255,255,255,255,255,254,253,252,248,230,88,10,6,3,0,0,1,5,3,10,84,230,252,254,254,254,253,254,254,254,252,250,244,172,57,6,3,2,0,0,1,5,2,5,31,209,242,249,253,252,252,253,253,253,247,243,230,132,19,3,1,1,0,0,0,6,1,3,17,96,146,240,252,250,251,253,252,252,234,186,144,73,8,0,1,1,0,0,0,1,1,2,8,22,65,220,246,249,253,253,252,246,215,83,45,12,4,0,0,0,0,0,0,0,4,1,3,6,25,128,182,235,241,241,239,218,112,22,8,6,3,1,0,0,0,0,0,0,1,3,2,1,8,36,80,144,142,139,142,113,22,11,5,4,3,1,0,0,0,0,0,0,0,0,1,0,2,8,21,42,41,38,38,22,9,5,2,1,2,1,0,0,0,0,0,0,0,0,0,0,2,2,6,5,5,4,3,2,3,1,3,3,0,2,0,0,0,0,0,0,0,0,0,0,1,0,4,5,2,2,1,1,2,2,5,0,1,0,0,0,0,0,0,0,0,0,0,0,0,0,0,0,2,2,2,4,3,5,4,0,0,0,0,0,0,1
0,0,0,0,0,0,0,0,0,0,0,0,0,0,0,0,0,0,0,0,0,0,0,0,0,0,0,0,0,2,4,3,4,9,14,11,7,2,0,0,0,0,0,0,0,0,0,0,0,0,0,0,1,4,3,2,8,45,112,62,46,14,7,5,1,0,0,0,0,0,0,0,0,0,0,0,0,0,0,5,19,126,221,189,160,86,76,47,15,9,5,1,0,0,0,0,0,0,0,0,0,0,0,9,89,202,243,246,233,211,202,150,103,92,33,11,5,3,2,0,0,0,0,0,0,0,0,16,135,237,251,252,252,251,248,236,224,164,132,116,27,17,12,1,0,0,0,0,0,0,6,35,159,246,254,255,254,254,254,253,249,245,241,229,150,135,95,3,0,0,0,0,0,3,21,141,233,251,255,255,255,255,254,254,254,254,254,249,242,215,117,0,0,0,0,0,1,12,73,166,245,255,255,255,255,255,255,255,255,254,254,252,246,214,109,0,0,0,0,0,2,33,142,211,249,255,255,255,255,255,255,255,255,255,254,251,234,163,58,2,0,0,0,1,10,56,174,245,253,255,255,255,255,255,255,255,255,255,254,247,212,107,14,0,0,0,0,3,40,148,229,251,255,255,255,255,255,255,255,255,255,255,252,227,133,33,5,0,0,0,0,8,63,180,245,254,255,255,255,255,255,255,255,255,255,254,250,213,103,12,0,0,0,1,4,21,94,201,249,254,254,254,254,255,255,255,255,255,255,253,241,189,78,7,0,0,0,2,6,61,172,232,246,251,254,254,254,254,254,255,255,255,254,250,213,102,17,3,0,0,0,2,6,35,134,183,195,233,248,252,254,254,254,254,254,254,252,235,188,80,8,0,0,0,1,2,3,11,48,63,73,161,181,237,245,248,251,254,254,253,249,211,129,42,4,0,0,0,2,1,1,4,7,7,13,47,69,151,162,184,237,244,247,249,241,193,73,9,1,0,0,0,0,3,5,1,1,0,2,4,15,36,44,79,142,154,195,236,206,107,28,5,0,0,0,0,0,1,1,1,1,0,0,0,1,3,6,15,29,70,117,132,145,59,8,1,0,0,0,0,0,0,0,0,0,0,0,0,0,0,0,1,4,12,19,26,59,25,6,1,0,0,0,0,0,0,0,0,0,0,0,0,0,0,0,0,0,3,4,5,5,7,2,0,0,0,0,0,0,0,0,0,0,0,0,0,0,0,0,0,0,0,0,0,0,0,0,0,0,0,0,0,0,0,0,0,0,0,0,0,0,0,0,0,0,0,0,0,0,0,0,0,0,0,0,0,3
0,0,0,4,3,6,13,5,2,1,4,3,4,6,7,0,0,0,0,0,0,0,0,0,0,0,0,2,3,5,5,2,2,2,3,5,2,3,4,2,3,7,6,1,0,0,0,0,0,0,2,4,4,5,2,3,6,10,16,13,18,17,13,12,5,2,6,3,4,0,0,0,0,0,2,3,3,5,7,9,22,103,115,143,47,108,153,32,24,16,10,4,1,1,0,0,0,0,2,1,4,5,16,84,112,200,237,234,206,231,232,178,167,150,17,4,5,1,3,1,0,4,4,1,5,10,35,181,212,243,252,252,252,251,249,248,244,202,37,13,9,2,2,2,0,1,2,2,6,22,174,237,249,252,254,254,254,254,252,252,252,239,161,109,19,9,1,2,0,3,7,2,14,70,201,250,254,254,255,254,254,254,252,251,253,249,243,200,99,14,2,3,0,1,9,10,30,188,242,253,252,253,255,255,255,254,254,254,253,253,250,215,106,19,7,2,1,1,3,17,179,236,251,254,255,255,255,255,255,255,255,255,254,252,252,241,183,27,5,3,3,1,1,27,188,249,251,254,255,255,255,255,255,255,255,255,255,254,254,247,189,26,7,4,1,0,3,29,194,248,253,253,255,255,255,255,255,255,255,255,255,254,253,242,183,24,5,2,1,3,3,68,221,248,249,254,255,255,255,255,255,255,255,255,255,254,252,241,85,26,5,0,4,3,7,24,190,241,251,254,255,255,255,255,255,255,255,255,254,254,254,242,189,22,2,2,3,1,5,13,86,203,249,254,255,255,255,255,255,255,255,255,254,251,250,240,187,17,1,9,2,3,4,11,33,180,247,253,254,255,255,255,255,255,255,255,254,252,246,204,35,10,1,0,6,2,2,7,89,195,243,254,254,254,254,254,255,255,255,255,254,250,245,194,28,1,0,0,7,3,3,6,17,115,233,249,252,251,251,254,255,254,255,254,252,239,206,177,18,0,2,0,8,7,3,1,4,27,151,211,244,248,251,254,254,254,252,251,243,193,39,17,10,2,2,0,4,5,6,1,0,12,94,111,173,235,242,240,241,243,240,217,203,96,13,0,2,1,0,0,1,1,6,2,3,8,9,17,30,159,162,118,152,154,151,121,103,17,5,3,1,4,0,0,0,0,0,1,6,4,3,2,11,16,19,19,23,22,22,20,11,6,5,4,4,4,0,0,0,0,0,0,0,3,6,7,3,5,3,1,5,4,3,3,4,2,4,6,1,0,0,0,0,0,0,0,0,0,0,0,0,4,3,3,0,1,2,4,0,2,5,4,1,0,0,0,1
0,0,0,2,3,1,7,6,6,10,5,2,0,2,10,0,0,0,0,0,0,0,0,0,0,0,0,1,2,7,9,19,88,31,86,168,36,26,18,13,2,1,1,0,0,0,0,0,0,0,0,3,12,21,31,107,187,177,201,231,194,185,174,28,17,10,4,4,2,0,0,0,0,0,3,6,16,151,190,204,241,247,249,249,249,247,235,180,60,21,11,3,3,2,1,0,0,0,4,7,30,170,241,249,251,252,254,253,250,250,250,238,189,157,23,6,4,1,6,11,0,0,12,27,89,184,248,254,253,252,254,254,251,254,254,252,248,227,87,61,7,2,3,5,0,0,19,168,228,242,251,254,254,255,255,255,254,254,254,255,254,243,188,81,15,3,2,5,0,1,23,184,247,252,253,255,255,255,255,255,255,255,254,255,254,250,241,175,25,7,5,3,0,8,33,194,250,253,254,254,255,255,255,255,255,255,255,254,253,253,247,221,78,9,5,3,0,16,173,233,250,251,252,253,255,255,255,255,255,255,255,255,252,254,246,146,30,6,4,3,3,18,176,237,249,253,254,254,255,255,255,255,255,255,255,255,254,253,246,167,28,6,4,0,3,17,71,200,249,253,255,255,255,255,255,255,255,255,255,255,254,253,247,219,60,5,2,1,3,13,154,231,248,254,255,255,255,255,255,255,255,255,255,254,252,252,245,157,25,4,7,1,8,12,75,186,245,254,255,255,255,255,255,255,255,255,254,253,251,252,243,151,19,3,7,4,6,5,16,96,237,253,254,254,254,255,255,255,255,255,253,250,252,248,232,142,13,4,8,1,2,3,11,84,222,242,247,251,254,254,252,254,255,255,254,252,246,236,153,27,7,1,3,0,2,3,6,22,125,145,182,248,253,251,253,253,255,253,248,240,227,152,47,8,0,0,1,0,3,0,2,10,15,31,161,229,246,251,254,254,254,250,237,129,63,48,12,3,4,1,2,0,1,2,2,3,4,13,59,140,161,234,242,244,243,235,160,63,15,9,6,2,3,0,0,0,5,5,3,1,1,3,8,16,31,142,152,153,153,131,62,47,7,4,4,1,2,0,0,0,4,2,1,4,4,2,2,5,11,15,19,20,21,15,10,6,4,2,2,2,0,2,0,0,0,0,0,2,3,3,3,4,2,2,2,3,2,1,1,2,4,4,5,1,1,0,0,0,0,0,0,0,0,0,1,4,1,8,3,3,3,2,3,2,4,6,4,2,1,0,0,0,0,0,0,0,0,0,0,0,0,0,1,0,4,0,0,5,5,3,1,4,1,0,0,0,1
0,0,0,5,1,0,2,1,1,0,0,1,1,1,0,0,1,0,0,0,0,0,0,0,0,7,8,2,1,2,1,5,2,1,1,1,1,1,1,1,1,1,2,4,1,1,2,2,0,1,5,5,3,1,1,1,3,0,0,0,0,0,0,0,0,1,3,1,2,1,0,0,0,13,18,27,29,30,20,13,1,1,1,1,1,1,1,2,4,0,3,7,5,5,0,2,0,9,168,196,220,224,203,41,29,27,27,28,27,27,27,26,18,12,1,2,1,1,2,0,0,8,36,189,243,252,242,221,212,212,213,212,211,209,207,204,193,35,26,26,26,22,8,5,0,2,23,185,223,243,252,252,252,253,253,253,253,252,250,249,238,209,197,198,183,146,8,0,5,0,15,168,228,248,253,252,252,253,254,254,255,254,254,254,252,246,231,203,183,27,8,10,0,4,9,32,195,239,250,254,253,253,253,253,254,253,253,254,254,251,230,162,25,8,1,4,0,4,5,17,160,230,250,254,250,251,254,254,254,253,252,253,250,239,180,29,7,0,2,0,0,2,1,8,29,179,239,249,253,253,254,254,252,252,253,249,241,178,33,8,1,3,3,4,5,0,7,2,8,31,181,248,251,252,254,254,254,251,248,242,173,148,15,4,1,1,1,6,0,1,1,1,0,14,148,237,253,254,254,254,254,253,246,221,144,22,7,0,2,5,2,0,0,6,1,2,6,10,33,221,250,252,253,254,253,248,233,152,27,6,1,1,2,0,2,2,8,1,0,4,1,0,18,156,237,251,251,248,250,245,219,132,12,1,0,1,1,1,1,2,0,0,0,0,0,0,7,29,165,245,253,254,250,235,146,21,7,0,2,5,0,2,10,0,0,0,0,0,0,0,0,18,140,232,252,249,234,140,22,6,0,3,0,0,1,3,1,4,0,0,0,0,0,0,1,17,145,230,238,224,128,21,7,0,0,0,0,0,0,0,0,0,0,0,0,0,0,0,0,12,121,219,237,139,26,8,1,0,0,0,0,0,0,0,0,0,0,0,0,0,0,0,6,7,24,133,197,104,10,1,0,0,0,0,0,0,0,0,0,0,0,0,0,0,0,0,0,3,7,18,21,14,7,4,1,0,0,0,0,0,0,0,0,0,0,0,0,0,0,0,0,1,6,6,1,0,2,2,0,0,0,0,0,0,0,0,0,0,0,0,0,0,0,0,4,5,4,1,3,3,1,0,0,0,0,0,0,0,0,0,0,0,0,0,0,0,0,0,0,3,4,3,1,2,1,1,2,0,0,0,0,0,0,0,0,0,0
0,0,0,0,0,1,0,1,8,0,0,2,1,0,0,0,0,0,0,0,0,0,0,0,0,0,0,6,122,29,20,9,1,0,0,0,0,1,1,1,1,0,0,0,0,0,0,0,0,0,0,6,24,181,186,35,26,17,13,4,2,0,0,1,1,1,0,0,0,0,0,0,0,0,0,5,30,154,228,211,197,192,36,18,11,1,1,0,0,0,1,1,1,2,0,0,0,0,0,5,106,203,242,238,250,237,212,195,36,27,18,10,1,0,0,2,2,0,1,1,0,0,3,6,21,113,230,247,252,250,250,240,216,208,200,37,18,10,1,2,6,1,1,0,0,0,1,3,7,29,100,247,254,254,254,253,252,252,231,222,203,37,19,11,1,1,1,1,0,5,2,1,5,62,219,244,254,254,253,253,254,254,253,253,243,222,203,41,28,20,10,2,0,0,2,1,3,24,206,242,251,252,252,254,253,252,254,253,252,253,243,221,209,211,39,0,0,1,1,0,1,31,63,218,249,253,253,254,254,254,254,253,252,252,251,253,251,243,230,245,5,0,4,1,2,12,168,219,245,250,254,252,254,255,254,251,253,254,254,254,249,251,234,166,1,0,0,5,1,15,39,181,246,253,254,254,254,254,253,252,251,254,253,248,243,224,209,173,0,0,0,2,4,7,140,210,234,247,253,254,253,254,251,251,252,254,242,238,133,203,125,0,0,0,0,0,0,7,21,147,234,252,254,254,252,254,254,253,245,244,233,207,99,22,15,0,0,0,0,0,0,0,10,40,235,253,248,248,253,252,253,250,219,71,206,80,18,7,5,5,0,0,0,0,0,1,9,106,231,253,254,254,249,240,237,223,178,40,14,12,3,2,2,6,0,0,0,0,0,1,11,91,210,242,253,251,244,156,48,159,26,12,1,0,4,6,0,0,0,0,0,0,0,0,6,29,97,243,230,236,210,118,18,10,8,6,5,2,1,1,0,0,0,0,0,0,1,4,5,49,188,227,211,105,101,19,5,0,0,0,3,2,2,6,0,0,0,0,0,0,0,2,4,12,31,202,80,22,8,5,0,0,0,0,0,0,0,0,0,0,0,0,0,1,0,1,1,0,12,17,15,4,2,0,0,0,0,0,0,0,0,0,0,0,0,0,0,0,1,0,2,4,1,8,5,4,6,0,0,0,0,0,0,0,0,0,0,0,0,0,0,0,0,0,1,2,1,1,5,1,1,0,0,0,0,0,0,0,0,0,0,0,0,0,0,0,0,0,0,0,5,3,3,6,0,0,0,0,0,0,0,0,0,0,0,0,0
0,0,0,0,0,0,0,0,1,1,1,1,1,5,1,2,3,1,0,8,0,0,0,0,0,0,0,0,0,0,1,1,1,0,0,1,2,5,4,5,9,1,1,1,1,0,0,0,0,0,0,0,1,1,0,0,0,1,1,1,4,16,35,34,10,2,2,4,5,0,0,0,0,11,2,2,0,0,1,1,1,2,2,11,29,47,189,179,19,4,1,1,4,0,0,0,0,11,1,1,1,1,1,2,11,29,37,47,189,208,237,231,38,14,4,0,0,0,0,0,1,1,2,4,3,2,11,29,46,188,197,208,241,252,252,240,214,20,2,0,0,0,0,0,0,2,4,8,13,29,47,189,206,216,249,252,253,255,254,254,232,40,10,0,0,0,0,0,3,4,26,34,48,189,208,241,250,252,253,255,254,254,253,254,245,214,21,0,0,0,0,0,0,9,20,179,208,241,252,253,255,255,254,254,254,255,255,255,255,234,40,10,0,0,0,0,3,2,19,212,238,252,254,255,254,254,255,255,255,255,255,255,255,243,214,21,0,0,0,0,1,1,13,39,233,254,253,254,255,255,255,255,255,255,255,255,255,254,224,30,0,0,0,0,0,0,4,20,213,245,255,255,255,255,255,255,255,255,255,255,255,255,234,40,10,0,0,0,0,0,2,10,40,234,255,255,255,255,255,255,255,255,255,255,255,255,245,214,21,0,0,0,0,0,0,0,30,224,254,255,255,255,255,255,255,255,255,255,255,255,255,234,40,10,0,0,0,0,0,0,21,214,243,255,255,255,255,255,255,255,255,255,255,255,255,245,214,21,1,0,0,0,0,0,10,40,234,255,255,255,255,255,255,255,255,255,255,255,255,254,233,40,13,0,0,0,0,0,0,21,214,245,255,255,255,255,255,255,255,255,255,255,255,254,241,212,20,6,0,0,0,0,0,10,40,234,255,255,255,255,255,255,255,255,255,254,254,253,249,224,29,3,0,0,0,0,0,0,21,214,245,255,255,255,255,255,255,254,254,255,255,250,245,218,27,4,0,0,0,0,0,0,10,40,234,254,255,255,254,254,254,255,255,252,249,235,173,148,22,0,0,0,0,0,0,0,0,30,224,254,252,254,255,255,252,249,246,236,174,154,30,14,12,0,0,0,0,0,0,0,1,21,212,241,249,253,252,249,236,174,164,154,30,13,6,0,0,0,0,0,0,0,0,0,0,12,39,233,247,248,236,174,154,30,20,13,6,0,0,0,0,0,0,0,0,0,0,0,0,6,0,253,250,175,175,0,0,0,0,0,0,0,0,0,0,0,3
0,0,0,0,0,0,0,0,1,1,6,6,0,3,8,7,145,234,253,247,184,49,0,0,0,0,0,0,0,0,0,0,0,3,4,3,3,6,10,56,202,245,237,184,87,13,2,0,0,0,0,0,0,0,0,0,0,3,4,2,4,11,41,125,236,240,201,104,17,4,2,0,0,0,0,0,0,0,0,1,1,3,4,3,6,32,106,200,240,215,129,20,12,1,3,0,0,0,0,0,0,0,1,1,3,3,3,7,19,85,194,240,222,142,37,6,2,1,1,0,0,0,0,0,0,0,1,3,3,1,3,13,74,175,234,240,161,57,9,2,1,4,0,0,0,0,0,0,0,0,0,2,2,2,10,57,150,222,246,224,90,17,4,2,3,3,1,0,0,1,0,1,3,1,1,1,2,4,40,123,148,223,248,219,94,8,3,5,3,3,0,3,1,3,2,0,1,3,5,5,2,8,40,124,212,244,237,183,31,5,3,2,6,1,1,2,3,4,4,1,0,2,7,2,5,19,101,199,242,244,206,108,17,6,2,2,5,0,0,0,8,1,1,0,1,6,3,5,13,85,183,236,245,214,127,34,9,4,2,5,2,1,0,1,2,2,1,6,2,2,4,10,72,167,229,246,218,140,51,8,4,3,2,4,1,2,2,1,0,1,3,4,2,4,5,20,147,225,245,225,157,64,10,3,3,5,0,0,1,2,5,2,0,1,5,2,1,6,12,64,210,246,234,174,78,14,4,3,4,1,0,1,4,5,2,0,1,1,6,2,3,7,42,142,236,242,196,91,17,5,2,6,8,4,2,0,2,1,0,4,0,5,2,5,7,19,123,215,240,203,108,30,5,2,1,2,4,3,1,0,0,0,0,2,5,1,2,2,9,95,189,237,221,136,48,9,2,1,2,2,0,0,0,0,0,0,0,0,0,2,0,3,17,89,191,237,217,139,46,5,2,2,3,2,1,0,0,0,0,0,0,0,0,0,2,10,62,163,231,239,171,64,12,6,4,3,3,1,1,0,0,0,0,0,0,0,0,1,8,39,150,228,247,224,84,18,4,2,4,4,0,1,1,0,0,0,0,0,0,0,0,5,20,138,222,245,243,177,35,9,4,2,4,3,0,0,0,0,0,0,0,0,0,0,0,18,117,209,243,244,197,91,15,5,2,4,4,2,1,0,1,0,0,0,0,0,0,0,0,89,191,240,245,208,114,33,7,3,2,4,3,1,2,2,1,0,0,0,0,0,0,0,0,117,241,251,232,139,28,1,0,7,4,0,0,0,4,6,1,0,0,0,0,0,0,0,2
0,0,0,0,0,0,0,0,6,4,7,2,1,0,0,0,0,0,0,0,0,0,0,0,0,0,0,0,0,0,0,3,0,1,1,1,0,0,0,0,0,0,0,0,0,0,0,0,0,0,0,0,1,0,1,0,1,1,1,0,0,1,0,0,0,0,0,1,0,0,0,0,0,0,0,7,6,6,1,7,3,5,3,0,1,2,0,0,0,2,1,1,3,0,0,0,0,0,2,2,5,4,2,1,2,6,4,2,1,3,1,0,3,2,0,1,2,0,0,0,0,11,11,2,7,7,8,3,1,5,3,2,2,2,0,1,4,4,3,1,4,1,0,0,120,129,39,49,19,55,13,4,3,5,2,2,2,2,1,3,4,5,2,3,5,5,6,0,223,211,212,153,151,82,85,28,21,18,18,9,5,5,4,5,3,3,5,3,2,3,4,0,254,244,244,234,226,223,216,177,177,113,114,53,55,26,53,12,3,3,6,5,3,3,3,1,215,229,202,240,243,245,243,236,234,212,229,206,200,144,148,80,26,27,25,24,9,6,7,1,25,101,98,174,181,219,176,226,244,247,244,246,224,225,219,217,172,175,106,105,53,50,48,43,1,23,30,32,71,71,147,145,200,206,208,207,237,235,241,242,234,238,236,229,203,198,142,159,1,2,4,8,11,12,15,27,56,56,109,106,177,174,175,174,223,229,246,245,249,243,241,228,1,2,2,4,3,2,5,5,5,8,10,18,27,27,77,75,146,204,156,212,218,236,236,253,2,2,3,3,1,1,1,4,4,3,3,2,3,5,6,13,21,58,54,124,120,179,117,195,1,2,0,3,4,4,1,4,6,4,4,2,2,2,1,2,5,5,12,14,19,18,25,86,0,0,1,2,3,4,1,1,3,6,1,1,3,2,2,2,2,2,4,6,5,6,5,2,0,0,2,2,3,1,0,1,4,1,1,1,2,2,1,6,2,2,4,2,4,2,1,5,0,0,4,3,3,2,1,1,0,0,0,1,1,1,1,1,4,6,3,3,6,9,2,6,0,0,4,1,2,1,1,0,0,0,0,0,1,0,0,2,1,1,1,1,1,5,1,0,0,0,0,0,0,0,0,0,0,0,0,0,0,1,2,5,2,4,2,1,3,0,0,0,0,0,0,0,0,0,0,0,0,0,0,0,0,1,4,3,5,4,0,0,0,0,0,0,0,0,0,0,0,0,0,0,0,0,0,0,0,1,1,1,0,0,0,0,0,0,0,0,0,0,0,0,0,0,0,0,0,0,0,0,0,0,3,3,0,0,0,0,0,0,0,0,2
0,0,0,0,0,0,0,0,0,0,0,0,0,0,0,0,0,0,0,0,0,0,0,0,0,0,0,1,4,7,50,112,114,50,8,3,0,0,0,0,0,0,0,0,0,0,0,0,0,0,0,3,5,10,78,177,157,104,72,24,10,5,2,0,0,0,0,0,0,0,0,0,0,0,0,2,1,9,86,212,209,188,174,101,71,58,14,5,3,1,0,0,0,0,0,0,0,0,2,2,0,8,76,209,243,240,233,199,181,169,74,58,36,11,4,2,0,0,0,0,0,0,3,2,2,8,79,218,248,252,250,244,241,235,186,172,130,62,46,17,4,3,0,0,0,0,2,1,2,4,39,150,242,253,253,252,253,250,245,239,216,175,142,78,47,11,2,0,0,0,2,2,1,4,19,95,235,252,252,253,253,253,252,251,248,241,206,183,164,51,7,0,0,1,2,3,2,3,24,139,233,252,251,253,253,252,253,252,252,251,248,241,218,122,9,0,0,1,2,0,2,1,11,82,230,250,251,253,254,253,251,253,253,252,245,227,195,79,8,0,1,5,2,0,1,0,6,61,220,250,250,253,254,253,251,252,251,245,227,139,90,15,3,0,1,2,1,0,4,0,6,65,222,251,253,253,254,253,251,252,251,235,159,50,12,6,0,0,0,0,1,0,1,0,5,49,214,245,252,253,254,251,253,249,237,214,101,16,4,1,0,0,0,0,0,0,0,1,7,51,214,244,251,253,253,253,251,234,150,46,24,7,0,0,0,0,0,0,0,0,0,1,4,80,208,245,249,249,250,243,225,187,24,7,2,2,0,0,0,0,0,0,0,0,0,0,3,21,133,240,250,251,245,215,82,20,8,0,4,1,0,0,0,0,0,0,0,0,0,0,1,14,101,234,249,236,223,119,23,4,4,2,1,0,0,0,0,0,0,0,0,0,0,0,0,11,125,230,239,184,127,46,7,1,2,3,2,1,1,0,0,0,0,0,0,0,0,0,1,11,47,224,223,130,21,6,1,0,1,1,2,1,0,0,0,0,0,0,0,0,0,1,2,5,65,197,125,56,8,0,0,0,0,0,1,1,0,0,0,0,0,0,0,0,0,0,3,4,34,112,32,8,2,0,0,0,0,0,0,0,0,0,0,0,0,0,0,0,0,0,1,2,7,22,10,2,1,0,0,0,0,0,0,0,0,0,0,0,0,0,0,0,0,0,1,3,1,8,3,0,0,0,0,0,0,0,0,0,0,0,0,0,0,0,0,0,0,0,0,0,0,0,8,0,0,0,0,0,0,0,0,0,0,0,0,0,0
0,0,0,0,0,0,0,0,0,0,0,2,2,1,2,181,106,106,1,4,0,0,0,0,0,0,0,0,0,0,0,0,1,1,8,14,31,159,178,230,230,141,22,9,0,0,0,0,0,0,0,0,0,0,1,1,8,14,31,159,178,236,249,249,244,157,129,12,0,0,0,0,0,0,0,0,2,1,8,14,31,159,178,236,249,252,254,253,249,237,145,24,6,0,0,0,0,1,6,4,8,14,31,159,178,236,249,251,254,254,254,253,254,246,158,129,13,0,0,0,4,2,10,15,31,159,178,236,249,251,254,254,254,254,255,255,255,251,238,139,18,0,0,0,6,11,29,159,178,236,249,251,254,254,254,254,255,255,255,255,255,255,246,153,28,7,0,0,6,44,158,225,248,251,254,254,254,254,255,255,255,255,255,255,255,255,251,232,133,13,0,0,2,58,87,235,251,254,254,254,255,255,255,255,255,255,255,255,255,255,255,246,153,28,7,0,3,12,73,222,247,254,255,255,255,255,255,255,255,255,255,255,255,255,255,251,232,133,13,0,3,6,61,90,238,255,255,255,255,255,255,255,255,255,255,255,255,255,255,255,246,153,28,3,0,2,10,81,231,254,255,255,255,255,255,255,255,255,255,255,255,255,255,254,249,231,133,2,0,0,6,69,221,246,255,255,255,255,255,255,255,255,255,255,255,255,254,253,251,243,150,1,0,0,2,18,89,238,254,255,255,255,255,255,255,255,255,255,254,254,255,254,248,239,213,82,0,0,0,6,69,221,246,255,255,255,255,255,255,255,254,254,255,255,250,246,231,145,124,4,0,0,0,2,18,89,239,255,255,255,255,255,254,254,255,255,250,246,231,145,126,28,13,4,0,0,0,0,6,69,221,247,255,255,254,254,255,250,246,241,231,145,126,26,11,8,5,3,0,0,0,0,2,18,89,237,254,253,254,250,246,237,150,141,126,26,11,6,1,1,1,3,0,0,0,0,0,6,69,220,242,246,245,237,150,136,121,22,11,6,1,0,0,0,2,2,0,0,0,0,1,3,19,83,229,228,145,131,121,22,11,6,1,0,0,0,1,1,0,2,0,0,0,0,0,2,7,62,127,127,29,18,11,6,1,0,0,1,1,1,0,0,0,0,0,0,0,0,2,2,6,10,16,15,9,3,2,0,0,1,1,1,0,0,0,0,0,0,0,0,0,0,6,3,4,4,3,2,5,1,1,1,1,1,0,0,0,0,0,0,0,0,0,0,0,0,0,1,2,2,1,1,4,2,3,0,0,0,0,0,0,0,0,0,0,0,3
0,0,0,0,0,0,0,0,0,0,0,0,0,0,0,0,0,0,0,0,0,0,0,0,0,0,0,0,0,0,0,0,1,2,4,3,1,1,1,1,2,3,5,1,0,0,0,0,0,0,0,0,0,0,0,0,2,2,1,1,2,4,4,2,2,3,5,3,0,0,0,0,0,0,0,0,1,1,1,2,4,2,5,7,11,30,22,16,10,13,8,1,0,0,0,0,0,0,0,1,1,3,4,7,13,37,39,50,62,133,109,101,65,61,15,4,2,0,0,0,1,0,2,4,7,5,14,50,71,149,146,166,181,225,232,231,185,160,73,23,5,0,0,0,4,1,5,4,6,35,72,163,193,230,240,243,247,250,253,251,247,237,186,93,16,5,0,0,2,2,2,4,12,83,177,232,246,249,252,254,254,254,254,254,251,250,237,187,85,8,0,0,4,3,1,11,71,126,225,250,251,249,253,254,254,254,254,254,253,253,249,224,120,20,4,0,2,2,5,28,166,209,243,253,253,251,253,254,254,255,255,254,253,251,250,243,199,90,10,5,1,2,20,90,214,247,250,253,254,254,254,255,255,255,255,254,254,253,253,245,183,70,28,0,3,3,17,85,222,251,252,254,254,255,255,255,255,255,255,255,255,254,254,247,191,86,27,0,2,5,15,112,228,251,253,254,254,255,255,255,255,255,255,255,255,254,254,248,207,124,41,0,4,4,21,134,236,248,252,254,255,255,255,255,255,255,255,255,255,254,253,248,215,115,29,0,2,2,37,197,239,252,252,254,255,255,255,255,255,255,255,255,254,253,251,240,189,77,13,0,4,1,20,140,236,250,251,254,254,255,255,255,255,254,254,254,254,252,249,208,101,26,8,0,0,0,12,90,195,245,252,253,252,254,255,254,254,254,253,251,252,249,228,176,65,10,4,0,0,0,3,18,135,227,243,249,253,253,254,254,254,253,253,249,243,231,161,54,15,9,1,0,0,0,0,7,49,106,172,239,248,253,253,252,248,244,238,227,191,137,63,11,3,0,0,0,0,0,0,2,7,24,105,130,229,235,238,227,207,167,163,122,71,20,9,3,0,0,0,0,0,0,0,0,4,8,17,65,125,140,163,147,90,43,40,16,9,4,0,0,0,0,0,0,0,0,0,0,3,4,7,11,17,33,38,57,15,10,3,1,0,0,0,0,0,0,0,0,0,0,0,0,0,2,5,3,1,2,4,3,2,0,0,0,0,0,0,0,0,0,0,0,0,0,0,0,0,0,0,0,0,0,0,0,0,0,0,0,0,0,0,0,0,0,0,0,1
0,0,0,0,0,0,0,0,0,0,1,2,2,0,1,0,0,0,0,0,0,0,0,0,0,0,0,0,0,0,0,0,0,1,1,3,2,4,3,0,2,5,0,0,0,0,0,0,0,0,0,0,0,0,0,0,0,1,2,3,3,2,0,1,1,2,2,3,2,0,0,0,0,0,0,0,0,0,0,0,0,0,1,1,1,1,4,1,5,5,4,4,5,3,3,0,0,0,0,0,0,0,0,0,1,0,0,0,2,3,6,1,5,4,2,2,5,14,45,3,0,0,0,0,0,0,0,0,1,1,1,2,5,2,1,3,3,5,8,13,23,61,131,87,0,2,2,0,0,2,0,0,0,2,2,4,6,1,1,8,4,11,38,112,131,200,207,197,0,5,5,0,1,4,2,0,2,3,2,3,3,5,7,14,23,33,115,201,216,242,240,232,0,1,4,1,1,5,5,3,2,2,1,2,5,8,18,102,176,124,200,239,244,238,214,206,2,1,1,1,5,7,7,7,2,2,5,6,16,66,99,185,230,237,238,221,209,134,123,129,1,3,6,3,2,5,3,3,3,13,42,62,73,170,190,233,247,247,220,154,132,48,24,0,7,6,4,2,4,5,5,5,12,46,146,170,230,238,245,233,224,213,147,127,51,10,7,1,6,3,2,4,6,10,39,48,57,144,171,236,250,249,237,185,158,75,24,15,7,2,0,0,1,5,3,4,12,44,114,137,206,237,244,242,239,229,174,81,60,13,6,2,1,2,2,0,0,7,15,28,52,122,200,218,245,245,242,195,106,82,33,18,7,4,2,4,2,4,4,1,5,19,98,182,200,235,240,243,231,202,186,101,27,18,7,5,4,1,3,5,1,1,2,0,78,102,185,235,246,247,227,212,136,34,28,14,7,2,3,4,2,3,3,4,0,1,1,0,238,227,230,242,236,212,149,127,30,6,3,1,3,4,6,2,3,4,5,3,1,0,1,0,253,248,228,174,153,71,46,14,7,1,2,1,3,8,4,3,0,1,1,2,2,1,0,0,253,223,168,148,70,13,6,5,1,1,4,1,1,1,4,0,0,2,2,3,5,1,0,0,203,89,30,66,17,5,3,4,4,3,3,2,0,1,1,1,0,1,4,4,2,1,0,0,0,11,6,7,9,1,2,7,7,3,1,2,1,0,0,0,0,0,0,1,0,0,0,0,0,0,0,0,0,0,2,5,1,1,1,1,0,0,0,0,0,0,0,0,3,0,0,0,0,0,0,0,0,0,0,0,0,0,0,1,0,0,0,0,0,0,0,0,1,0,0,0,2
0,0,0,0,0,0,0,0,0,1,3,3,0,2,6,1,1,3,4,3,6,0,0,0,0,0,0,3,3,6,11,23,151,164,164,161,128,34,106,36,7,3,2,2,2,0,0,0,5,0,3,9,17,18,32,135,231,245,245,242,215,143,219,117,43,15,5,2,1,0,0,0,2,3,6,42,110,120,137,215,248,253,253,252,248,248,244,239,213,78,11,6,5,1,4,0,1,3,10,50,138,234,243,248,253,254,250,249,253,254,252,254,238,99,19,7,4,3,2,0,9,3,16,119,234,247,253,254,255,254,252,252,254,254,253,254,244,185,80,13,4,2,1,0,5,7,35,210,248,254,254,254,254,255,254,254,255,255,254,253,248,239,167,68,9,0,0,0,1,13,120,233,252,255,255,255,255,255,255,255,255,255,255,252,250,247,234,139,23,6,1,0,1,21,144,240,252,254,255,255,255,255,255,255,255,255,255,254,254,252,244,157,126,13,2,0,1,73,176,241,252,254,255,255,255,255,255,255,255,255,255,255,254,252,249,237,135,17,3,8,0,24,167,240,250,254,254,255,255,255,255,255,255,255,255,255,255,253,252,239,138,16,3,12,1,23,163,240,252,252,253,255,255,255,255,255,255,255,255,255,255,254,252,232,115,12,2,7,2,21,164,244,253,253,254,255,255,255,255,255,255,255,255,254,254,254,247,206,37,9,2,0,1,20,164,244,253,254,255,255,255,255,255,255,255,255,255,254,250,254,246,136,37,10,5,0,0,20,161,237,247,249,254,255,255,255,255,255,255,255,255,254,254,253,249,229,109,14,3,4,1,17,126,204,167,244,254,254,255,255,255,255,255,255,255,255,255,254,251,234,115,17,4,2,0,11,23,44,150,241,254,254,255,255,255,254,254,254,254,255,254,252,241,181,78,12,7,2,0,2,5,20,137,236,251,253,252,254,254,252,253,254,254,255,253,242,206,78,14,7,3,4,0,3,6,13,93,191,243,252,251,254,254,250,251,253,248,241,233,222,78,19,7,2,3,7,0,3,6,10,21,100,212,246,254,253,254,254,252,251,244,115,91,74,25,5,2,4,5,8,0,1,2,9,8,24,96,222,232,235,237,238,238,238,225,169,29,10,5,3,2,2,6,9,0,0,1,3,2,9,19,42,82,93,117,124,124,124,118,82,19,6,3,3,2,2,1,0,0,0,3,2,1,4,8,10,10,17,13,16,18,17,15,11,4,1,5,1,2,0,0,0,0,0,3,2,2,2,6,10,4,4,0,0,7,8,4,1,0,0,0,0,0,0,0,0,1
0,0,0,0,0,0,0,0,0,0,0,0,1,4,0,0,0,0,0,0,0,0,0,0,0,0,0,0,0,0,0,0,0,0,0,1,0,3,3,0,1,0,0,0,0,0,0,0,0,0,0,0,0,0,0,0,0,0,0,0,2,5,1,4,1,0,4,3,3,0,0,0,0,0,0,0,0,0,0,0,0,0,0,0,1,0,2,1,1,1,1,7,5,3,1,1,0,0,0,0,0,0,0,0,0,0,1,1,0,0,0,1,8,2,7,4,1,3,7,8,0,0,4,1,0,0,0,0,0,0,1,1,1,1,7,2,1,7,4,9,11,14,22,47,0,2,2,4,4,0,1,1,0,0,0,2,1,5,7,2,3,2,8,10,70,75,175,249,0,1,5,2,0,1,0,0,4,1,1,4,0,0,1,10,12,19,30,95,95,190,242,255,0,0,0,2,1,0,0,4,4,8,3,0,2,0,5,20,113,116,195,203,202,237,241,255,2,1,0,4,3,4,4,1,6,3,4,2,9,14,28,129,209,218,241,247,241,213,144,141,3,1,1,5,3,1,4,7,6,10,29,33,41,145,152,220,240,247,240,212,202,119,26,2,0,0,4,2,3,2,2,9,11,49,159,159,226,237,242,237,198,197,189,104,101,18,5,0,1,1,1,1,7,13,20,31,75,175,187,245,251,251,242,187,85,87,28,18,11,9,1,0,1,0,4,10,19,85,179,186,231,238,244,235,230,225,166,62,60,9,8,7,3,2,6,6,1,21,29,103,107,195,242,247,247,238,231,165,54,54,22,14,7,6,4,7,1,2,6,0,137,122,201,230,239,240,241,233,212,150,141,30,9,5,3,3,2,5,6,4,7,1,0,0,137,221,246,250,245,214,135,133,30,23,13,7,2,2,1,1,8,7,1,1,1,0,1,0,231,235,237,232,198,115,106,22,7,4,6,2,4,4,2,1,3,4,4,0,1,4,0,0,255,189,97,99,90,21,11,7,8,4,1,6,4,2,2,1,0,0,0,0,1,0,0,0,166,70,17,12,10,5,5,1,2,2,2,5,2,1,1,1,0,0,0,0,0,0,0,0,3,9,2,1,2,6,2,7,1,8,2,2,0,0,0,0,0,0,0,0,0,0,0,0,0,0,0,4,4,1,8,1,1,1,1,1,1,1,0,0,0,0,0,0,0,0,0,0,0,0,0,0,0,1,5,2,0,3,4,4,4,3,1,0,0,0,0,0,0,0,0,0,0,0,0,0,0,0,0,0,0,1,0,0,1,0,0,0,0,0,0,0,0,0,0,0,2
0,0,0,0,0,0,0,0,0,0,0,0,0,0,0,0,0,0,5,3,1,1,0,0,0,0,0,0,0,0,0,4,4,2,1,1,2,3,4,6,9,13,11,7,5,1,1,6,0,0,0,0,1,4,7,12,15,15,16,18,21,34,48,62,76,91,94,28,5,2,6,3,0,0,4,1,2,9,40,91,110,124,138,152,165,173,181,188,196,203,190,36,4,2,4,6,0,0,3,6,2,11,94,195,215,224,232,240,245,246,247,248,248,246,221,29,4,0,2,0,0,0,4,3,1,15,120,232,249,251,253,254,254,254,254,254,253,251,222,29,1,0,0,0,0,0,4,0,1,17,126,237,253,254,254,254,254,254,254,254,254,252,213,28,0,0,0,0,0,0,0,0,0,16,131,240,254,254,254,255,255,255,255,255,255,250,196,26,0,0,0,0,0,0,0,0,0,16,137,241,255,255,255,255,255,255,255,255,255,247,179,23,0,0,0,0,0,0,0,0,0,17,141,241,255,255,255,255,255,255,255,255,255,244,161,20,0,0,0,0,0,0,0,0,0,17,146,242,255,255,255,255,255,255,255,255,255,242,144,17,0,0,0,0,0,0,0,0,0,18,151,243,255,255,255,255,255,255,255,255,255,239,126,14,0,0,0,0,0,0,0,0,0,19,155,243,255,255,255,255,255,255,255,255,255,236,108,12,0,0,0,0,0,0,0,0,0,20,160,244,255,255,255,255,255,255,255,254,254,233,90,9,0,0,0,0,0,0,0,0,0,21,165,245,254,255,255,255,255,255,254,254,253,229,71,8,0,0,0,0,0,0,0,0,0,22,169,245,253,254,254,254,254,254,254,253,251,225,52,7,1,3,0,0,0,0,0,0,1,23,174,243,253,254,253,251,249,247,244,242,237,213,29,2,4,4,0,0,0,0,6,1,2,20,170,228,235,234,228,212,194,177,160,143,125,97,14,4,2,3,0,0,0,0,3,5,2,13,95,110,97,86,77,69,58,48,39,29,22,11,6,2,0,1,0,0,0,0,3,1,2,7,16,16,11,9,8,7,6,5,3,3,4,2,1,2,1,0,0,0,0,0,1,0,2,2,1,3,1,0,0,0,0,0,0,0,0,5,1,2,0,0,0,0,0,0,0,1,2,1,4,0,1,0,0,0,0,0,0,1,2,2,3,2,2,0,0,0,0,0,0,1,2,1,4,2,0,0,0,0,0,0,0,0,0,0,0,0,0,0,0,0,0,0,0,2,5,0,0,0,0,0,0,0,0,0,0,0,0,0,0,0,0,0,0,0,3
0,0,0,0,0,0,2,3,167,167,252,243,101,9,11,2,0,0,0,0,0,0,0,0,0,0,0,0,4,5,2,13,75,170,240,237,183,92,11,3,1,3,0,0,0,0,0,0,0,0,0,0,2,5,5,10,65,93,227,245,190,86,12,4,2,4,3,0,0,0,0,0,0,0,0,1,5,3,4,6,17,81,223,241,193,88,20,4,4,4,1,0,0,0,0,0,0,0,0,2,3,3,1,3,20,77,188,247,235,90,26,6,3,3,2,1,1,0,0,0,0,0,0,0,4,2,2,4,14,78,182,239,237,175,66,7,1,3,3,2,2,0,0,0,0,4,4,0,0,3,2,4,9,76,104,238,246,180,77,9,1,2,2,2,0,0,0,0,0,2,2,2,0,4,4,4,6,22,174,229,235,217,79,10,2,0,0,0,0,0,0,0,0,0,1,1,0,1,7,3,2,16,101,196,246,220,89,17,4,1,1,2,2,1,0,0,0,0,0,0,3,5,9,8,3,9,96,189,246,238,153,62,4,3,9,6,5,1,0,0,0,0,0,0,2,3,3,2,1,6,31,185,239,229,158,27,6,4,3,3,1,1,0,0,0,0,0,0,0,0,0,1,0,2,28,179,235,233,209,67,4,4,4,2,0,0,2,1,0,0,0,0,0,0,1,3,1,2,18,111,208,247,223,63,15,4,4,1,3,1,5,5,0,0,0,0,0,2,0,3,3,2,11,105,198,244,228,150,19,7,2,4,3,4,2,3,0,0,0,0,0,1,0,3,1,4,28,52,196,248,237,160,27,5,4,2,5,3,2,3,0,0,0,0,0,0,0,0,3,5,6,46,193,242,247,207,47,5,2,4,4,4,1,0,0,0,0,1,1,0,0,4,4,2,4,22,129,219,248,212,63,12,5,4,5,1,0,0,0,0,0,1,4,2,2,5,4,2,4,29,130,230,245,215,125,14,2,2,4,0,0,0,0,1,1,4,4,2,1,5,5,4,8,10,48,208,246,216,130,22,4,1,2,0,0,0,0,1,4,2,3,3,1,3,3,2,3,3,35,204,245,241,190,48,4,0,3,0,0,0,0,0,0,0,1,4,2,0,2,5,3,6,23,148,243,246,139,50,8,1,2,0,0,0,0,0,0,0,0,0,0,1,2,5,3,3,38,138,236,244,206,116,12,1,0,0,0,0,0,0,0,0,0,0,1,3,4,8,3,4,12,71,213,247,213,126,15,0,0,0,0,0,0,0,0,0,0,0,0,0,7,0,4,3,1,56,226,226,243,129,6,0,0,0,0,0,2
0,0,0,0,1,1,0,3,1,1,1,0,0,0,0,0,0,0,0,0,0,0,0,0,0,0,0,3,2,4,7,1,0,0,0,1,1,1,1,0,0,0,0,1,0,0,0,0,0,0,8,8,19,20,17,3,1,1,1,0,0,0,0,1,1,1,2,2,1,1,4,6,0,0,6,22,137,210,39,30,29,29,20,11,1,1,1,0,0,0,1,1,10,3,2,2,0,3,13,134,229,238,235,225,225,225,216,39,29,29,20,11,1,2,5,8,2,1,0,3,0,0,18,142,240,253,254,255,255,255,245,235,225,225,216,39,29,30,21,18,2,3,2,1,0,0,18,143,241,254,253,254,254,254,255,255,255,255,245,235,225,225,216,36,14,8,6,7,0,0,18,143,242,255,255,255,255,255,254,254,254,254,254,255,254,253,239,218,66,6,2,6,0,6,28,153,246,255,255,255,255,255,255,255,255,255,255,254,253,253,254,231,78,10,3,0,0,13,133,232,251,255,255,255,255,255,255,255,255,255,255,255,255,255,254,229,78,9,2,0,0,18,143,242,255,255,255,255,255,255,255,255,255,255,255,255,255,255,247,221,69,6,0,0,0,18,143,242,255,255,255,255,255,255,255,255,255,255,255,255,255,255,239,89,18,2,0,0,0,28,153,246,255,255,255,255,255,255,255,255,255,255,255,255,255,255,231,79,8,0,0,0,1,133,232,250,255,255,255,255,255,255,255,255,255,255,255,255,255,255,231,79,8,0,0,0,2,142,240,253,252,255,255,255,255,255,255,255,255,255,255,255,255,247,222,69,6,0,0,0,2,143,239,249,254,254,254,254,254,255,255,255,255,255,255,255,255,239,89,18,2,0,0,0,0,127,216,225,235,245,255,255,255,254,254,254,254,254,255,255,254,231,79,8,0,0,0,0,5,20,29,30,39,216,225,225,235,245,255,255,255,255,253,253,254,229,79,8,0,0,0,0,2,4,7,3,11,20,29,29,39,216,225,225,235,245,255,253,241,222,68,7,2,0,0,0,1,2,1,1,2,1,1,1,11,20,29,29,39,216,225,225,216,75,17,6,4,1,0,0,9,7,2,2,0,0,0,0,0,1,1,1,11,20,30,31,27,14,3,2,5,10,0,0,0,1,2,0,1,1,1,1,1,0,0,0,0,2,4,7,2,3,5,5,1,1,0,0,0,0,0,0,0,0,0,0,0,1,1,1,1,0,1,1,2,4,2,1,2,0,0,0,0,0,0,0,0,0,0,0,0,0,0,0,0,3,2,2,14,0,0,3,5,0,0,0,3
0,0,0,0,0,0,0,0,0,0,0,0,5,1,0,0,0,4,2,1,4,7,0,0,0,0,1,0,1,3,1,1,2,2,1,2,2,3,4,3,4,3,1,1,1,1,3,0,0,0,2,2,1,4,3,3,2,1,2,4,3,3,3,3,3,1,3,4,3,3,1,0,0,0,2,3,1,1,3,2,4,8,12,19,21,19,13,8,2,0,1,1,4,5,1,0,0,0,2,5,2,3,8,15,23,56,119,138,145,147,121,51,19,8,1,2,3,4,5,0,0,0,5,4,3,11,42,117,135,168,219,231,234,233,216,178,149,45,11,3,1,2,4,0,0,0,3,6,10,46,151,216,230,239,248,251,249,250,249,244,230,168,50,8,4,2,0,0,0,0,1,6,47,149,230,248,252,253,253,253,251,253,253,252,250,231,81,17,7,4,0,0,0,0,3,13,83,221,247,253,254,254,254,254,254,254,254,254,253,239,172,72,17,6,3,0,0,0,5,46,157,237,251,254,255,255,255,255,255,255,255,254,253,246,230,163,66,7,2,0,0,0,7,71,202,244,252,254,254,255,255,255,255,255,255,255,253,251,245,206,92,11,0,0,0,0,8,75,207,248,252,253,254,255,255,255,255,255,255,255,254,252,248,205,89,11,0,0,0,0,7,75,206,248,252,254,254,255,255,255,255,255,255,255,254,252,247,199,81,9,0,0,0,0,7,61,179,242,253,254,255,255,255,255,255,255,255,254,254,252,236,174,65,6,0,0,0,0,6,29,116,237,253,254,255,255,255,255,255,255,255,253,252,249,209,113,34,5,0,0,0,0,2,13,90,231,250,253,254,254,254,254,255,255,255,254,252,245,183,66,13,4,0,0,0,0,3,10,63,182,239,249,252,253,253,252,254,254,254,253,248,227,150,48,8,3,0,0,0,0,1,5,16,60,180,232,246,250,251,250,252,251,249,244,224,159,67,20,7,2,0,0,0,0,1,2,4,16,59,142,192,232,240,241,236,218,196,187,139,47,15,5,3,3,0,0,0,0,1,2,2,7,12,20,75,140,153,161,161,103,36,23,17,9,3,2,3,5,0,0,0,0,1,4,2,3,4,5,10,16,22,22,19,16,11,5,3,2,1,5,8,1,0,0,0,0,0,0,0,0,2,2,4,5,3,3,3,2,2,3,3,2,2,1,1,1,0,0,0,0,0,0,0,0,0,0,0,0,0,0,0,0,4,2,2,2,0,1,4,5,0,0,0,0,0,0,0,0,0,0,0,0,0,0,0,0,0,0,0,0,0,0,0,0,0,0,1
0,0,0,0,0,1,0,4,4,7,8,0,7,5,0,0,0,0,0,0,0,0,0,0,0,0,0,0,2,0,4,5,4,3,2,2,2,2,4,5,2,1,0,0,0,0,0,0,0,0,0,0,2,3,3,5,6,4,3,5,5,3,1,1,3,2,0,0,0,0,0,0,0,0,0,1,2,2,2,4,5,4,5,25,11,10,4,1,1,3,3,2,4,0,0,0,0,0,0,1,2,2,2,6,49,24,53,53,158,35,27,25,15,10,6,2,5,1,0,0,0,0,2,2,1,5,12,27,92,177,225,229,226,190,179,123,170,25,11,5,5,9,1,0,0,3,5,1,5,14,104,169,230,244,250,253,251,249,244,241,199,186,36,18,10,3,2,8,0,2,7,2,9,100,126,238,247,251,254,255,254,254,254,252,250,239,197,171,19,3,3,1,3,3,4,8,24,119,236,246,252,253,254,255,255,255,254,253,253,248,248,229,61,10,0,1,3,1,4,11,102,222,245,253,252,253,255,255,255,255,255,254,251,253,253,212,186,26,6,1,2,1,5,15,85,188,249,253,253,254,254,255,255,255,255,254,254,254,253,251,233,99,17,0,2,3,7,16,96,230,250,253,254,254,255,255,255,255,255,255,255,255,254,254,242,190,89,2,2,6,11,73,102,237,254,255,255,255,255,255,255,255,255,255,255,255,254,252,245,148,28,7,3,2,12,60,177,235,254,254,255,255,255,255,255,255,255,255,255,255,254,250,219,191,25,5,3,2,6,46,74,239,254,253,255,255,255,255,255,255,255,255,255,255,254,250,245,203,31,4,3,1,5,23,174,236,249,253,254,255,255,255,255,255,255,255,255,254,253,251,248,204,112,4,3,2,7,18,160,188,242,253,254,253,254,255,255,255,255,255,255,253,253,250,247,193,32,0,2,3,3,18,16,40,218,250,254,253,252,254,254,255,255,254,253,254,253,249,206,178,18,0,0,0,1,2,4,16,141,237,251,249,253,254,254,255,255,252,253,252,248,233,183,24,8,0,0,0,1,1,4,7,26,184,206,238,246,250,253,254,254,254,250,240,206,125,23,8,0,0,0,0,0,2,6,2,10,20,36,192,190,210,241,248,245,244,239,174,42,20,8,0,0,0,0,0,0,0,1,7,4,7,10,25,162,63,181,193,197,127,189,117,17,3,0,0,0,0,0,0,0,0,0,0,3,2,4,9,18,25,21,29,85,26,19,21,9,3,0,0,0,0,0,0,0,0,0,0,0,0,7,7,0,1,4,1,1,3,3,3,10,0,0,0,0,0,1
0,0,0,0,0,0,0,0,1,3,5,1,1,2,4,5,1,6,1,0,0,0,0,0,0,0,0,0,0,7,17,31,116,124,143,184,90,24,14,2,6,5,0,0,0,0,0,0,0,0,0,0,7,23,165,181,230,214,240,213,230,181,49,26,17,7,2,1,0,0,0,0,0,0,1,10,22,166,192,246,248,252,251,252,248,206,226,211,150,27,9,1,1,0,0,0,0,1,5,16,104,195,243,249,252,254,254,253,252,251,246,239,235,186,20,3,3,0,0,0,4,7,15,34,150,210,250,251,251,253,255,255,255,254,251,250,249,207,36,9,1,6,0,0,0,7,89,142,233,248,253,254,253,254,255,255,255,254,252,252,250,241,197,26,9,1,2,0,5,10,35,197,247,254,254,254,255,255,255,255,255,255,254,254,251,249,234,181,17,4,0,0,1,6,86,227,251,254,254,255,255,255,255,255,255,255,255,255,254,254,243,92,63,7,5,0,8,14,72,235,252,254,255,255,255,255,255,255,255,255,255,255,254,252,243,194,33,14,5,3,4,11,163,192,248,254,255,255,255,255,255,255,255,255,255,255,254,252,251,206,177,22,3,1,2,8,29,186,243,251,254,255,255,255,255,255,255,255,255,255,255,254,253,243,152,23,2,2,2,1,22,150,240,250,253,254,254,255,255,255,255,255,255,255,255,255,253,237,162,15,6,2,2,1,14,174,203,247,252,252,255,255,255,255,255,255,255,255,255,255,253,233,57,28,3,2,4,2,9,25,186,239,250,253,254,255,255,255,255,255,255,254,254,254,246,228,158,13,2,3,1,2,1,8,34,196,246,248,252,254,255,255,255,254,253,253,254,250,237,93,67,11,2,2,0,2,3,2,16,171,194,210,247,252,254,254,254,254,250,251,251,241,171,76,12,5,3,2,0,3,10,10,10,22,75,189,199,249,253,251,253,254,254,254,248,225,81,22,9,5,3,4,0,0,1,7,5,7,15,32,178,232,245,245,246,244,239,240,227,110,19,7,3,3,3,1,0,0,0,1,2,3,5,11,27,137,162,219,222,97,169,121,107,21,6,4,6,5,0,0,0,0,0,4,4,2,2,6,10,16,26,40,56,68,65,92,14,8,6,4,5,1,0,0,0,0,0,0,6,2,3,1,1,2,5,5,12,12,12,8,7,5,3,1,0,0,0,0,0,0,0,0,0,4,3,1,3,2,1,4,7,5,4,3,6,7,0,0,0,0,0,0,0,0,0,0,0,0,4,4,4,2,1,2,2,1,2,3,0,0,0,0,0,0,0,0,1
0,0,0,0,0,0,0,0,0,0,0,0,0,0,0,0,0,0,0,0,0,0,0,0,0,0,0,0,0,0,0,0,0,0,0,0,0,0,0,0,0,0,0,0,0,0,0,0,0,0,0,0,1,5,3,4,2,0,1,0,0,0,0,0,0,0,0,0,0,0,0,0,0,0,0,3,5,6,13,41,19,9,3,0,0,0,0,0,0,0,0,0,0,0,0,0,0,0,0,0,0,8,58,166,102,78,21,8,3,0,0,0,0,0,0,0,0,0,0,0,0,0,0,0,2,17,132,220,237,225,119,87,21,9,3,0,0,1,1,1,0,0,0,0,0,0,0,0,6,68,180,239,251,248,242,216,136,92,22,10,3,1,1,3,4,2,0,0,0,0,0,2,15,101,221,250,253,254,253,249,242,213,151,93,22,12,6,3,3,1,0,0,0,0,0,3,55,187,242,254,255,254,254,254,253,250,242,213,164,93,23,11,4,1,0,0,0,0,0,12,69,212,251,255,255,255,255,254,254,254,253,250,242,212,154,65,8,1,0,0,0,0,3,24,189,243,253,255,255,255,255,255,254,254,254,253,250,242,207,97,11,0,0,0,0,1,10,80,212,252,255,255,255,255,255,255,255,255,255,254,252,230,184,100,10,3,0,0,0,6,23,170,242,253,255,255,255,255,255,255,255,255,255,253,248,223,129,22,5,0,0,0,0,10,96,202,248,254,255,255,255,255,255,255,255,255,255,252,239,181,106,10,0,0,0,0,0,12,121,218,248,254,254,254,255,255,255,255,255,255,255,249,221,151,22,4,0,0,0,0,0,9,29,166,231,243,253,254,254,254,255,255,255,255,253,247,185,99,10,0,0,0,0,0,0,1,11,19,36,204,234,244,253,254,254,254,255,255,251,216,172,22,4,0,0,0,0,0,0,2,1,2,11,19,39,211,235,245,253,254,253,252,247,193,80,11,0,0,0,0,0,0,0,3,2,1,0,1,10,21,66,205,232,245,251,249,211,175,33,3,0,0,0,0,0,0,0,0,0,1,1,0,0,2,11,23,87,200,230,238,200,70,16,1,0,0,0,0,0,0,0,0,0,0,0,0,0,0,0,3,12,25,104,188,163,52,7,0,0,0,0,0,0,0,0,0,0,0,0,0,0,0,0,0,1,5,15,22,19,10,4,2,1,0,0,0,0,0,0,0,0,0,0,0,0,0,0,0,1,1,2,2,1,4,2,6,2,0,0,0,0,0,0,0,0,0,0,0,0,0,0,0,0,0,0,0,0,1,0,0,7,1,0,0,0,0,3
0,0,0,0,0,0,0,0,0,0,0,0,1,0,0,0,0,0,0,0,0,0,0,0,0,0,0,0,0,1,2,3,3,3,4,2,0,0,0,0,0,0,0,0,0,0,0,0,0,0,0,0,1,2,5,45,22,14,10,6,2,1,0,0,0,1,0,0,0,0,0,0,0,0,0,0,0,3,11,64,107,120,110,23,12,7,2,1,0,0,1,1,1,1,0,0,0,0,0,0,1,2,11,105,191,210,169,155,117,32,28,20,7,2,1,2,2,1,1,1,0,0,0,0,2,1,9,70,202,242,238,233,215,179,167,107,60,30,12,8,6,1,1,0,0,0,0,2,1,2,7,61,185,246,252,251,248,243,223,201,192,122,91,86,29,11,6,1,0,0,0,2,2,2,5,56,172,240,252,253,253,252,250,248,242,221,208,179,128,119,29,1,0,0,1,1,2,2,3,18,127,223,251,252,253,253,253,253,252,250,247,229,223,217,147,147,0,0,1,2,1,1,0,13,107,216,249,251,252,253,253,253,252,253,252,250,244,229,191,72,0,0,3,2,0,1,1,13,104,226,246,251,253,254,253,252,251,252,251,244,235,215,178,1,0,0,2,2,1,1,1,12,112,202,244,252,254,254,253,252,251,251,243,214,115,160,71,0,0,0,0,0,1,0,0,8,90,210,244,253,253,254,253,251,246,237,224,173,46,15,12,2,0,0,0,0,0,0,1,7,31,191,246,251,251,251,251,247,219,138,142,85,19,4,3,1,0,0,0,0,0,0,0,3,75,185,244,251,249,244,227,216,171,64,18,11,7,3,0,0,0,0,0,0,0,0,0,4,20,129,230,250,248,223,148,110,84,27,3,0,3,0,1,0,0,0,0,0,0,0,0,0,15,112,217,240,229,181,79,17,9,7,3,0,2,0,1,0,0,0,0,0,0,0,0,1,11,107,219,207,143,77,29,3,0,2,2,0,3,2,0,0,0,0,0,0,0,0,1,2,5,44,176,126,40,10,3,1,0,0,0,0,3,1,0,0,0,0,0,0,0,0,0,1,1,11,43,30,9,2,0,0,0,0,0,0,0,0,0,0,0,0,0,0,0,0,0,0,2,3,7,7,4,3,0,0,0,0,0,0,0,0,0,0,0,0,0,0,0,0,0,0,0,0,3,3,0,0,0,0,0,0,0,0,0,0,0,0,0,0,0,0,0,0,0,0,0,0,0,0,0,0,0,0,0,0,0,0,0,0,0,0,0,0,0,0,0,0,0,0,0,0,0,0,0,0,0,0,0,0,0,0,0,0,0,0,0
0,0,0,5,2,0,2,10,1,2,2,0,0,0,0,0,0,0,0,0,0,0,0,0,0,0,1,1,2,2,2,1,1,1,1,1,1,1,1,0,0,0,0,0,0,0,0,0,0,0,1,4,5,7,8,8,3,2,1,0,0,0,0,1,1,1,1,0,0,2,1,0,0,0,2,5,8,42,76,24,12,11,7,4,1,1,1,0,0,0,1,1,1,7,4,4,0,0,0,6,20,110,216,101,91,91,81,20,10,10,7,4,1,1,2,1,1,4,2,2,0,0,2,10,101,226,236,241,235,235,225,101,91,91,81,20,10,10,8,6,5,2,2,0,0,0,1,14,109,234,253,254,255,255,248,241,235,235,225,101,91,91,81,22,12,8,4,2,0,0,1,13,111,236,254,253,254,254,254,255,255,255,248,241,235,235,225,101,86,42,8,5,0,0,4,23,121,243,254,254,255,255,254,254,254,254,255,255,255,255,247,239,220,101,11,7,0,0,9,102,227,249,255,255,255,255,255,255,255,255,254,254,254,254,253,249,235,110,13,2,0,0,13,111,237,255,255,255,255,255,255,255,255,255,255,255,255,255,252,248,224,100,10,5,0,0,13,111,237,255,255,255,255,255,255,255,255,255,255,255,255,255,254,242,120,23,6,0,0,4,23,121,243,255,255,255,255,255,255,255,255,255,255,255,255,255,255,237,111,13,1,0,0,9,102,227,249,255,255,255,255,255,255,255,255,255,255,255,255,255,255,237,111,13,0,0,0,13,111,237,255,255,255,255,255,255,255,255,255,255,255,255,255,255,249,227,102,9,0,0,2,13,111,237,255,255,255,255,255,255,255,255,255,255,255,255,255,255,243,121,23,4,0,0,4,23,119,241,254,255,255,255,255,255,255,255,255,255,255,255,255,255,237,111,13,0,0,0,2,100,225,245,253,254,254,254,254,255,255,255,255,255,255,255,255,255,237,111,13,0,0,0,2,107,228,242,247,251,255,255,255,254,254,254,254,255,255,255,255,249,227,102,9,0,0,0,5,72,155,164,173,236,246,246,249,252,255,255,255,254,254,253,254,242,121,23,4,0,0,0,3,12,20,22,31,154,164,164,174,236,246,246,249,252,254,253,251,235,110,14,2,0,0,0,0,3,7,4,9,14,20,20,30,154,164,164,174,236,245,244,245,232,110,14,3,0,0,0,0,0,0,0,0,1,1,1,8,13,20,20,30,154,164,164,170,212,100,10,2,0,0,0,0,0,0,0,0,0,0,0,0,2,2,2,2,1,1,2,5,73,2,4,2,0,0,0,3
0,0,0,0,0,0,0,0,0,3,7,2,0,4,4,0,0,0,0,0,0,0,0,0,0,0,0,0,0,0,0,0,1,1,12,109,167,111,20,6,8,8,1,0,0,0,0,0,0,0,0,0,0,0,0,1,2,8,24,160,230,195,100,12,2,1,0,0,0,0,0,0,0,1,0,0,0,0,0,1,2,15,104,204,240,229,155,22,4,0,0,0,0,0,0,0,0,3,0,0,0,1,1,3,9,26,177,238,245,241,196,86,11,0,0,0,0,0,0,0,0,0,1,1,1,2,4,18,62,99,211,250,254,251,235,169,18,0,0,0,0,0,0,0,0,0,0,5,3,0,4,52,195,225,244,252,252,252,249,197,27,2,0,0,1,1,0,0,0,0,1,1,3,10,24,76,220,241,251,250,248,250,252,234,69,16,2,1,3,3,1,1,5,2,1,1,6,59,169,225,242,249,253,253,252,251,251,242,206,41,6,5,5,2,2,3,3,3,1,2,15,90,222,248,249,253,254,254,254,253,253,250,198,57,5,1,1,1,0,0,2,1,2,8,64,166,239,252,249,253,254,255,255,254,252,252,229,71,13,2,3,5,1,0,3,0,4,16,110,229,249,252,251,252,254,255,254,253,252,253,244,179,67,13,4,3,2,4,0,2,11,60,160,244,253,254,253,252,254,255,254,253,251,253,252,237,159,61,8,3,3,2,0,8,45,157,238,251,255,254,251,253,254,254,254,253,251,254,254,244,222,107,15,5,4,0,0,30,145,224,249,253,253,254,252,254,254,252,253,253,253,254,254,246,238,153,53,9,3,0,146,161,222,236,249,248,249,251,254,255,255,254,254,253,252,254,253,253,244,218,133,34,2,2,61,183,207,211,210,214,215,223,245,253,253,253,253,253,253,251,253,250,236,219,149,19,3,0,4,70,79,80,79,80,81,92,209,221,222,223,224,223,230,246,251,252,250,231,153,29,7,0,3,7,9,9,9,10,10,19,74,84,85,85,85,85,94,213,221,229,233,220,188,126,8,0,5,3,4,3,1,2,2,4,6,9,9,9,9,9,19,78,85,89,90,87,80,59,9,0,0,4,5,4,1,0,1,0,1,1,1,1,1,1,5,8,10,10,11,11,11,8,5,0,0,1,2,2,2,0,1,1,0,0,0,0,1,1,2,3,1,1,2,3,4,7,3,0,2,4,3,1,1,0,0,0,1,1,1,1,1,2,2,5,2,2,1,1,3,6,3,0,0,0,0,0,0,0,0,0,1,1,1,0,0,0,3,2,1,0,3,4,0,0,6,0,0
0,0,0,0,0,0,0,0,0,0,0,0,0,0,0,0,0,0,0,0,0,0,0,0,0,0,0,0,3,0,1,0,3,0,0,0,0,0,0,0,0,0,0,0,0,0,0,0,0,0,1,0,1,2,2,1,3,2,1,0,0,0,0,0,0,0,0,2,1,0,0,0,0,0,4,2,1,6,3,4,9,7,4,2,1,1,1,0,0,0,1,1,9,1,1,1,0,1,3,5,3,5,10,39,50,51,45,19,8,6,5,3,1,1,2,3,3,1,0,5,0,3,5,3,2,10,60,145,177,179,172,93,63,61,55,21,9,8,7,7,2,2,0,4,0,0,0,0,2,14,136,228,243,247,241,207,189,187,180,101,76,75,69,24,5,2,4,1,0,0,0,0,1,16,130,237,252,254,252,251,249,248,243,212,199,197,188,98,18,3,5,0,0,0,0,0,2,21,122,241,253,254,254,254,254,254,252,251,250,249,239,197,36,4,2,5,0,0,0,0,5,69,198,247,254,254,254,254,254,254,254,254,254,253,251,225,47,6,1,9,0,0,0,0,6,75,229,253,255,255,255,255,255,255,254,254,254,254,245,216,41,5,0,0,0,0,0,0,7,63,231,255,255,255,255,255,255,255,255,255,255,254,237,71,15,1,0,0,0,0,0,0,14,89,238,255,255,255,255,255,255,255,255,255,255,255,229,66,5,0,0,0,0,0,0,0,22,214,246,255,255,255,255,255,255,255,255,255,255,251,225,64,5,0,0,0,0,0,0,0,27,206,251,255,255,255,255,255,255,255,255,255,255,243,150,38,3,0,0,0,0,0,0,0,25,189,249,255,255,255,255,255,255,255,255,255,255,236,92,13,1,0,0,0,0,0,0,6,31,181,249,255,255,255,255,255,255,255,255,255,254,232,91,9,0,0,0,0,0,0,1,11,129,230,251,254,254,254,255,255,255,255,255,255,248,209,77,6,0,0,0,0,0,0,1,16,121,235,251,253,254,254,254,254,254,254,255,254,242,125,21,3,0,0,0,0,0,0,1,9,95,225,247,254,255,255,254,254,254,254,254,253,238,122,15,0,0,0,0,0,0,0,0,4,24,113,219,225,232,242,252,255,255,254,253,248,227,119,11,1,0,0,0,0,0,0,0,0,5,14,24,29,36,159,222,225,225,225,224,218,145,21,7,1,0,3,0,0,0,0,0,0,0,0,0,0,6,16,26,29,29,29,29,25,16,6,0,0,0,0,0,0,0,0,0,0,0,0,0,0,0,0,0,0,0,0,0,0,0,0,0,0,0,0,0,0,3
0,0,0,0,0,0,0,0,0,0,0,0,0,0,0,0,0,0,0,0,0,0,0,0,0,0,0,0,0,0,0,0,0,0,2,2,1,2,2,0,1,4,0,0,0,0,0,0,0,0,0,0,0,0,0,0,0,1,2,1,1,1,1,0,1,6,2,3,3,0,1,0,0,0,0,0,0,0,0,0,0,0,0,0,0,2,6,0,4,4,5,2,4,4,11,22,0,0,0,0,0,0,0,0,1,0,0,2,2,4,2,1,1,3,2,5,10,21,63,133,0,0,1,0,0,1,0,0,1,1,2,3,4,2,4,6,5,7,24,46,62,96,173,230,0,0,3,0,0,4,3,0,0,2,2,2,3,6,6,10,24,39,101,173,188,225,240,253,0,0,0,0,3,4,8,3,0,2,2,4,10,20,35,66,123,143,205,237,238,232,220,236,0,2,4,3,2,5,3,3,2,5,9,20,65,146,162,212,233,238,229,213,192,139,101,87,5,3,2,4,5,5,9,11,20,39,87,105,188,229,232,237,230,217,164,109,82,33,15,6,2,3,1,4,6,11,32,117,123,195,229,234,235,227,211,167,126,102,56,24,15,5,2,0,1,4,14,22,54,64,161,213,223,242,244,234,206,173,116,50,20,11,9,6,3,2,3,0,4,22,83,173,181,226,234,231,228,205,190,140,109,87,31,9,5,4,2,3,3,3,2,0,118,113,194,238,241,240,229,211,151,90,68,27,22,17,6,3,2,1,0,2,3,1,0,0,234,215,233,221,212,171,140,122,51,14,7,5,2,4,6,6,3,0,1,2,1,0,0,0,244,229,186,114,105,45,37,33,10,2,1,3,2,0,1,1,0,0,0,0,2,2,0,0,165,159,79,21,17,10,6,5,4,4,3,2,1,0,0,0,0,0,1,2,3,3,0,0,42,53,12,6,2,3,4,1,3,4,1,1,1,0,0,0,0,0,0,0,0,0,0,0,0,5,5,2,5,3,4,4,0,0,0,0,1,0,0,0,0,0,0,0,0,0,0,0,2,4,1,7,3,1,0,0,0,1,1,1,0,0,0,0,0,0,0,0,0,0,0,0,0,0,1,5,3,0,0,1,2,2,2,1,0,0,0,0,0,0,0,0,0,0,0,0,0,0,0,0,0,0,0,0,0,1,1,1,0,0,0,0,0,0,0,0,0,0,0,0,0,0,0,0,0,0,0,0,0,0,0,0,0,0,0,0,0,0,0,0,0,0,0,0,0,0,0,0,0,0,0,0,0,0,0,0,0,0,0,0,0,0,0,0,0,0,0,0,2
0,0,0,1,3,2,1,2,2,1,3,5,3,0,0,0,0,0,0,0,0,0,0,0,0,0,0,0,1,2,1,2,6,4,2,4,6,5,2,2,2,1,0,0,0,0,0,0,0,0,0,0,1,2,3,7,8,9,10,9,8,5,2,2,3,2,2,2,0,0,0,0,0,0,0,3,5,7,11,16,45,45,36,81,50,13,8,5,4,4,4,3,1,0,0,0,0,0,1,3,11,37,40,62,129,141,130,165,139,101,45,13,7,4,4,4,3,2,0,0,0,0,3,6,17,79,150,166,211,223,222,222,220,209,131,81,32,9,5,4,4,3,2,0,0,0,8,38,29,104,229,241,247,250,250,251,250,246,223,200,103,39,16,6,4,2,2,0,0,0,9,74,114,181,242,252,253,252,253,254,252,250,250,241,200,109,34,8,2,1,2,0,0,2,15,89,196,240,249,253,254,254,254,254,253,251,253,251,225,195,74,25,8,3,1,0,0,4,47,156,231,250,253,254,255,255,255,255,254,253,254,253,251,241,198,150,33,3,1,0,0,7,54,179,244,251,253,254,255,255,255,255,255,255,254,254,255,253,247,213,47,5,1,0,0,6,90,191,240,251,252,253,255,255,255,255,255,255,255,255,255,254,251,230,71,13,4,0,0,5,26,134,239,252,253,254,255,255,255,255,255,255,255,255,254,254,253,238,168,71,10,0,0,3,11,101,233,252,254,255,255,255,255,255,255,255,255,255,254,252,252,243,205,93,12,0,0,3,6,57,214,248,253,254,255,255,255,255,255,255,255,255,254,252,252,224,118,35,9,0,0,2,4,28,155,221,247,252,254,255,255,255,255,255,255,255,254,254,251,224,151,61,6,0,0,0,1,12,68,142,221,245,253,254,254,254,255,255,255,254,253,252,249,215,112,19,5,0,0,0,1,5,12,43,112,213,247,252,251,252,254,254,254,252,252,250,245,205,92,10,0,0,0,0,3,2,2,10,25,139,215,242,250,253,253,253,253,250,246,244,225,155,57,5,0,0,0,0,0,2,3,1,8,28,72,204,227,240,241,243,247,232,198,194,162,69,11,2,0,0,0,0,0,0,0,2,1,4,18,46,115,170,139,192,179,187,72,38,40,19,3,0,0,0,0,0,0,0,0,0,0,1,2,10,14,31,29,65,39,90,33,8,6,3,0,0,0,0,0,0,0,0,0,0,0,0,0,4,7,3,4,3,7,6,7,3,0,0,0,0,0,0,0,0,0,0,0,0,0,0,0,0,0,0,0,0,0,0,0,0,0,0,0,0,0,0,1
0,0,0,0,0,0,0,0,0,0,0,0,0,0,0,0,0,0,0,0,0,0,0,0,0,0,3,1,1,2,4,0,1,0,0,0,0,0,0,0,0,0,2,2,0,2,0,0,0,0,1,1,1,2,5,2,1,0,0,0,0,0,0,1,1,1,3,4,1,1,0,0,0,0,2,6,13,24,29,28,21,14,9,11,12,13,10,5,1,2,3,1,1,1,0,0,0,0,0,5,64,185,221,222,185,84,88,97,106,115,116,29,22,25,25,20,11,4,0,0,0,0,1,9,74,202,246,251,245,239,234,235,237,238,231,174,175,183,188,154,57,8,0,0,0,0,1,12,76,204,250,253,254,254,254,254,254,254,251,248,246,246,239,199,78,9,1,0,0,0,2,33,132,227,252,255,254,254,254,254,254,254,254,254,254,252,243,190,69,7,2,0,0,0,4,51,174,243,254,255,255,255,255,255,255,255,255,255,255,254,240,112,18,3,0,0,0,0,4,52,175,246,255,255,255,255,255,255,255,255,255,255,255,255,237,114,13,0,0,0,0,0,4,51,173,245,255,255,255,255,255,255,255,255,255,255,255,255,239,125,19,1,0,0,0,0,4,50,170,245,255,255,255,255,255,255,255,255,255,255,255,255,240,136,29,2,0,0,0,0,6,52,172,246,255,255,255,255,255,255,255,255,255,255,255,255,242,147,38,3,0,0,0,2,17,90,199,248,254,254,254,255,255,255,255,255,255,255,255,252,237,150,41,3,0,0,0,4,31,142,235,250,254,254,254,254,254,254,254,254,254,255,254,249,193,86,19,2,0,0,0,5,28,135,222,231,232,238,245,252,254,254,254,254,254,253,253,246,183,68,9,1,0,0,0,3,14,51,80,81,79,83,190,228,229,229,229,230,237,246,251,243,192,75,10,1,0,0,0,1,4,7,11,12,9,15,43,57,58,55,54,53,78,218,226,221,181,71,6,0,0,0,0,1,0,1,2,1,0,1,3,5,5,4,4,5,15,33,40,38,32,16,7,5,1,0,0,1,1,4,5,1,1,1,0,0,0,0,0,0,1,2,5,8,4,3,2,0,0,0,0,2,0,1,2,0,0,0,0,0,0,0,0,0,0,0,1,1,1,0,0,1,1,0,0,0,0,0,0,0,0,0,0,0,0,0,0,0,0,1,1,8,4,1,1,2,4,0,0,0,0,0,0,0,0,0,0,0,0,0,0,0,0,0,0,0,0,0,0,0,0,0,0,0,0,0,0,0,0,0,0,0,0,0,0,0,0,0,0,0,0,0,0,0,0,0,3
0,0,0,0,0,0,0,0,0,0,0,0,1,1,0,1,0,0,0,0,0,0,0,0,0,0,0,0,0,0,3,43,96,57,16,6,2,1,1,0,0,0,0,0,0,0,0,0,0,0,0,0,0,1,8,58,164,168,129,52,15,9,3,1,0,0,0,0,0,0,0,0,0,0,0,0,0,2,11,100,205,231,233,172,149,51,39,12,4,2,0,0,0,0,0,0,0,0,0,1,1,2,11,66,184,237,248,243,232,181,156,80,55,15,6,3,0,0,1,0,0,0,0,0,0,3,16,66,152,236,251,252,250,244,229,200,162,102,58,15,8,4,1,0,0,0,0,1,1,3,12,55,161,237,251,253,253,252,250,245,230,189,137,120,56,11,4,0,0,0,1,1,2,2,12,52,164,240,252,253,253,253,253,252,250,239,227,186,143,73,26,0,0,0,0,2,1,2,4,42,167,243,252,253,252,254,253,253,253,253,249,240,227,182,136,0,0,1,2,3,2,1,2,34,165,242,253,253,253,254,254,254,253,252,253,252,248,237,202,0,0,0,1,1,2,3,6,29,157,238,252,252,254,254,254,254,253,252,253,252,249,238,206,0,0,0,0,0,2,2,3,41,167,240,252,253,254,254,254,251,252,252,250,235,212,192,162,161,0,0,0,0,0,0,1,23,167,237,250,252,253,254,253,251,247,246,237,193,121,89,78,67,0,0,0,0,0,0,1,19,159,208,250,251,252,252,251,248,239,218,176,120,53,14,9,0,0,0,0,0,0,0,0,19,145,226,247,252,249,249,243,225,193,154,77,19,7,4,1,0,0,0,0,0,0,0,0,19,160,202,247,251,247,242,221,164,92,68,43,4,0,0,0,0,0,0,0,0,0,0,4,27,129,226,242,242,219,182,149,74,41,9,5,2,1,0,0,0,0,0,0,0,0,2,6,59,103,221,226,207,152,42,25,11,5,2,0,1,0,0,0,0,0,0,0,0,0,5,6,18,95,199,163,102,71,17,2,0,1,1,1,1,0,0,0,0,0,0,0,0,0,2,6,8,38,121,83,17,9,4,0,0,0,0,0,1,0,0,0,0,0,0,0,0,0,5,6,6,7,10,10,5,1,0,0,0,0,0,0,0,0,0,0,0,0,0,0,0,0,0,1,1,1,1,2,3,2,0,0,0,0,0,0,0,0,0,0,0,0,0,0,0,0,0,0,1,2,2,2,1,1,0,0,0,0,0,0,0,0,0,0,0,0,0,0,0,0,0,0,0,0,0,0,0,0,0,0,0,0,0,0,0,0,0,0,0,0
0,0,0,0,0,0,0,0,0,0,0,0,0,0,0,0,0,2,2,0,0,0,0,0,0,0,0,0,0,0,0,0,0,0,2,2,4,3,2,2,4,5,2,1,1,0,0,0,0,0,0,0,0,0,0,2,0,2,1,4,3,1,1,2,3,4,3,2,1,0,0,0,0,0,1,0,0,2,4,2,3,2,2,3,6,9,7,3,2,4,5,1,0,0,0,0,0,0,1,1,2,3,2,1,14,25,44,29,35,85,46,13,7,7,5,4,3,0,0,0,0,0,2,1,3,9,17,27,41,192,213,116,128,208,148,67,53,52,6,1,2,1,0,0,0,1,2,1,4,38,139,219,233,241,245,242,242,243,230,194,165,83,16,5,2,1,0,0,0,2,0,1,13,84,230,250,253,249,253,254,254,254,251,247,233,185,82,8,1,0,0,0,0,2,1,7,36,160,242,254,252,251,253,254,254,255,254,252,246,211,111,29,5,3,2,0,0,2,1,15,141,232,249,253,254,253,254,255,255,254,254,253,251,241,199,88,9,5,3,0,0,3,11,31,166,246,253,254,255,255,255,255,255,255,254,252,251,248,210,100,11,3,2,0,0,6,15,136,230,248,253,254,255,255,255,255,255,255,255,254,253,242,189,83,12,2,0,0,0,1,18,148,235,249,251,254,255,255,255,255,255,255,255,254,252,235,153,59,13,3,2,1,0,0,17,140,233,251,253,254,255,255,255,255,255,255,255,254,253,245,211,100,12,4,3,2,0,0,16,129,228,249,253,254,255,255,255,255,255,255,254,254,253,240,177,70,12,3,2,4,0,0,9,76,181,237,251,253,252,255,255,255,254,254,254,251,253,233,84,19,7,2,2,4,0,0,3,13,77,182,243,252,254,254,255,254,253,253,253,251,246,222,61,10,4,1,2,1,0,0,0,4,24,140,236,253,254,254,253,253,250,251,250,240,181,128,49,9,2,2,2,0,0,0,1,4,17,119,213,234,241,244,249,246,242,242,235,170,66,20,13,5,2,2,3,1,0,0,0,2,11,29,40,133,135,199,196,188,167,156,139,56,13,5,4,1,0,0,0,0,0,0,0,0,2,4,9,13,19,24,40,55,25,22,19,12,7,3,2,1,0,0,0,0,0,0,0,1,2,1,1,1,2,5,9,7,5,5,4,3,3,2,1,0,0,0,0,0,0,0,0,1,4,2,1,1,3,2,3,3,4,2,3,2,0,0,0,0,0,0,0,0,0,0,0,0,0,0,0,2,2,2,3,0,0,0,0,0,0,0,0,0,0,0,0,0,1
0,0,0,0,0,0,0,0,0,0,0,0,0,0,0,0,0,1,1,0,0,4,0,0,0,0,0,0,0,0,1,1,1,1,1,0,0,0,0,1,2,2,1,1,0,2,6,7,2,0,0,1,2,3,2,0,0,0,0,0,0,0,0,0,2,3,1,1,2,4,5,1,2,1,0,4,4,5,2,1,1,1,1,1,1,1,1,3,5,7,9,11,14,13,9,4,3,1,1,2,4,6,6,9,11,13,14,16,18,20,25,39,53,68,81,99,107,105,64,2,1,2,5,16,35,50,63,76,90,103,118,133,148,163,177,183,189,195,203,212,198,141,46,0,4,2,5,79,144,172,184,192,200,207,215,223,231,238,243,245,245,245,245,238,207,104,17,0,0,3,7,38,134,210,234,242,244,246,248,250,252,252,252,252,252,252,245,222,155,49,7,0,0,2,3,12,91,190,237,250,252,253,253,253,253,253,253,253,252,249,234,172,69,15,3,0,0,1,1,5,33,116,201,241,252,253,253,253,253,253,251,251,252,244,211,102,20,6,0,0,0,1,2,2,7,39,128,218,248,251,252,253,253,253,252,252,249,231,161,48,7,3,0,0,0,3,1,1,2,10,71,173,233,249,251,253,254,253,252,251,238,181,76,14,5,1,2,0,0,2,2,2,2,4,28,110,206,243,251,253,254,253,252,247,212,103,19,3,3,0,1,0,0,1,1,2,2,2,8,57,154,223,247,253,253,252,250,231,159,48,8,1,0,2,1,0,0,1,2,0,1,2,3,18,91,195,238,250,250,251,238,180,72,13,4,2,1,2,0,0,0,1,4,2,0,3,1,6,47,137,214,245,251,247,212,100,16,3,0,1,0,1,0,0,0,2,2,2,0,0,0,3,9,52,148,232,248,234,165,52,5,0,0,0,0,0,0,0,0,1,0,0,0,0,0,0,1,11,85,194,234,205,92,13,1,0,0,0,0,0,0,0,0,0,0,0,0,0,0,0,0,5,25,116,209,149,44,5,0,0,0,0,0,0,0,0,0,0,0,0,0,0,0,0,0,0,8,61,102,51,11,4,0,0,0,0,0,0,0,0,0,0,0,0,0,0,0,0,0,1,4,7,10,10,5,0,0,0,0,0,0,0,0,0,0,0,0,0,0,0,0,0,0,0,1,2,2,1,3,1,0,0,0,0,0,0,0,0,0,0,0,0,0,0,0,0,0,1,1,1,1,2,0,0,0,0,0,0,0,0,0,0,0,0,0,0,0,0,0,0,0,0,0,0,0,0,0,0,0,0,0,0,0,0,0,0,0
0,0,0,0,0,7,4,4,3,2,2,3,3,7,0,1,0,0,0,0,0,0,0,0,0,0,0,0,1,3,9,9,8,6,16,68,22,22,22,14,9,6,0,0,0,0,0,0,0,0,0,0,0,3,2,12,30,64,76,179,116,111,96,124,20,9,4,0,0,0,0,0,0,0,0,1,4,4,13,34,172,190,231,238,239,193,191,153,140,30,13,7,3,0,0,0,0,1,7,3,6,12,30,184,237,249,252,252,251,249,243,243,232,151,126,14,3,1,1,0,0,1,9,2,14,88,113,203,250,254,254,254,254,254,254,252,249,241,178,29,10,11,8,4,0,1,1,10,31,193,219,245,251,254,255,255,254,254,251,250,254,249,194,109,63,9,5,2,0,1,4,18,187,236,250,253,252,254,255,255,255,254,254,253,253,251,244,180,29,10,4,1,0,0,12,39,207,251,253,254,255,255,255,255,255,255,255,254,252,251,252,224,62,7,1,2,0,7,24,192,238,251,251,253,255,255,255,255,255,255,255,255,254,254,252,227,52,20,5,3,5,5,114,202,248,252,253,254,255,255,255,255,255,255,255,255,255,254,251,223,154,19,2,0,0,7,28,209,243,251,252,255,255,255,255,255,255,255,255,255,255,254,248,190,35,10,8,1,4,2,26,153,236,251,254,255,255,255,255,255,255,255,255,255,254,252,241,177,26,4,2,0,2,7,23,179,245,253,254,255,255,255,255,255,255,255,255,254,254,252,242,110,26,6,3,1,3,4,26,179,247,252,254,255,255,255,255,255,255,255,254,252,253,251,233,173,18,4,1,3,3,3,52,181,243,254,253,254,254,255,255,255,255,255,254,253,249,249,196,34,9,2,3,1,1,2,17,96,238,253,253,249,253,254,255,255,255,255,254,252,246,205,177,16,1,8,2,0,2,0,9,99,190,246,254,253,251,254,254,254,255,254,253,245,230,182,26,9,1,1,1,0,2,1,5,17,104,228,246,249,254,254,254,254,254,253,249,218,127,24,9,1,0,3,0,0,0,1,3,5,21,132,154,230,235,236,243,245,248,236,226,170,22,5,2,2,2,1,0,0,0,0,0,1,6,15,29,132,101,121,127,226,187,171,46,20,8,1,3,2,1,0,0,0,0,0,0,0,4,6,8,13,72,25,97,83,65,18,8,2,4,2,1,1,0,0,0,0,0,0,0,0,0,1,3,4,8,11,11,14,9,4,2,7,2,1,1,3,0,0,0,0,0,0,0,0,0,0,0,0,0,0,3,3,3,2,1,5,6,2,0,0,0,0,0,0,1
0,0,0,0,0,0,0,0,2,6,2,2,0,0,0,0,0,0,0,0,0,0,0,0,0,0,0,0,0,1,0,0,1,3,4,1,0,0,0,0,0,0,0,0,0,0,0,0,0,0,0,0,2,5,2,1,2,1,1,0,0,0,0,0,0,0,0,0,0,0,0,0,0,9,16,18,10,3,5,1,5,5,2,0,1,0,0,0,0,0,0,1,0,0,0,0,0,19,194,164,60,16,8,5,2,3,3,2,2,0,0,0,0,1,0,1,1,0,0,0,0,27,215,230,176,130,36,23,10,6,3,2,2,0,1,2,0,1,2,3,0,0,0,0,0,20,177,222,234,233,208,133,85,21,11,6,1,2,4,3,1,2,1,1,1,0,0,0,0,10,69,130,194,222,228,220,188,126,106,36,8,2,3,3,2,3,2,0,0,0,0,0,0,3,14,34,85,126,156,222,238,228,205,133,41,18,12,6,3,1,2,4,1,1,1,0,0,0,2,5,12,32,56,153,203,210,232,216,143,183,86,18,10,6,3,4,2,2,1,0,0,0,1,1,4,5,13,55,89,106,191,223,237,235,195,105,70,21,12,5,2,0,3,0,0,1,1,1,5,1,4,9,12,32,100,137,179,223,230,211,216,148,75,30,6,3,0,0,0,1,0,0,2,4,1,2,4,8,27,32,59,147,179,229,236,226,192,124,43,23,10,0,0,0,0,0,1,1,3,1,4,4,3,4,11,51,76,146,188,220,234,231,203,169,67,0,0,0,0,2,1,2,1,1,3,3,0,1,3,5,13,21,84,122,202,231,243,238,183,0,0,0,0,3,2,2,1,0,2,2,0,1,2,1,2,6,9,31,105,168,199,226,213,0,0,0,0,1,1,0,1,0,0,0,1,1,1,1,3,3,2,6,14,23,58,135,164,0,0,0,0,1,0,0,0,0,0,0,0,1,0,0,4,5,1,3,3,6,11,49,105,0,0,0,0,0,0,0,0,0,0,0,0,0,0,0,2,4,1,4,2,3,7,11,9,0,0,0,0,0,0,0,0,0,0,0,0,0,0,2,1,1,0,0,2,7,4,1,0,0,0,0,0,0,0,0,0,0,0,0,0,0,0,2,2,2,1,0,4,1,3,0,0,0,0,0,0,0,0,0,0,0,0,0,0,0,0,1,2,1,0,1,0,0,0,0,0,0,0,0,0,0,0,0,0,0,0,0,0,0,0,0,0,0,0,0,0,0,0,0,0,0,0,0,0,0,0,0,0,0,0,0,0,0,0,0,0,0,0,0,0,0,0,0,0,0,2
0,0,0,2,2,0,0,0,1,1,1,1,1,1,1,1,2,0,0,0,0,0,0,0,0,0,3,2,3,5,2,1,0,0,0,0,0,0,0,0,0,2,2,10,3,2,2,1,0,6,6,13,20,21,19,13,8,1,1,1,1,1,1,1,2,1,1,3,2,0,2,5,0,4,11,87,146,152,152,142,29,19,19,19,19,19,19,19,13,10,6,1,3,2,1,3,0,3,16,137,230,240,243,234,161,152,152,152,152,152,152,152,142,30,22,18,10,6,4,1,0,4,19,143,239,251,254,251,247,244,244,244,244,244,244,244,234,161,152,140,47,7,3,4,0,8,28,152,245,254,253,255,255,255,255,255,255,255,255,255,250,246,240,223,74,8,3,3,0,13,133,232,250,255,255,254,254,254,254,254,254,254,254,254,254,251,245,220,69,7,2,0,0,18,143,242,255,255,255,255,255,255,255,255,255,255,255,255,254,254,237,88,18,3,0,0,0,18,143,242,255,255,255,255,255,255,255,255,255,255,255,255,255,254,231,79,8,0,0,0,0,18,143,242,255,255,255,255,255,255,255,255,255,255,255,255,255,255,231,79,8,0,0,0,0,18,143,242,255,255,255,255,255,255,255,255,255,255,255,255,255,255,231,79,8,0,0,0,0,18,143,242,255,255,255,255,255,255,255,255,255,255,255,255,255,255,231,79,8,0,0,0,0,18,143,242,255,255,255,255,255,255,255,255,255,255,255,255,255,255,231,79,8,0,0,0,0,18,143,242,254,255,255,255,255,255,255,255,255,255,255,255,255,255,231,79,8,0,0,0,3,27,152,245,254,253,254,255,255,255,255,255,255,255,255,255,255,254,231,79,8,0,0,0,2,133,229,247,254,254,255,254,254,254,254,254,254,254,254,254,254,247,221,69,6,0,0,0,1,137,230,240,243,244,247,251,255,255,255,255,255,255,254,253,251,237,88,19,3,0,0,0,1,87,146,152,152,152,161,234,244,244,244,244,244,244,244,246,247,230,78,10,2,0,0,0,3,13,20,21,19,19,29,142,152,152,152,152,152,152,152,161,230,223,74,8,3,3,5,0,3,2,3,5,2,1,8,13,19,19,19,19,19,19,19,30,143,140,47,7,3,4,7,0,0,2,2,1,0,0,0,1,1,1,1,1,1,1,2,10,16,18,10,6,4,1,0,0,1,7,7,2,2,1,1,0,0,0,0,0,0,0,0,1,6,1,3,2,1,2,0,0,0,0,0,0,0,0,0,1,1,1,1,1,1,1,2,3,0,3,1,0,3,5,0,0,3
0,0,0,0,0,0,0,0,0,1,7,6,1,4,3,3,1,0,0,0,0,0,0,0,0,0,0,0,0,0,1,3,1,4,6,1,2,4,8,5,5,2,5,9,0,0,0,0,0,0,0,0,2,2,7,4,1,4,10,13,30,24,34,108,31,22,15,8,1,0,0,0,0,0,1,0,2,7,7,1,13,21,38,189,71,217,229,227,223,142,147,22,4,1,0,0,1,1,1,1,6,5,9,19,39,216,233,233,243,246,253,251,248,242,171,41,24,12,0,0,0,0,0,1,1,4,17,151,231,245,253,254,254,254,254,254,254,251,237,174,174,26,8,0,0,2,3,3,21,20,45,231,251,254,250,254,255,253,255,255,251,252,251,246,203,177,16,0,5,3,2,8,11,186,225,244,254,254,254,254,255,255,255,255,254,254,254,250,244,195,32,0,2,1,4,9,26,61,244,254,253,255,255,255,255,255,255,255,255,255,255,252,251,207,178,0,4,3,3,14,63,226,245,250,254,255,255,255,255,255,255,255,255,255,254,254,248,234,176,0,1,3,7,24,211,239,253,254,254,255,255,255,255,255,255,255,255,255,254,250,246,177,34,0,2,2,7,22,99,241,254,254,255,255,255,255,255,255,255,255,255,255,254,254,246,217,24,2,1,3,2,9,90,228,251,252,255,255,255,255,255,255,255,255,255,255,254,254,250,150,27,3,2,2,1,14,46,229,251,254,254,254,254,255,255,255,255,255,255,254,252,252,245,214,21,2,8,1,4,8,102,224,248,253,251,254,255,255,255,255,255,254,252,254,254,246,230,108,14,3,0,6,6,8,23,125,243,249,254,253,255,255,255,255,254,253,248,252,255,239,79,22,7,0,0,1,8,1,9,106,224,244,250,252,254,255,254,254,254,252,253,254,245,219,55,5,1,4,0,4,1,1,5,20,114,224,240,245,254,254,253,254,253,253,244,234,213,31,13,4,3,5,0,0,0,0,1,4,17,82,100,229,245,251,242,234,224,221,216,40,21,11,1,2,6,3,0,0,2,3,2,2,4,8,18,66,216,215,205,41,36,32,20,16,6,5,9,1,1,0,0,0,0,0,1,1,3,3,5,12,23,30,25,14,6,1,3,4,3,2,1,0,0,0,0,0,0,3,3,5,3,8,5,3,5,4,3,1,1,3,3,3,2,3,0,0,0,0,0,0,0,0,0,1,5,3,1,7,1,1,2,4,5,2,2,0,0,0,0,0,0,0,0,0,0,0,1,3,2,0,8,1,0,0,5,5,0,0,0,0,0,0,0,0,0,0,1
